pl_name,pl_radj,pl_bmassj,pl_orbper,st_teff
Kepler-1167 b,0.15255598,0.01120000,1.00393373900,4971.00
Kepler-1740 b,0.29647782,0.03470000,8.17240047500,5705.00
Kepler-1581 b,0.07137122,0.00137000,6.28385491000,6022.00
Kepler-644 b,0.28102418,0.03170000,3.17391710300,6747.00
Kepler-1752 b,0.40508631,0.05900000,56.35850143000,5446.00
Kepler-280 c,0.17900000,0.01480000,4.80709100000,5744.00
Kepler-1208 b,0.20697654,0.01890000,11.08507637000,5001.00
Kepler-263 c,0.22000000,0.02100000,47.33277300000,5265.00
Kepler-1101 b,0.22035864,0.02100000,81.31510590000,5614.00
HD 168746 b,0.99300000,0.27000000,6.40400000000,5570.00
K2-19 b,0.62449925,0.10194180,7.92220000000,5322.00
Kepler-560 b,0.15344812,0.01130000,18.47764449000,3556.00
Kepler-150 d,0.24900000,0.02580000,12.56093000000,5560.00
Kepler-498 b,0.27031849,0.02970000,9.61375356000,5744.00
Kepler-817 b,0.80560264,0.18900000,3.99010622900,5861.00
Kepler-937 b,0.33187617,0.04200000,67.66882700000,6095.00
K2-10 b,0.33660509,0.07928807,19.30553000000,5533.00
Kepler-571 b,0.23552502,0.02350000,4.79859938800,5527.00
Kepler-1458 b,0.24623071,0.02530000,47.98727640000,5653.00
K2-335 b,0.19716333,0.01740000,12.28321100000,6222.00
Kepler-1600 c,0.17325974,0.01390000,7.29804992700,5119.00
Kepler-221 d,0.24400000,0.01135833,10.04156000000,5243.00
Kepler-626 b,0.20430012,0.01840000,14.48585199000,5813.00
Kepler-1549 b,0.22928004,0.02240000,214.88654500000,5324.00
K2-62 c,0.17753621,0.01450000,16.19697000000,4455.00
Kepler-1149 b,0.12846820,0.00839000,3.73089898000,5833.00
Kepler-1288 b,0.09991971,0.00459000,2.76122421000,6132.00
Kepler-128 b,0.12677335,0.01192467,15.00000000000,6072.00
Kepler-1245 b,0.12846820,0.00839000,4.35409304000,5306.00
Kepler-1068 b,0.32384691,0.04030000,16.92344113000,5806.00
Kepler-311 c,0.12800000,0.00829000,19.73828600000,5905.00
Kepler-150 e,0.27800000,0.03120000,30.82655700000,5560.00
Kepler-272 c,0.16000000,0.30800000,6.05734200000,5297.00
Kepler-152 c,0.21300000,0.01980000,88.25505500000,5088.00
Kepler-1506 b,0.11776251,0.00724000,14.03291540000,5676.00
CoRoT-3 b,1.01000000,21.66000000,4.25680000000,6740.00
HD 205739 b,1.21000000,1.37000000,279.80000000000,6176.00
NGTS-10 b,1.20500000,2.16200000,0.76689440000,4600.00
HD 224693 b,1.25000000,0.70000000,26.69040000000,5894.00
HD 156279 b,1.12000000,9.43200000,133.40355000000,5453.00
HD 12661 b,1.18000000,2.43000000,262.70862000000,5645.00
2MASS J12073346-3932539 b,1.15000000,5.00000000,,2825.00
HD 16417 b,0.44600000,0.06960000,17.24000000000,5841.00
HD 19994 b,1.21000000,1.37000000,466.20000000000,6188.00
HD 156279 c,1.11000000,9.75000000,4818.25358000000,5453.00
GJ 179 b,1.23000000,0.95000000,2288.00000000000,3370.00
GQ Lup b,3.00000000,20.00000000,,4360.00
GJ 832 b,1.23000000,0.99000000,3853.00000000000,3472.00
HD 37605 b,1.18000000,2.69000000,55.01292000000,5329.00
HD 33283 b,1.12000000,0.32900000,18.19910000000,5935.00
HD 9446 b,1.25000000,0.70000000,30.05200000000,5793.00
HD 134987 c,1.24000000,0.82000000,5000.00000000000,5585.00
HD 110014 b,1.11000000,11.09000000,835.47700000000,4445.00
HD 79498 b,1.22000000,1.34000000,1807.00000000000,5748.00
HD 45652 b,1.28000000,0.43300000,44.07300000000,5294.00
HIP 79431 b,1.19000000,2.10000000,111.70000000000,3191.00
HD 3167 b,0.14898768,0.01563737,0.95964100000,5261.00
GJ 876 b,1.19000000,2.27560000,61.11660000000,3293.74
HD 114783 c,1.20000000,1.90000000,4352.00000000000,5135.00
HD 47186 c,1.16000000,0.35061000,1353.60000000000,5657.00
HD 114783 b,1.23000000,1.10000000,493.70000000000,5135.00
HD 148156 b,1.24000000,0.85000000,1027.00000000000,6308.00
HD 12661 c,1.18000000,2.83000000,1708.00000000000,5748.00
HIP 14810 c,1.22000000,1.31000000,147.74700000000,5544.00
HIP 14810 b,1.16000000,3.90000000,6.67389200000,5544.00
GJ 876 d,0.22400000,0.02100000,1.93778000000,3293.74
GJ 876 e,0.35000000,0.04600000,124.26000000000,3293.74
gam1 Leo b,1.12000000,8.78000000,428.50000000000,4330.00
HD 156411 b,1.25000000,0.74000000,842.20000000000,5900.00
HD 8535 b,1.25000000,0.68000000,1313.00000000000,6136.00
HD 37605 c,1.17000000,3.19000000,2720.00000000000,5329.00
HD 1605 c,1.16000000,3.62000000,2149.00000000000,4915.00
BD+20 2457 b,1.08000000,21.42000000,379.63000000000,4137.00
HD 240210 b,1.14000000,5.21000000,501.75000000000,4297.00
CoRoT-17 b,1.02000000,2.43000000,3.76810000000,5740.00
HD 132563 b,1.21000000,1.49000000,1544.00000000000,6289.00
HD 55696 b,1.16000000,4.27000000,1827.00000000000,6012.00
HD 148164 b,1.22000000,1.23000000,328.55000000000,6032.00
24 Sex c,1.24000000,0.86000000,883.00000000000,5098.00
HD 22781 b,1.10000000,13.65000000,528.07000000000,5027.00
HD 68988 b,1.20000000,1.97000000,6.27711000000,5932.00
HD 148164 c,1.15000000,5.16000000,5062.00000000000,6032.00
HD 29985 b,1.14000000,5.47300000,20608.14049000000,4678.00
HD 3167 c,0.26764253,0.03501890,29.84540000000,5261.00
HD 90156 b,0.39500000,0.05700000,49.77000000000,5599.00
HD 45350 b,1.20000000,1.79000000,963.60000000000,5566.00
MOA-2009-BLG-266L b,0.28600000,0.03270000,2800.00000000000,
Kepler-595 c,0.09001695,0.01038291,12.38602000000,5138.50
Kepler-595 b,0.33080560,0.05474625,25.30290920000,5138.50
HD 177830 c,0.70200000,0.15000000,110.90000000000,4949.00
OGLE-TR-111 b,1.01900000,0.55000000,4.01444630000,5040.00
PSR B1257+12 b,0.03020000,0.00006293,25.26200000000,
PSR B1257+12 d,0.16100000,0.01227071,98.21140000000,
MOA-2007-BLG-192L b,0.14600000,0.01000000,,
CoRoT-18 b,1.31000000,3.47000000,1.90006930000,5440.00
Kepler-45 b,0.96000000,0.50500000,2.45523900000,3820.00
WASP-23 b,0.96200000,0.88400000,2.94442560000,5150.00
HD 107148 b,0.85600000,0.21000000,48.05600000000,5797.00
SWEEPS-11 b,1.13000000,9.70000000,1.79600000000,
OGLE-TR-211 b,1.36000000,1.03000000,3.67724000000,6325.00
Lupus-TR-3 b,0.89000000,0.81000000,3.91405000000,5000.00
OGLE-2005-BLG-390L b,0.19700000,0.01700000,3285.00000000000,
HN Peg b,1.05066000,21.99870000,,6186.00
MOA-2009-BLG-387L b,1.18000000,2.60000000,1980.00000000000,
GJ 674 b,0.29700000,0.03500000,4.69380000000,3600.00
CoRoT-11 b,1.43000000,2.33000000,2.99433000000,6440.00
2MASS J04414489+2301513 b,1.13000000,7.50000000,,2936.00
GJ 3634 b,0.25300000,0.02600000,2.64561000000,3517.00
CoRoT-13 b,0.88500000,1.30800000,4.03519000000,5945.00
OGLE-TR-10 b,1.25000000,0.62000000,3.10127800000,5950.00
HD 27442 b,1.21000000,1.56000000,428.10000000000,4846.00
GJ 3021 b,1.17000000,3.37000000,133.71000000000,5540.00
HD 221416 b,0.83600000,0.19000000,14.27670000000,5080.00
CoRoT-8 b,0.57000000,0.22000000,6.21229000000,5080.00
Kepler-18 c,0.49000000,0.05400000,7.64159000000,5345.00
Kepler-18 b,0.17800000,0.02200000,3.50472500000,5345.00
HD 46375 b,0.89400000,0.22600000,3.02357300000,5285.00
HD 136352 d,0.22856672,0.02775082,107.24500000000,5664.00
HD 221287 b,1.17000000,3.09000000,456.10000000000,6304.00
HD 33564 b,1.12000000,9.10000000,388.00000000000,6250.00
HD 189733 b,1.13000000,1.13000000,2.21857567000,5052.00
OGLE2-TR-L9 b,1.61000000,4.50000000,2.48553350000,6933.00
Kepler-4 b,0.35700000,0.07700000,3.21346000000,5857.00
WASP-38 b,1.23000000,3.44000000,6.87188000000,6180.00
HAT-P-13 c,1.10000000,14.28000000,446.27000000000,5653.00
Kepler-18 d,0.62300000,0.05200000,14.85888000000,5345.00
HAT-P-37 b,1.17800000,1.16900000,2.79743600000,5500.00
HD 129445 b,1.18000000,2.51000000,1840.00000000000,5646.00
Kepler-419 c,1.13000000,7.30000000,675.47000000000,6430.00
HD 70573 b,1.14000000,6.10000000,851.80000000000,5737.00
HD 47536 b,1.13000000,7.32000000,712.13000000000,4380.00
WASP-67 b,1.15000000,0.43000000,4.61442000000,5200.00
CoRoT-14 b,1.09000000,7.60000000,1.51214000000,6035.00
HD 102365 b,0.36900000,0.05000000,122.10000000000,5630.00
MOA-2008-BLG-310L b,0.46200000,0.07360000,,
Kepler-419 b,0.96000000,2.50000000,69.75460000000,6430.00
HD 24040 b,1.15000000,5.00000000,3668.00000000000,5802.00
HD 11964 c,0.48000000,0.07880000,37.91000000000,5303.00
CoRoT-6 b,1.16600000,2.96000000,8.88659300000,6090.00
WASP-31 b,1.54900000,0.47800000,3.40590960000,6302.00
HD 108236 f,0.17994469,0.01490000,29.54115000000,5660.00
Kepler-59 c,0.17700000,0.01198760,17.98012350000,6074.00
Kepler-58 c,0.25500000,0.16675665,15.57415680000,5843.00
HD 154857 c,1.18000000,2.58000000,3452.00000000000,5605.00
KOI-217 b,1.11000000,,3.90512000000,5545.00
Kepler-51 c,0.80300000,0.01300000,85.31200000000,6018.00
BD-210397 c,1.15000000,4.80000000,6240.00000000000,4051.00
Kepler-62 c,0.04800000,0.01300000,12.44170000000,4925.00
Kepler-62 b,0.11700000,0.03000000,5.71493200000,4925.00
CHXR 73 b,1.10000000,12.56900000,,3099.00
FU Tau b,1.09000000,16.00000000,,2838.00
GJ 667 C b,0.20100000,0.01789000,7.20300000000,3350.00
HD 168443 c,1.09000000,17.30600000,1753.10960000000,5491.00
Kepler-59 b,0.09800000,0.01290004,11.86817070000,6074.00
Kepler-53 b,0.25800000,0.34924506,18.64895250000,5858.00
HD 82943 c,1.20000000,1.95900000,220.07800000000,5935.00
HD 82943 b,1.20000000,1.68100000,441.47000000000,5935.00
UZ For b,,6.30000000,5840.00000000000,5286.90
Kepler-69 b,0.20000000,0.01780000,13.72234100000,5638.00
HIP 5158 c,1.09000000,15.04000000,9017.76000000000,4813.00
HU Aqr AB b,1.14000000,5.90000000,2390.00000000000,5952.00
Kepler-37 e,0.03300925,0.02548545,51.19600000000,5288.00
Kepler-65 d,0.13600000,0.01300000,8.13123000000,6211.00
Kepler-52 c,0.16400000,0.14284437,16.38500210000,4075.00
Kepler-55 b,0.21700000,0.13500000,27.94814490000,4362.00
UZ For c,,7.70000000,1916.25000000000,5286.90
Kepler-413 b,0.38800000,0.21100000,66.26200000000,4700.00
WASP-14 b,1.38000000,8.84000000,2.24375000000,6475.00
HAT-P-2 b,0.95100000,9.02000000,5.63351580000,6380.00
HAT-P-42 b,1.28000000,1.04400000,4.64187800000,5743.00
WASP-59 b,0.77500000,0.86300000,7.91958500000,4650.00
HAT-P-39 b,1.57100000,0.59900000,3.54387000000,6430.00
alf Ari b,1.20000000,1.80000000,380.80000000000,4553.00
KOI-55 b,0.06770000,0.00140000,0.24010400000,27730.00
GJ 536 b,0.21500000,0.02004226,8.70874000000,3641.00
HAT-P-7 b,1.51000000,1.84000000,2.20474000000,6389.00
WTS-2 b,1.36300000,1.12000000,1.01870680000,5000.00
KELT-6 c,1.16000000,3.71000000,1276.00000000000,6272.00
KOI-55 c,0.07730000,0.00210000,0.34288700000,27730.00
Ross 458 c,1.25000000,6.00000000,,3965.42
Kepler-38 b,0.38400000,0.38400000,105.59900000000,5623.00
Kepler-30 d,0.78500000,0.07300000,143.34394000000,5498.00
ROXs 42 B b,1.12000000,9.00000000,,3433.00
HD 217107 c,1.15000000,4.50000000,4270.00000000000,5575.00
HD 27894 b,1.26000000,0.61900000,18.01939000000,4875.00
Kepler-50 c,0.19400000,0.02580009,9.37647000000,6225.00
HD 233604 b,1.13000000,6.57500000,192.00000000000,4791.00
WD 0806-661 b,1.12000000,8.00000000,,9552.00
Kepler-63 b,0.54500000,0.37800000,9.43415050000,5576.00
Kepler-77 b,0.96000000,0.43000000,3.57878087000,5520.00
HAT-P-44 c,1.16000000,4.00000000,872.20000000000,5295.00
HATS-5 b,0.91200000,0.23700000,4.76338700000,5304.00
HD 10180 d,,10.37000000,16.35700000000,5911.00
WTS-1 b,1.49000000,4.01000000,3.35205700000,6250.00
HD 11506 d,1.10000000,12.80000000,26500.00000000000,6123.00
CoRoT-26 b,1.26000000,0.52000000,4.20474000000,5590.00
CoRoT-25 b,1.08000000,0.27000000,4.86069000000,6040.00
Kepler-186 b,0.09500000,0.00390000,3.88679070000,3788.00
91 Aqr b,1.17000000,3.20000000,181.40000000000,4665.00
GJ 163 b,0.29000000,0.03335116,8.63182000000,3500.00
Kepler-27 c,0.43700000,13.80000000,31.33090000000,5400.00
Kepler-27 b,0.35700000,9.11000000,15.33480000000,5400.00
HD 215497 c,1.16000000,0.35000000,566.00000000000,5113.00
BD-06 1339 b,,4.79200000,3.87280000000,4324.00
Kepler-186 d,0.12500000,0.00800000,13.34299600000,3788.00
Kepler-11 d,0.27800000,0.02300000,22.68450000000,5663.00
Kepler-11 b,0.16100000,0.00600000,10.30390000000,5663.00
Kepler-31 c,0.47300000,4.70000000,42.63180000000,6340.00
Kepler-32 c,0.17800000,0.50000000,8.75220000000,3900.00
Kepler-1735 b,0.10654772,0.00578000,7.71792984000,3975.00
HD 66141 b,1.14000000,6.00000000,480.50000000000,4323.00
HD 208527 b,1.11000000,9.90000000,875.50000000000,4035.00
MOA-bin-1L b,1.16000000,3.70000000,,
GU Psc b,1.26500000,11.30000000,,4031.81
GJ 163 c,0.22300000,0.02139509,25.63058000000,3500.00
GJ 163 d,0.52800000,0.09250228,603.95116000000,3500.00
Kepler-32 d,0.24087787,0.12556744,22.78020000000,3900.00
Kepler-31 d,0.34793470,6.80000000,87.64510000000,6340.00
HAT-P-45 b,1.42600000,0.89200000,3.12899200000,6330.00
HAT-P-44 b,1.24200000,0.35200000,4.30121900000,5295.00
MOA-2010-BLG-073L b,1.11000000,11.00000000,,
HAT-P-27 b,1.02000000,0.62000000,3.03957700000,5316.00
DENIS-P J082303.1-491201 b,1.06000000,28.50000000,246.36000000000,
HIP 63242 b,1.12000000,9.18000000,124.60000000000,4830.00
Kepler-31 b,0.49100000,0.11560263,20.86130000000,6340.00
Kepler-32 f,0.07315550,3.04953232,0.74296000000,3900.00
HD 66428 c,1.20000000,1.76400000,10478.84437000000,5716.00
Kepler-424 c,1.13000000,6.97000000,223.30000000000,5460.00
KMT-2023-BLG-1896L b,0.37400000,0.05144285,,
HD 190984 b,1.16000000,3.58000000,4885.00000000000,5988.00
Kepler-134 c,0.11200000,0.00669000,10.10578500000,5983.00
Kepler-210 b,0.26200000,0.02820000,2.45323400000,4559.00
Kepler-422 b,1.15000000,0.43000000,7.89144830000,5972.00
Kepler-426 b,1.09000000,0.34000000,3.21751883000,5725.00
Kepler-16 b,0.75380000,0.33300000,228.77600000000,4450.00
KOI-94 d,1.00500000,0.33400000,22.34298900000,6182.00
KOI-94 b,0.15300000,0.03300000,3.74320800000,6182.00
Kepler-35 b,0.72800000,0.12700000,131.45800000000,5606.00
HD 103774 b,1.19000000,0.36700000,5.88810000000,6489.00
HD 109271 b,0.38500000,0.05400000,7.85430000000,5783.00
Kepler-415 c,0.17932050,0.01480000,8.70800000000,4362.00
HD 50554 b,1.14000000,5.85000000,1293.00000000000,5987.00
Kepler-428 b,1.08000000,1.27000000,3.52563254000,5150.00
Kepler-425 b,0.97800000,0.25000000,3.79701816000,5170.00
WASP-70 A b,1.16400000,0.59000000,3.71302030000,5763.00
KOI-94 e,0.58500000,0.11000000,54.32031000000,6182.00
Kepler-396 c,0.47300000,0.05600000,88.50500000000,5656.00
MOA-2010-BLG-477L b,1.21000000,1.50000000,,5950.00
HD 183263 b,1.17000000,3.47100000,624.87404000000,5948.00
HD 166724 b,1.16000000,3.80000000,5144.00000000000,5127.00
Kepler-122 f,0.15600000,0.11300000,56.26800000000,5917.00
Kepler-96 b,0.23800000,0.02700000,16.23850000000,5690.00
KOI-13 b,1.51200000,9.28000000,1.76358800000,7650.00
Kepler-17 b,1.31000000,2.45000000,1.48571080000,5781.00
TOI-7510 d,0.93900000,0.59700000,48.86446800000,5720.00
CoRoT-23 b,1.05000000,2.80000000,3.63130000000,5900.00
BD+20 274 b,1.16000000,4.20000000,578.20000000000,4296.00
HD 219415 b,1.23000000,1.00000000,2093.30000000000,4820.00
HD 150706 b,1.18000000,2.43000000,5894.00000000000,5961.00
OGLE-2011-BLG-0251L b,1.27000000,0.53000000,,
Kepler-414 c,0.26900000,0.09400000,7.17100000000,5536.00
HD 3167 e,0.25300000,0.02646082,96.63000000000,5261.00
Kepler-42 c,0.06500000,0.18984143,0.45328509000,3068.00
Kepler-33 c,0.28500000,0.00122707,13.17562000000,5904.00
Kepler-641 b,0.16504595,0.01280000,9.48961571000,5713.00
Kepler-410 A b,0.25300000,0.02650000,17.83364800000,6273.00
Kepler-314 c,0.25900000,0.02750000,5.96039200000,5378.00
HD 168863 b,1.13000000,6.78000000,14773.93272000000,4905.00
HD 89839 b,1.15000000,5.01000000,3441.00000000000,6314.00
Kepler-415 b,0.10800000,0.37700000,4.17600000000,4362.00
Kepler-338 e,0.13900000,0.02700000,9.34100000000,5999.00
Kepler-33 e,0.35900000,0.01752509,31.78440000000,5904.00
Kepler-33 b,0.15500000,0.01160000,5.66793000000,5904.00
Kepler-46 c,1.21000000,0.37600000,57.01100000000,5155.00
Kepler-318 b,0.42000000,0.06270000,4.66271500000,5746.00
Kepler-314 b,0.07400000,0.00157000,2.46106900000,5378.00
Kepler-46 b,0.80800000,6.00000000,33.60134000000,5155.00
USco CTIO 108 b,1.10000000,14.00000000,,2700.00
Kepler-130 c,0.25900000,0.02750000,27.50868000000,5879.00
Kepler-418 b,1.20000000,1.10000000,86.67856000000,5820.00
Kepler-33 f,0.39790000,0.03020483,41.02902000000,5904.00
Kepler-33 d,0.47700000,0.01230217,21.77596000000,5904.00
HD 155358 c,1.24000000,0.82000000,391.90000000000,5900.00
Kepler-52 b,0.18700000,0.42475750,7.87735650000,4075.00
Kepler-58 b,0.24800000,0.11169549,10.21849540000,5843.00
HD 183263 c,1.12000000,9.31000000,4667.97841000000,5948.00
HD 187123 b,1.27000000,0.52300000,3.09658280000,5790.00
V0391 Peg b,1.17000000,3.20000000,1170.00000000000,29300.00
Kepler-62 e,0.14400000,0.11300000,122.38740000000,4925.00
HD 197037 b,1.24000000,0.79000000,1035.70000000000,6150.00
CFBDSIR J145829+101343 b,1.11000000,10.50000000,10037.50000000000,580.50
Kepler-269 b,0.22000000,0.02100000,5.32671800000,5847.00
Kepler-300 c,0.20100000,0.01790000,40.71495500000,5986.00
Kepler-149 d,0.35300000,0.04670000,160.01803200000,5381.00
Kepler-124 d,0.09900000,0.00444000,30.95085100000,4984.00
Kepler-276 d,0.25000000,0.05100000,48.64800000000,5693.00
Kepler-114 c,0.14300000,0.00900000,8.04100000000,4660.00
Kepler-297 b,0.25600000,0.15300000,38.87182600000,5619.00
WASP-83 b,1.04000000,0.30000000,4.97125200000,5510.00
WASP-89 b,1.04000000,5.90000000,3.35642270000,5130.00
Kepler-402 c,0.13900000,0.00961000,6.12482100000,6090.00
Kepler-157 b,0.11800000,0.00724000,1.73234200000,5774.00
HATS-6 b,0.99800000,0.31900000,3.32527250000,3724.00
Kepler-450 c,0.23374074,0.03932920,15.41313500000,6197.21
Kepler-81 c,0.21100000,0.01400000,12.04000000000,4385.00
Kepler-412 b,1.34100000,0.94100000,1.72086040000,5750.00
Kepler-92 b,0.31300000,0.20200000,13.74900000000,5883.00
Kepler-288 c,0.25400000,0.02670000,19.30577200000,5918.00
Kepler-295 b,0.10900000,0.00624000,12.64516400000,5603.00
Kepler-178 d,0.35200000,0.04650000,96.67898800000,5676.00
Kepler-44 b,1.09000000,1.00000000,3.24672930000,5800.00
Kepler-41 b,1.29000000,0.56000000,1.85555820000,5750.00
Kepler-450 d,0.07467214,0.05537552,7.51464000000,6197.21
POTS-1 b,0.94100000,2.31000000,3.16062960000,4400.00
Kepler-350 d,0.25000000,0.04700000,26.13600000000,6492.30
Kepler-238 f,0.17800000,0.04200000,50.44700000000,5800.00
Kepler-287 c,0.29100000,0.20765922,44.85189600000,5806.00
Kepler-285 b,0.12000000,0.00742000,2.63386700000,5411.00
Kepler-181 b,0.11300000,0.00678000,3.13787300000,5333.00
Kepler-1398 c,0.09189045,0.00340000,4.13827595000,6126.00
RR Cae b,1.16000000,4.20000000,4343.50000000000,3904.00
WASP-24 b,1.38000000,1.24000000,2.34121000000,6075.00
WASP-21 b,1.07000000,0.30000000,4.32248200000,5800.00
LHS 3844 b,0.11624587,0.00708000,0.46292913000,3036.00
TOI-237 b,0.12846820,0.00839000,5.43609800000,3212.00
K2-237 b,1.43300000,1.36600000,2.18053332000,6180.00
Kepler-284 b,0.20000000,0.01780000,12.69914900000,5615.00
Kepler-654 b,0.18467303,0.01550000,13.72465129000,5865.00
Kepler-199 c,0.29000000,0.03340000,67.09340800000,5644.00
Kepler-214 b,0.23300000,0.02300000,15.66054400000,6169.00
Kepler-87 b,1.20400000,1.02000000,114.73635000000,5600.00
Kepler-75 b,1.05000000,10.10000000,8.88491160000,5200.00
Kepler-74 b,0.96000000,0.63000000,7.34071100000,6000.00
Kepler-145 c,0.38500000,0.25000000,42.88200000000,6022.00
Kepler-328 b,0.20500000,0.09000000,34.92100000000,6064.00
Kepler-115 c,0.23200000,0.02290000,8.99088900000,5979.00
Kepler-341 c,0.15200000,0.01110000,8.01041000000,6012.00
Kepler-225 b,0.10700000,0.00588000,6.73897500000,3682.00
Kepler-871 b,0.33366045,0.04240000,22.04590180000,5993.00
Kepler-56 c,0.87400000,0.57000000,21.40239000000,4840.00
XO-5 b,1.14000000,1.19000000,4.18775580000,5430.00
Kepler-447 b,1.65000000,1.37000000,7.79430132000,5493.00
Kepler-216 b,0.21000000,0.01930000,7.69364100000,6091.00
Kepler-259 c,0.24100000,0.02440000,36.92493100000,5938.00
Kepler-293 b,0.27400000,0.03030000,19.25419600000,5804.00
Kepler-291 b,0.19300000,0.01670000,3.54651100000,6002.00
Kepler-242 c,0.17800000,0.01470000,14.49648100000,5020.00
Kepler-240 b,0.12200000,0.00771000,4.14449500000,4985.00
Kepler-56 b,0.58100000,0.07000000,10.50160000000,4840.00
WASP-16 b,1.22000000,1.24000000,3.11860000000,5700.00
WASP-17 b,1.87000000,0.78000000,3.73543000000,6550.00
WASP-18 b,1.24000000,10.20000000,0.94145223000,6432.00
HAT-P-54 b,0.94400000,0.76000000,3.79984700000,4390.00
TrES-5 b,1.19400000,1.79000000,1.48224686000,5171.00
Kepler-148 c,0.32100000,0.03980000,4.18004300000,5272.00
Kepler-179 b,0.14600000,0.01050000,2.73592600000,5302.00
Kepler-303 b,0.07900000,0.00201000,1.93705500000,3944.00
Kepler-260 b,0.17900000,0.01480000,8.18739900000,5250.00
Kepler-226 b,0.13800000,0.07600000,3.94099700000,5571.00
WASP-19 b,1.41500000,1.15400000,0.78883852000,5616.00
WASP-26 b,1.21000000,0.85000000,2.75660000000,6034.00
WASP-29 b,0.77000000,0.23000000,3.92273000000,4800.00
WASP-33 b,1.59300000,2.09300000,1.21987000000,7430.00
HATS-14 b,1.03900000,1.07100000,2.76676410000,5346.00
HD 95086 b,1.15000000,5.00000000,,7595.00
Kepler-165 c,0.19900000,0.01760000,15.31299000000,5211.00
Kepler-197 d,0.10900000,0.00624000,15.67756300000,6004.00
Kepler-125 b,0.21100000,0.01950000,4.16438900000,3810.00
Kepler-306 c,0.21000000,0.01930000,7.24019300000,4954.00
KOI-351 e,0.23700000,0.02380000,91.93913000000,6080.00
KOI-351 c,0.10600000,0.00570000,8.71937500000,6080.00
Kepler-222 c,0.41400000,0.06120000,10.08881000000,5433.00
Kepler-184 d,0.22200000,0.02130000,29.02235800000,5788.00
Kepler-309 b,0.13900000,0.00961000,5.92365300000,4713.00
Kepler-696 b,0.54777411,0.09840000,4.19042557500,5903.00
Kepler-11 f,0.22200000,0.00600000,46.68880000000,5663.00
Kepler-11 e,0.37400000,0.02500000,31.99960000000,5663.00
Kepler-11 g,0.29700000,0.07900000,118.38070000000,5663.00
Kepler-166 c,0.21200000,0.01970000,34.26028100000,5413.00
Kepler-275 b,0.20900000,0.01910000,10.30068200000,6165.00
Kepler-1298 b,0.11687037,0.00714000,7.12811928000,6339.00
Kepler-11 c,0.25600000,0.00900000,13.02410000000,5663.00
WASP-57 b,1.05000000,0.64400000,2.83891856000,5600.00
HAT-P-50 b,1.28800000,1.35000000,3.12201090000,6280.00
MOA-2008-BLG-379L b,1.16000000,4.10000000,,
HD 13908 b,1.24000000,0.86500000,19.38200000000,6255.00
Kepler-108 b,0.77200000,0.17600000,49.18392100000,5854.00
Kepler-264 b,0.29700000,0.03480000,40.80623100000,6158.00
Kepler-279 b,0.32300000,13.15467689,12.30968100000,6363.00
Kepler-286 c,0.12200000,0.00771000,3.46809500000,5580.00
GJ 667 C c,0.15800000,0.01200000,28.14000000000,3350.00
HD 13908 c,1.15000000,5.13000000,931.00000000000,6255.00
HD 159243 b,1.22000000,1.13000000,12.62000000000,6123.00
Kepler-261 b,0.19400000,0.01700000,10.38122700000,5098.00
HIP 57274 c,1.27000000,0.40902369,32.03000000000,4640.00
Kepler-292 d,0.19900000,0.01760000,7.05567900000,5299.00
GJ 667 C f,0.12900000,0.00800000,39.02600000000,3350.00
HD 73526 c,1.19000000,2.25000000,379.10000000000,5601.00
HD 106906 b,1.11000000,11.00000000,,6516.00
Kepler-119 b,0.32100000,0.03980000,2.42208200000,5595.00
HD 220074 b,1.09000000,16.64000000,672.09998000000,3787.00
Kepler-297 c,0.58300000,0.13200000,74.92013700000,5619.00
Kepler-343 b,0.21500000,0.02010000,8.96855000000,5807.00
Kepler-282 d,0.21900000,0.19200000,24.80600000000,5656.00
Kepler-158 b,0.18900000,0.01620000,16.70918400000,4623.00
Kepler-273 b,0.13400000,0.00899000,2.93653200000,5626.00
Kepler-677 b,0.47997145,0.07860000,6.57531678000,5723.00
Kepler-306 b,0.13600000,0.00920000,4.64618600000,4954.00
Kepler-267 d,0.20300000,0.01820000,28.46451500000,4258.00
DP Leo b,1.14000000,6.28000000,10220.00000000000,13500.00
HAT-P-19 b,1.00800000,0.27700000,4.00878322000,4962.00
HAT-P-34 b,1.19700000,3.33000000,5.45265400000,6442.00
WASP-11 b,1.11000000,0.79000000,3.72247000000,4800.00
WASP-37 b,1.16000000,1.80000000,3.57746900000,5800.00
WASP-90 b,1.63000000,0.63000000,3.91624300000,6430.00
K2-26 b,0.23820145,0.02390000,14.56650000000,3785.00
Kepler-276 c,0.25900000,0.05200000,31.88400000000,5693.00
Kepler-305 b,0.32100000,0.03300000,5.48700000000,5080.00
Kepler-266 b,0.22100000,0.02110000,6.61833000000,5885.00
Kepler-121 c,0.20300000,0.01820000,41.00801100000,5311.00
Kepler-338 d,0.26800000,0.02920000,44.43101400000,5923.00
2MASS J01225093-2439505 b,1.00000000,24.50000000,,3530.00
WASP-52 b,1.27000000,0.46000000,1.74977980000,5000.00
WASP-75 b,1.27000000,1.07000000,2.48419300000,6100.00
WASP-135 b,1.30000000,1.90000000,1.40137940000,5675.00
HD 222237 b,1.15000000,5.19000000,14892.00000000000,4751.00
Kepler-126 d,0.22300000,0.17175992,100.28313400000,6239.00
Kepler-381 c,0.10000000,0.00459000,13.39163500000,6152.00
Kepler-249 d,0.14000000,0.00972000,15.36845900000,3568.00
Kepler-254 d,0.22300000,0.02140000,18.74647700000,5957.00
SPECULOOS-3 b,0.08716225,0.00281000,0.71912603000,2800.00
Kepler-363 d,0.18300000,0.01530000,11.93212500000,5593.00
Kepler-366 b,0.13000000,0.00859000,3.28195900000,6209.00
Kepler-141 b,0.06200000,0.00080900,3.10767500000,4910.00
Kepler-142 d,0.19300000,0.01670000,41.80911800000,5790.00
Kepler-400 b,0.14700000,0.01060000,9.02438900000,5886.00
Kepler-204 c,0.16000000,0.01210000,25.66059300000,5812.00
WASP-41 c,1.17000000,3.18000000,421.00000000000,5545.00
Kepler-312 c,0.28100000,0.03170000,19.74741200000,6115.00
Kepler-286 d,0.11900000,0.00733000,5.91432300000,5580.00
Kepler-91 b,1.36700000,0.81000000,6.24658000000,4550.00
HR 8799 b,1.20000000,7.00000000,170000.00000000000,7204.58
HR 8799 d,1.20000000,10.00000000,37000.00000000000,7204.58
HR 8799 e,1.17000000,10.00000000,20815.60000000000,7400.00
TOI-4495 b,0.22151880,0.02422691,2.56699000000,6210.00
HD 176986 d,0.22200000,0.02126934,61.37600000000,4931.00
Kepler-354 b,0.16400000,0.01270000,5.47666000000,4648.00
Kepler-368 b,0.29100000,0.03360000,26.84768000000,5502.00
Kepler-135 b,0.16100000,0.01240000,6.00253000000,6090.00
Kepler-383 b,0.11800000,0.00724000,12.90453200000,4710.00
HAT-P-66 b,1.59000000,0.78300000,2.97208600000,6002.00
WASP-118 b,1.44000000,0.51400000,4.04604350000,6410.00
WASP-7 b,1.33000000,0.96000000,4.95464160000,6400.00
XO-4 b,1.25000000,1.42000000,4.12508000000,6397.00
KELT-2 A b,1.35000000,1.70000000,4.11379000000,6327.00
K2-30 b,1.03900000,0.57900000,4.09850300000,5425.00
WASP-101 b,1.43000000,0.51000000,3.58572000000,6380.00
Kepler-104 c,0.27900000,0.02247458,23.66820500000,5711.00
Kepler-369 c,0.12600000,0.00809000,14.87157200000,3591.00
Kepler-371 b,0.16900000,0.01330000,34.76327800000,5666.00
Kepler-147 b,0.13600000,0.00930000,12.61058400000,6012.00
Kepler-132 d,0.13800000,0.00951000,18.01019900000,6003.00
Kepler-208 c,0.12400000,0.00790000,7.46662300000,6092.00
Kepler-487 c,0.23909359,0.02410000,38.65199760000,5444.00
Kepler-316 c,0.10300000,0.00521000,6.82776600000,4204.00
Kepler-313 b,0.22600000,0.02180000,14.97041800000,5727.00
Kepler-372 c,0.18600000,0.01580000,20.05376300000,6509.00
Kepler-373 b,0.12100000,0.00761000,5.53530900000,5787.00
HD 176986 c,,6.60100000,16.81240000000,4931.00
Kepler-151 c,0.18600000,0.01580000,24.67461200000,5460.00
Kepler-386 c,0.14100000,0.00982000,25.19345800000,5178.00
Kepler-215 c,0.15800000,0.01190000,14.66710800000,5739.00
Kepler-404 b,0.11300000,0.00678000,11.82985100000,5654.00
HD 3167 d,0.17100000,0.01362370,8.41120000000,5261.00
Kepler-317 b,0.18600000,0.34500000,5.52424200000,5497.00
Kepler-319 c,0.23500000,0.02330000,6.94135700000,5526.00
Kepler-375 c,0.23600000,0.02360000,19.98632600000,5826.00
Kepler-356 c,0.16100000,0.01240000,13.12163200000,6133.00
Kepler-387 b,0.09200000,0.00340000,6.79163600000,5774.00
Kepler-388 b,0.07200000,0.00144000,3.17331500000,4498.00
Kepler-224 e,0.17600000,0.01430000,18.64357700000,5018.00
Kepler-226 d,0.10900000,0.00624000,8.10904400000,5571.00
Kepler-348 b,0.13600000,0.00920000,7.05677000000,6177.00
Kepler-338 b,0.21800000,0.09600000,13.72697600000,5923.00
Kepler-376 c,0.16000000,0.01210000,14.17232700000,5900.00
Kepler-377 c,0.18400000,0.01540000,27.01497600000,5949.00
Kepler-389 b,0.13500000,0.00909000,3.24410700000,5376.00
Kepler-118 b,0.17500000,0.01420000,7.51849600000,5274.00
Kepler-123 c,0.13200000,0.00879000,26.69507400000,6089.00
Kepler-243 c,0.17800000,0.01450000,20.02621800000,5228.00
GJ 3470 b,0.40770809,0.04373407,3.33664960000,3600.00
Kepler-379 c,0.20400000,0.01840000,62.78469700000,6054.00
Kepler-112 c,0.21400000,0.02000000,28.57426300000,5544.00
Kepler-137 c,0.16800000,0.01320000,18.73575300000,5187.00
Kepler-390 b,0.07300000,0.00150000,6.73808800000,5166.00
HD 221420 b,1.07000000,22.90000000,10090.00000000000,5847.00
Kepler-351 c,0.28500000,0.03500000,57.24809000000,5643.00
Kepler-327 b,0.09900000,0.00444000,2.54957500000,3799.00
Kepler-114 b,0.11200000,0.00342952,5.18854900000,4605.00
Kepler-358 c,0.25400000,0.02670000,83.48836900000,5908.00
Kepler-169 c,0.10800000,0.00606000,6.19546900000,4997.00
Kepler-236 b,0.14000000,0.00972000,8.29561100000,3750.00
Kepler-141 c,0.12600000,0.00809000,7.01060600000,4910.00
Kepler-858 b,0.43447230,0.06640000,76.13602028000,5653.00
Kepler-855 b,0.74493710,0.16600000,7.88663110400,5835.00
Kepler-321 c,0.20700000,0.01890000,13.09392100000,5740.00
Kepler-349 b,0.17000000,0.29700000,5.92977800000,5956.00
Kepler-353 c,0.12300000,0.00780000,8.41089400000,3903.00
Kepler-359 c,0.38400000,0.00912437,57.68802000000,6248.00
Kepler-173 b,0.11500000,0.00696000,4.26374200000,6031.00
K2-29 b,1.19000000,0.73000000,3.25883210000,5358.00
Kepler-180 b,0.13400000,0.00899000,13.81712400000,5731.00
Kepler-244 d,0.20600000,0.04800000,20.05040100000,5554.00
Kepler-254 c,0.19200000,0.01000000,12.41218300000,5957.00
WASP-92 b,1.46100000,0.80500000,2.17467420000,6280.00
HD 108202 b,1.17000000,3.00000000,2990.00000000000,4556.03
Kepler-330 c,0.17400000,0.01400000,15.95538700000,5117.00
Kepler-1243 b,0.15612454,0.01170000,16.83207290000,5667.00
Kepler-360 b,0.14700000,0.01060000,3.28967200000,6053.00
Kepler-49 e,0.13900000,0.00326639,18.59610800000,4252.00
Kepler-140 b,0.14400000,0.01010000,3.25427000000,6077.00
Kepler-122 d,0.19600000,0.01720000,21.58747500000,6050.00
HD 27894 c,0.73500000,0.16200000,36.07000000000,4875.00
Kepler-268 c,0.30200000,0.03570000,83.44639300000,6081.00
Kepler-171 c,0.22800000,0.02230000,11.46346200000,5642.00
HD 154345 b,1.22000000,1.19000000,3341.55884000000,5468.00
HD 181433 b,,5.37600000,9.37430000000,4918.00
Kepler-133 c,0.25300000,0.02660000,31.51758600000,5736.00
Kepler-185 b,0.10400000,0.00537000,1.63290000000,5208.00
HD 68988 c,1.09000000,15.03000000,16000.00000000000,5883.41
Kepler-346 b,0.23700000,0.02380000,6.51112700000,6033.00
Kepler-718 b,1.47738424,,2.05234990500,6191.00
Kepler-720 b,0.75028995,0.16800000,4.70832654200,5618.00
Kepler-1241 b,0.23463288,0.02330000,18.55257010000,5261.00
Kepler-495 b,0.46658935,0.07490000,3.41303622100,5346.00
Kepler-281 b,0.25200000,1.01941800,14.64600800000,5723.00
Kepler-288 b,0.14900000,0.01080000,6.09732600000,5918.00
Kepler-394 b,0.14300000,0.01000000,8.00501300000,6402.00
Kepler-189 b,0.10800000,0.00606000,10.39993100000,5235.00
HD 168443 b,1.13000000,7.62800000,58.11187000000,5491.00
Kepler-148 b,0.16100000,0.01230000,1.72936600000,5272.00
Kepler-178 c,0.25700000,0.02720000,20.55280200000,5676.00
Kepler-686 b,1.08395040,,1.59474546300,5649.00
Kepler-468 b,1.19011509,,38.47875706700,5498.00
Kepler-953 c,0.10616469,0.00570000,9.10967112000,5416.00
Kepler-342 b,0.20100000,0.01790000,15.17031800000,6175.00
Kepler-334 c,0.12800000,0.00829000,12.75800500000,5828.00
Kepler-291 c,0.16800000,0.01320000,5.70078600000,6002.00
Kepler-298 c,0.17200000,0.01380000,22.92881000000,4465.00
Kepler-190 c,0.13000000,0.00859000,3.76302400000,5106.00
Kepler-191 c,0.16600000,0.01300000,17.73850600000,5282.00
BD-08 2823 c,1.11000000,0.33000000,237.60000000000,4746.00
HD 10180 f,0.46800000,0.07520000,122.74400000000,5911.00
Kepler-207 c,0.13400000,0.00899000,3.07157100000,5920.00
Kepler-224 b,0.12400000,0.00790000,3.13292400000,5018.00
HD 16905 b,1.11000000,11.30000000,10256.00000000000,4866.12
Kepler-337 c,0.18300000,0.01530000,9.69320100000,5684.00
Kepler-299 d,0.16600000,0.01300000,15.05478600000,5617.00
Kepler-953 b,0.37559104,0.05190000,88.40655258000,5416.00
Kepler-493 b,1.34980819,,3.00387658100,6457.00
Kepler-303 c,0.10200000,0.00489000,7.06114900000,3944.00
Kepler-137 b,0.13100000,0.00869000,8.43638700000,5187.00
HD 187123 c,1.18000000,2.87000000,3810.00000000000,5790.00
HD 217107 b,1.22000000,1.30000000,7.12682000000,5622.00
Kepler-228 b,0.13600000,0.00930000,2.56654600000,6043.00
Kepler-238 c,0.21300000,0.47988788,6.15555700000,5751.00
HD 62364 c,1.07000000,24.93000000,74839.94555000000,6255.00
Kepler-324 c,0.28100000,0.01950738,51.80561200000,5194.00
Kepler-188 b,0.15000000,0.01090000,2.06189700000,6021.00
Kepler-126 b,0.13600000,0.01294360,10.49571100000,6239.00
GJ 1214 b,0.24382235,0.02646082,1.58040453100,3101.00
Kepler-136 c,0.17800000,0.01450000,16.39923500000,6165.00
Kepler-198 c,0.22000000,0.02100000,49.56741600000,5574.00
Kepler-398 b,0.08300000,0.00236000,4.08142300000,4493.00
Kepler-244 c,0.18300000,0.01530000,9.76729200000,5554.00
Kepler-247 b,0.14600000,0.01050000,3.33616000000,5100.00
BD-210397 b,1.25000000,0.70000000,1891.00000000000,4051.00
Kepler-301 d,0.15600000,0.01170000,13.75124300000,5815.00
Kepler-301 c,0.12000000,0.00752000,5.41902600000,5815.00
Kepler-342 d,0.22200000,0.02130000,39.45935700000,6175.00
Kepler-191 b,0.12000000,0.00742000,9.93963200000,5282.00
Kepler-194 d,0.21400000,0.02000000,52.81497300000,6089.00
Kepler-208 e,0.13200000,0.00879000,16.25945800000,6092.00
Kepler-344 c,0.26300000,0.02830000,125.59680900000,5774.00
Kepler-304 d,0.24500000,0.02520000,9.65347100000,4731.00
Kepler-304 c,0.19400000,0.01680000,5.31594600000,4731.00
Kepler-81 d,0.10800000,0.00606000,20.83784600000,4500.00
Kepler-548 b,1.06967615,,4.45419433800,5535.00
Kepler-723 b,1.08751896,,4.08227506800,5539.00
Kepler-197 e,0.08100000,0.00218000,25.20971500000,6004.00
Kepler-200 c,0.14200000,0.00993000,10.22215700000,5678.00
Kepler-346 c,0.27400000,0.03030000,23.85154900000,6033.00
Kepler-350 b,0.16500000,0.05317335,11.18956200000,6186.00
Kepler-306 e,0.20300000,0.01820000,44.84097500000,4954.00
Kepler-84 e,0.23200000,0.02290000,27.43438900000,6031.00
Kepler-265 e,0.23100000,0.02270000,67.83102400000,5835.00
Kepler-217 c,0.16500000,0.01280000,8.58600400000,6171.00
Kepler-220 d,0.08700000,0.00284000,28.12239700000,4632.00
Kepler-351 b,0.27300000,0.01500000,37.05491900000,5643.00
Kepler-352 b,0.07700000,0.00178000,10.05537000000,5212.00
Kepler-84 d,0.12300000,0.00780000,4.22453700000,6031.00
Kepler-310 d,0.22000000,0.02202435,92.87612500000,5797.00
Kepler-282 b,0.09000000,0.00317000,9.22052400000,5602.00
Kepler-282 c,0.10700000,0.00588000,13.63872300000,5602.00
Kepler-220 e,0.11900000,0.00733000,45.90273300000,4632.00
Kepler-154 c,0.26300000,0.02830000,62.30327600000,5690.00
Kepler-353 b,0.07900000,0.00201000,5.79527800000,3903.00
Kepler-85 e,0.11300000,0.00188780,25.21675100000,5436.00
Kepler-55 e,0.13800000,0.00951000,4.61753400000,4503.00
Kepler-310 b,0.10600000,0.00570000,13.93069800000,5797.00
Kepler-286 e,0.15800000,0.01190000,29.22128900000,5580.00
Kepler-368 c,0.34600000,0.04510000,72.37933400000,5502.00
Kepler-356 b,0.14000000,0.00972000,4.61269600000,6133.00
Kepler-354 d,0.11100000,0.00651000,24.20984200000,4648.00
Kepler-313 c,0.22900000,0.02240000,32.27327300000,5727.00
Kepler-142 b,0.17800000,0.01450000,2.02415200000,5790.00
Kepler-487 b,1.01882416,,15.35876840300,5444.00
Kepler-506 b,0.24355429,0.02490000,6.88340550000,6236.00
Kepler-58 d,0.26200000,0.77193540,40.10137100000,6099.00
Kepler-299 e,0.16700000,0.01310000,38.28548900000,5617.00
Kepler-372 b,0.12100000,0.00761000,6.84969200000,6509.00
Kepler-378 c,0.06200000,0.00085200,28.90600900000,4661.00
Kepler-357 c,0.23800000,0.02390000,16.85837000000,5036.00
Kepler-308 c,0.19300000,0.01670000,15.38231000000,5895.00
Kepler-124 b,0.06500000,0.00099000,3.41049300000,4984.00
Kepler-235 b,0.19900000,0.01760000,3.34022200000,4255.00
Kepler-392 c,0.09800000,0.00430000,10.42311800000,5938.00
Kepler-360 c,0.18700000,0.01590000,7.18643400000,6053.00
Kepler-363 b,0.10300000,0.00521000,3.61456800000,5593.00
Kepler-319 d,0.20400000,0.01840000,31.78192500000,5526.00
Kepler-319 b,0.14500000,0.01040000,4.36270500000,5526.00
Kepler-398 c,0.09000000,0.00317000,11.41941200000,4493.00
Kepler-399 b,0.08600000,0.00264000,14.42528100000,5502.00
Kepler-379 b,0.14800000,0.01070000,20.09838000000,6054.00
Kepler-198 b,0.25200000,0.02630000,17.79003700000,5574.00
Kepler-372 d,0.15100000,0.01100000,30.09256800000,6509.00
Kepler-146 b,0.33100000,0.04180000,31.15879900000,5948.00
Kepler-250 b,0.10100000,0.00474000,4.14814100000,5160.00
Kepler-390 c,0.07000000,0.00131000,13.06002200000,5166.00
Kepler-373 c,0.11100000,0.00651000,16.72594800000,5787.00
Kepler-326 b,0.13600000,0.14000000,2.24832900000,5105.00
Kepler-325 c,0.22700000,0.02200000,12.76217200000,5752.00
Kepler-46 d,0.14600000,0.01050000,6.76658900000,5309.00
Kepler-142 c,0.25500000,0.02690000,4.76170200000,5790.00
Kepler-374 d,0.11700000,0.00714000,5.02821900000,5977.00
Kepler-375 b,0.12900000,0.00849000,12.12593400000,5826.00
Kepler-256 b,0.14200000,0.00993000,1.62049300000,5551.00
Kepler-327 d,0.15400000,0.01150000,13.96945700000,3799.00
Kepler-403 c,0.15600000,0.01170000,54.28074900000,6090.00
Kepler-209 c,0.27700000,0.03080000,41.74988200000,5513.00
Kepler-246 c,0.13400000,0.00899000,11.18716100000,5206.00
Kepler-250 d,0.19400000,0.01700000,17.64831200000,5160.00
Kepler-376 b,0.09500000,0.00390000,4.92019900000,5900.00
Kepler-380 c,0.11300000,0.00678000,7.63000400000,6045.00
Kepler-130 d,0.14600000,0.01050000,87.51790500000,5884.00
Kepler-252 b,0.11000000,0.00642000,6.66839100000,4208.00
Kepler-255 b,0.13800000,0.00951000,5.71460600000,5573.00
Kepler-381 b,0.08800000,0.00295000,5.62902100000,6152.00
Kepler-383 c,0.11100000,0.00651000,31.20075100000,4710.00
Kepler-331 d,0.14600000,0.01050000,32.13432800000,4347.00
Kepler-333 c,0.09900000,0.00444000,24.08821000000,4259.00
HATS-33 b,1.23000000,1.19200000,2.54955510000,5659.00
TOI-3856 b,1.21300000,0.54000000,2.04360352000,5622.00
TOI-5789 e,0.30600000,0.03652915,62.98000000000,5185.00
K2-55 b,0.39521881,0.13843948,2.84927100000,4300.00
K2-60 b,0.68300000,0.42600000,3.00265000000,5500.00
Kepler-405 c,0.41600000,0.06160000,29.72668200000,5818.00
Kepler-256 d,0.22100000,0.02110000,5.83917200000,5551.00
Kepler-258 c,0.32200000,0.03990000,33.65307900000,4942.00
Kepler-387 c,0.07900000,0.00201000,11.83754900000,5774.00
Kepler-334 d,0.12600000,0.00809000,25.09849000000,5828.00
Kepler-336 b,0.09100000,0.00328000,2.02482300000,5867.00
Kepler-149 c,0.14400000,0.01010000,55.32832800000,5381.00
Kepler-393 c,0.11900000,0.00733000,14.61361200000,6189.00
Kepler-292 c,0.13100000,0.00869000,3.71533500000,5299.00
Kepler-337 b,0.13700000,0.00940000,3.29278100000,5684.00
Kepler-338 c,0.20900000,0.01910000,24.31085600000,5923.00
Kepler-164 b,0.12600000,0.00809000,5.03503000000,5888.00
Kepler-169 f,0.23000000,0.02260000,87.09019500000,4997.00
Kepler-265 b,0.16600000,0.01300000,6.84626200000,5835.00
Kepler-269 c,0.15100000,0.01100000,8.12789900000,5847.00
Kepler-395 b,0.09200000,0.00340000,7.05434600000,4262.00
Kepler-298 d,0.22300000,0.02140000,77.47363300000,4465.00
Kepler-339 c,0.10300000,0.02300000,6.98805500000,5631.00
Kepler-339 d,0.10400000,0.04600000,10.55834500000,5631.00
Kepler-171 d,0.16900000,0.01330000,39.59551900000,5642.00
Kepler-174 d,0.19500000,0.01710000,247.35373000000,4880.00
Kepler-272 d,0.20100000,0.01790000,10.93730400000,5297.00
Kepler-206 d,0.10600000,0.00570000,23.44281000000,5764.00
Kepler-122 c,0.52400000,0.09120000,12.46598800000,6050.00
Kepler-251 c,0.24700000,0.02550000,16.51404300000,5526.00
Kepler-234 c,0.31300000,0.03810000,7.21205000000,6224.00
KOI-1257 b,0.94000000,1.45000000,86.64766100000,5520.00
OGLE-2008-BLG-355L b,1.15000000,4.60000000,,
Kepler-200 b,0.19000000,0.01630000,8.59480500000,5678.00
Kepler-188 c,0.28500000,0.03240000,5.99655300000,6021.00
Kepler-252 c,0.19200000,0.01660000,10.84846300000,4208.00
Kepler-158 c,0.17000000,0.01340000,28.55138300000,4623.00
TOI-1272 b,0.36863736,0.08495150,3.31599000000,5065.00
KELT-12 b,1.78000000,0.95000000,5.03162300000,6279.00
TOI-5720 b,0.09724345,0.01352931,1.43445550000,3325.00
Kepler-421 b,0.37100000,0.05080000,704.19840000000,5308.00
Kepler-343 c,0.18000000,0.01490000,23.22182000000,5807.00
Kepler-347 c,0.15600000,0.01170000,27.32087100000,6088.00
Kepler-190 b,0.13900000,0.00961000,2.01999900000,5106.00
Kepler-253 c,0.23600000,0.02360000,10.28195100000,5208.00
Kepler-170 c,0.25500000,0.02690000,16.66586300000,5679.00
Kepler-205 c,0.14600000,0.01050000,20.30654600000,4321.00
KELT-7 b,1.60000000,1.39000000,2.73477000000,6768.00
WASP-76 b,1.85400000,0.89400000,1.80988198000,6329.00
WASP-127 b,1.31100000,0.16470000,4.17806203000,5620.00
TOI-216.02,0.71371342,0.05900000,17.16073000000,5026.00
HATS-59 c,1.10000000,12.70000000,1422.00000000000,5670.00
Kepler-202 b,0.14500000,0.01040000,4.06942700000,4668.00
Kepler-214 c,0.19000000,0.01630000,28.77980000000,6169.00
Kepler-192 b,0.24400000,0.02500000,9.92674600000,5479.00
Kepler-196 c,0.20000000,0.01780000,47.42773700000,5128.00
Kepler-245 d,0.27000000,0.06800000,36.27710800000,5100.00
Kepler-101 c,0.11200000,0.01000000,6.02976000000,5667.00
Kepler-154 b,0.20200000,0.01800000,33.04053200000,5690.00
Kepler-359 d,0.35800000,0.00849511,77.09569100000,6248.00
Kepler-256 c,0.19200000,0.01660000,3.38802000000,5551.00
Kepler-254 b,0.34500000,0.04490000,5.82666200000,5957.00
Kepler-184 c,0.17600000,0.02800000,20.30300500000,5788.00
Kepler-248 b,0.26900000,0.02950000,6.30820500000,5190.00
KIC 10001893 b,,,0.21970000000,27500.00
KIC 10001893 c,,,0.32528000000,27500.00
Kepler-172 b,0.21000000,0.01930000,2.94030900000,5526.00
Kepler-205 b,0.13500000,0.00909000,2.75564000000,4321.00
Kepler-257 c,0.48300000,0.07940000,6.58148400000,5180.00
Kepler-217 b,0.19900000,0.01760000,5.37494300000,6171.00
Kepler-174 c,0.13300000,0.00889000,44.00052900000,4880.00
Kepler-251 d,0.24700000,0.02550000,30.13300100000,5526.00
Kepler-423 b,1.19200000,0.59500000,2.68432850000,5560.00
TOI-561 e,0.22455209,0.03901476,77.14400000000,5342.00
LTT 1445 A b,0.11954700,0.00858954,5.35876350000,3562.00
KELT-11 b,1.35000000,0.20500000,4.73620865000,5375.00
TOI-2537 c,1.13000000,7.23000000,1920.00000000000,4870.00
TOI-1749 b,0.12400771,0.17934206,2.38839000000,3985.00
TOI-3819 b,1.17200000,1.11000000,3.24431410000,5859.00
KIC 10001893 d,,,0.81161000000,27500.00
Kepler-361 b,0.12900000,0.00849000,8.48661600000,6169.00
Kepler-362 b,0.07900000,0.00193000,10.32718600000,5788.00
Kepler-218 c,0.28000000,0.03150000,44.69957600000,5502.00
Kepler-193 b,0.21300000,0.01980000,11.38848000000,6335.00
Kepler-253 d,0.28300000,0.03200000,18.11986900000,5208.00
Kepler-192 c,0.24900000,0.02580000,21.22340000000,5479.00
TOI-2346 b,1.43800000,1.24000000,3.33120290000,6480.00
HIP 113103 b,0.16317273,0.01260000,7.61030300000,4930.00
HD 28109 d,0.27745609,0.01824884,84.28990000000,6189.00
WASP-136 b,1.50000000,1.51000000,5.21536178778,6250.00
TOI-1439 b,0.37851667,0.12113455,27.64400000000,5841.00
K2-415 b,0.09055239,0.02359764,4.01796940000,3173.00
WASP-185 b,1.25000000,0.98000000,9.38755000000,5900.00
Kepler-365 c,0.14600000,0.01050000,17.78412900000,6012.00
Kepler-220 c,0.14000000,0.00972000,9.03419900000,4632.00
Kepler-487 d,0.24758145,0.02560000,2.41839003600,5422.00
TOI-1634 b,0.15817674,0.02381788,0.98934550000,3472.00
K2-266 c,0.06289589,0.00091285,7.81400000000,4285.00
HD 110067 g,0.23258136,0.02642936,54.76992000000,5266.00
TOI-1696 b,0.27567181,0.15354197,2.50031100000,3185.00
Kepler-522 b,0.61646891,0.12000000,38.58422849000,6392.00
K2-199 c,0.25426041,0.03901476,7.37448970000,4491.00
TOI-3688 A b,1.16700000,0.98000000,3.24607500000,5950.00
TOI-1723 b,0.30645070,0.03272206,13.72701264300,5777.00
Kepler-670 b,1.17584084,,2.81650485200,5709.00
Kepler-196 b,0.17000000,0.01340000,20.73988600000,5128.00
Kepler-221 c,0.26100000,0.02926107,5.69058600000,5243.00
Kepler-163 c,0.20200000,0.01800000,21.34726200000,5776.00
Kepler-97 c,,1.08000000,789.00000000000,5779.00
Kepler-407 c,1.10000000,12.60000000,3000.00000000000,5476.00
Kepler-427 b,1.23000000,0.29000000,10.29099400000,5800.00
TOI-5728 b,0.11687057,0.00714000,11.49761000000,3419.00
TOI-1246 c,0.21867273,0.02863180,5.90413700000,5213.00
WASP-148 c,1.24000000,0.39200000,34.52400000000,5555.00
Kepler-207 d,0.29500000,0.03450000,5.86807500000,5920.00
Kepler-245 b,0.22900000,0.46182153,7.49019000000,5100.00
Kepler-208 b,0.14500000,0.01040000,4.22864000000,6092.00
Kepler-246 b,0.20900000,0.01910000,4.60182000000,5206.00
Kepler-179 c,0.17800000,0.01470000,6.40013000000,5302.00
Kepler-226 c,0.20300000,0.14200000,5.34955500000,5571.00
Kepler-113 b,0.16200000,0.03700000,4.75400000000,4725.00
Kepler-48 d,0.18200000,0.02500000,42.89610000000,5194.00
Kepler-199 b,0.27700000,0.03100000,23.63760400000,5644.00
Kepler-237 c,0.18600000,0.01570000,8.10363600000,4861.00
HD 181234 b,1.12000000,9.37900000,7593.40512000000,5386.00
Kepler-247 c,0.36500000,0.04940000,9.43945200000,5100.00
Kepler-161 b,0.18900000,0.00827491,4.92135500000,5078.00
Kepler-153 b,0.26100000,0.02790000,18.87022700000,5404.00
Kepler-106 b,0.07300000,0.01667558,6.16486000000,5858.00
Kepler-100 d,0.14400000,0.00943901,35.33310000000,5825.00
Kepler-274 b,0.13700000,0.00940000,11.63478800000,6023.00
Kepler-312 b,0.11500000,0.00696000,1.77241900000,6115.00
Kepler-211 c,0.11500000,0.05800000,6.04045000000,5123.00
Kepler-212 c,0.24400000,0.02500000,31.80517400000,5852.00
Kepler-228 d,0.36000000,0.04830000,11.09428600000,6043.00
HD 27894 d,1.13000000,6.49300000,5019.54244000000,4875.00
Kepler-230 b,0.38000000,0.05290000,32.62555500000,5588.00
TOI-444 b,0.24712327,0.02550000,17.96360000000,5225.00
TOI-2202 b,0.97700000,0.90400000,11.91260750000,5169.00
Wendelstein-2 b,1.15920000,0.73100000,1.75222390000,4591.00
LTT 3780 c,0.21322189,0.02529667,12.25228400000,3358.00
Kepler-166 b,0.20300000,0.01820000,7.65025400000,5413.00
Kepler-181 c,0.17800000,0.01450000,4.30214900000,5333.00
Kepler-106 d,0.08500000,0.02548532,23.98020000000,5858.00
Kepler-131 c,0.07500000,0.02600000,25.51690000000,5685.00
Kepler-320 b,0.10200000,0.00489000,8.37155400000,6435.00
Kepler-169 e,0.19600000,0.01720000,13.76710200000,4997.00
Kepler-249 c,0.13500000,0.00909000,7.11370200000,3568.00
Kepler-174 b,0.17500000,0.01420000,13.98179000000,4880.00
Kepler-231 c,0.17200000,0.07600000,19.27156600000,3767.00
Kepler-197 c,0.11000000,0.01700000,10.34969500000,6004.00
Kepler-151 b,0.27300000,0.03020000,15.22895800000,5460.00
Kepler-241 b,0.20800000,0.01900000,12.71809200000,4699.00
Kepler-232 b,0.27500000,0.03050000,4.43122200000,5847.00
Kepler-233 b,0.21700000,0.02040000,8.47238200000,5360.00
Kepler-143 b,0.21500000,0.02010000,16.00758300000,5848.00
Kepler-332 d,0.10500000,0.00553000,34.21154000000,4955.00
HIP 9618 b,0.34154589,0.02611472,20.77285800000,5649.00
Kepler-10 b,0.13114484,0.01019418,0.83749070000,5708.00
Kepler-453 b,0.55348381,0.05034138,240.50300000000,5527.00
TOI-1420 b,1.06075658,0.07897343,6.95610630000,5510.00
TOI-6109 b,0.43450873,0.06640000,5.69047600000,5660.00
GJ 367 d,0.20800000,0.01897250,34.36900000000,3522.00
HD 24040 c,0.83400000,0.20100000,515.40000000000,5776.49
KIC 3558849 b,0.61557677,0.12000000,1322.30000000000,6175.00
HD 215152 c,,1.47500000,7.28243000000,4935.00
Kepler-440 b,0.17000000,0.01300000,101.11141000000,4134.00
WASP-154 b,0.96000000,0.62600000,3.81167800000,4774.00
TOI-1221 b,0.25961326,3.50000000,91.68278000000,5592.00
Kepler-490 b,1.03934338,,3.26869515400,6045.00
TOI-5205 b,1.03000000,1.08000000,1.63075700000,3430.00
TOI-1266 d,0.15500000,0.01157857,32.50900000000,3563.00
TOI-1670 b,0.18378121,0.13000000,10.98462000000,6170.00
HATS-66 b,1.41100000,5.33000000,3.14143910000,6626.00
K2-13 b,0.16861451,0.01330000,39.91488000000,5698.00
KIC 8540376 b,0.36577750,0.04960000,31.80990000000,6474.00
KIC 8540376 c,0.21411366,0.02000000,75.20000000000,6474.00
Kepler-436 b,0.24000000,0.02490000,64.00205000000,4651.00
Kepler-186 f,0.10400000,0.00537000,129.94410000000,3755.00
Kepler-441 b,0.15000000,0.01050000,207.24820000000,4340.00
TOI-1224 c,0.25729369,0.02730000,17.94546600000,3326.00
K2-155 c,0.23195646,0.02290000,13.85000000000,4258.00
TOI-712 d,0.22071588,0.02100000,84.83960000000,4622.00
TOI-2088 b,0.32858634,0.11641502,124.72997000000,5081.00
WASP-1 b,1.48300000,0.85400000,2.51994540000,6110.00
KELT-3 b,1.56000000,1.94000000,2.70339000000,6304.00
WASP-107 b,0.94000000,0.09600000,5.72147420000,4425.00
GJ 357 c,0.14800000,0.01069754,9.12470000000,3505.00
Kepler-435 b,1.99000000,0.84000000,8.60015360000,6161.00
Qatar-5 b,1.10700000,4.32000000,2.87923190000,5747.00
TOI-5799 b,0.15460817,0.01150000,4.16450700000,3452.00
WASP-132 d,1.15000000,5.16000000,1816.60000000000,4686.00
HATS-56 b,1.68800000,0.60200000,4.32479900000,6536.00
HD 97658 b,0.18913406,0.02611472,9.48971160000,5212.00
HAT-P-12 b,0.95900000,0.21100000,3.21305980000,4650.00
HAT-P-18 b,0.99500000,0.19700000,5.50802300000,4803.00
HAT-P-33 b,1.85000000,0.92000000,3.47447000000,6446.00
HD 149026 b,0.74000000,0.38000000,2.87589000000,6179.00
TOI-6383 A b,1.00800000,1.04000000,1.79058695000,3444.00
WASP-45 b,0.94600000,0.96400000,3.12608900000,5150.00
WASP-117 b,1.06000000,0.30000000,10.02165000000,6040.00
HATS-16 b,1.30000000,3.27000000,2.68650200000,5738.00
NGTS-21 b,1.33000000,2.36000000,1.54338970000,4660.00
HD 21520 b,0.24061064,0.05569043,25.12920000000,5871.00
TOI-3353.01,0.23765421,0.02390000,4.66579650000,6365.00
K2-14 b,0.42911946,0.06500000,8.36802000000,3789.00
K2-15 b,0.22125078,0.02110000,11.81040000000,5131.00
K2-17 b,0.19894727,0.01760000,17.96753000000,4320.00
KIC 10525077 b,0.49067713,0.08160000,854.08300000000,6091.00
KIC 5437945 b,0.57096976,0.10600000,440.78130000000,6340.00
Kepler-442 b,0.12000000,0.00742000,112.30530000000,4402.00
HD 67087 b,1.17000000,3.06000000,352.20000000000,6330.00
TOI-1411 b,0.10695049,0.00629270,1.45205270000,4115.00
K2-285 c,0.31492551,0.04933455,7.13804800000,4975.00
Kepler-785 b,1.16156660,,1.97376092600,4739.00
HATS-38 b,0.61400000,0.07400000,4.37502100000,5732.00
HD 33844 c,1.20000000,1.75000000,916.00000000000,4861.00
HD 32963 b,1.19000000,2.07000000,2372.00000000000,5727.00
Kepler-437 b,0.19000000,0.01640000,66.65062000000,4551.00
HIP 78530 b,1.07000000,23.00000000,,10500.00
1RXS J160929.1-210524 b,1.66400000,8.00000000,,4060.00
OGLE-2012-BLG-0563L b,1.21000000,0.39000000,,
Kepler-296 c,0.17842805,0.01470000,5.84163660000,3740.00
OGLE-2016-BLG-1266L b,1.10000000,12.00000000,,
TOI-4603 b,1.04200000,12.89000000,7.24599000000,6264.00
Kepler-731 b,1.23829066,,3.85560355100,5849.00
K2-265 b,0.15240000,0.02310000,2.36902000000,5420.00
KMT-2022-BLG-1818L b,1.16000000,4.00000000,,
WASP-2 b,1.08100000,0.93100000,2.15217500000,5180.00
HD 106315 c,0.38808101,0.04782431,21.05704000000,6327.00
WASP-28 b,1.21900000,0.88900000,3.40883495000,6084.00
NGTS-33 b,1.64000000,3.63000000,2.82797200000,7437.00
Kepler-856 b,0.82969043,0.19900000,8.02768059500,5535.00
HD 113538 b,1.18000000,0.36000000,663.20000000000,4462.00
Kepler-79 e,0.31100000,0.01300000,81.06590000000,6174.00
Kepler-79 c,0.33200000,0.01900000,27.40290000000,6174.00
Kepler-296 d,0.18645731,0.01580000,19.85029100000,3740.00
BD+15 2375 b,1.23000000,1.06100000,153.22000000000,4649.00
HD 5583 b,1.14000000,5.78000000,139.35000000000,4830.00
HD 113538 c,1.24000000,0.93000000,1818.00000000000,4462.00
HD 30669 b,1.27000000,0.47000000,1684.00000000000,5400.00
Kepler-79 b,0.31000000,0.03430000,13.48450000000,6174.00
Kepler-296 e,0.13649746,0.00930000,34.14211000000,3740.00
Kepler-296 f,0.16058524,0.01230000,63.33627000000,3740.00
TOI-178 g,0.26220047,0.01384395,20.71663000000,4316.00
WASP-180 A b,1.24000000,0.90000000,3.40926400000,6600.00
TOI-1201 b,0.21545224,0.01975909,2.49198630000,3476.00
TOI-421 b,0.23552543,0.02108056,5.19757600000,5291.00
HD 12484 b,1.17000000,2.98000000,58.83000000000,5920.00
HIP 65407 b,1.28000000,0.42800000,28.12500000000,5460.00
HD 108341 b,1.19000000,2.25000000,1129.00000000000,5122.00
HD 103720 b,1.26000000,0.62000000,4.55570000000,5017.00
HR 2562 b,1.11000000,13.20000000,,6597.00
WASP-195 b,0.92000000,0.10400000,5.05192800000,6300.00
TOI-1789 b,1.44000000,0.70000000,3.20866400000,5991.00
CoRoT-28 b,0.95500000,0.48400000,5.20851000000,5150.00
WASP-98 b,1.14400000,0.92200000,2.96264036000,5473.00
Kepler-10 c,0.21009939,0.03552231,45.29430100000,5708.00
TOI-4087 b,1.16400000,0.73000000,3.17748350000,6060.00
HD 62364 b,1.08000000,18.77000000,5138.00000000000,6255.00
TOI-2019 b,0.47575721,0.10823450,15.34440000000,5626.00
TOI-1798.02,0.13060956,0.01761957,0.43781182200,5165.00
TOI-4600 b,0.60700000,3.02000000,82.68690000000,5170.00
K2-140 b,1.21000000,0.93000000,6.56918800000,5585.00
Kepler-434 b,1.13000000,2.86000000,12.87470990000,5977.00
Kepler-433 b,1.45000000,2.82000000,5.33408384000,6360.00
HATS-43 b,1.18000000,0.26100000,4.38884970000,5099.00
K2-353 b,0.49513869,0.08290000,15.46680500000,5698.00
Kepler-685 b,0.94388438,0.24800000,1.62552220000,5963.00
TOI-1806.01,0.30384891,0.03620000,15.14546930000,3272.00
HIP 41378 e,0.43893376,0.03775622,369.00000000000,6320.00
HD 207897 b,0.20903072,0.04656601,16.20166000000,5106.00
HD 110067 b,0.19627119,0.01790274,9.11367800000,5266.00
TOI-3474 b,1.30900000,0.61000000,3.87951050000,6020.00
TOI-1333 b,1.39600000,2.37000000,4.72021900000,6274.00
HIP 109384 b,1.21000000,1.56000000,499.48000000000,5180.00
HD 220842 b,1.17000000,3.18000000,218.47000000000,5960.00
Kepler-445 d,0.11000000,0.00660000,8.15275000000,3157.00
Kepler-445 c,0.22000000,0.02150000,4.87122900000,3157.00
Kepler-432 b,1.14500000,5.41000000,52.50112900000,4995.00
TOI-5181 A b,1.19100000,1.04000000,3.89222950000,6060.00
HD 20329 b,0.15344839,0.02334593,0.92611800000,5596.00
TOI-260 b,0.15255624,0.01330907,13.47585300000,4026.00
WASP-87 b,1.38500000,2.18000000,1.68279500000,6450.00
Kepler-1624 b,0.50851994,0.08670000,3.29030451800,3636.00
HAT-P-68 b,1.07200000,0.72400000,2.29840551000,4508.00
L 98-59 d,0.14515147,0.00516002,7.45072900000,3415.00
TOI-2141 d,0.35400000,0.04688064,60.45000000000,5635.00
TOI-2497 b,0.99400000,4.82000000,10.65566900000,7360.00
HD 158259 c,0.19900000,0.01761948,3.43200000000,5801.89
TOI-5795 b,0.50138368,0.07444269,6.14063250000,5715.00
HR 858 b,0.17878521,0.01116955,3.58528700000,6354.00
OGLE-2008-BLG-092L b,0.78000000,0.18000000,,
OGLE-2005-BLG-071L b,1.16000000,3.80000000,,
Kepler-445 b,0.14000000,0.00982000,2.98415100000,3157.00
Kepler-446 d,0.12000000,0.00752000,5.14892100000,3359.00
8 UMi b,1.20000000,1.65000000,93.31000000000,4847.00
TOI-1798.01,0.21839631,0.02045129,8.02152233100,5165.00
K2-133 c,0.14301008,0.01010000,4.86784000000,3655.00
HIP 41378 f,0.82077044,0.03775622,542.07975000000,6320.00
OGLE-2006-BLG-109L b,1.25000000,0.72700000,1788.50000000000,
HAT-P-16 b,1.31000000,4.22100000,2.77596727000,6140.00
HAT-P-13 b,1.27200000,0.85100000,2.91625000000,5653.00
2MASS J02192210-3925225 b,1.44000000,13.90000000,,3064.00
AU Mic b,0.35300000,0.06330460,8.46308000000,3678.00
WASP-32 b,0.96000000,2.63000000,2.71866000000,6140.00
TOI-4201 b,1.22000000,2.48000000,3.58191940000,3794.00
HD 118203 c,1.10000000,11.79000000,5103.00000000000,5742.00
TOI-1386 c,0.91800000,0.23660566,232.00000000000,5735.00
NGTS-24 b,1.21400000,0.52000000,3.46787960000,5820.00
WASP-66 b,1.40000000,2.35000000,4.08605000000,6600.00
Qatar-8 b,1.28500000,0.37100000,3.71495000000,5738.00
TOI-1136 e,0.23543622,0.01909836,18.80100000000,5770.00
KELT-18 b,1.57000000,1.18000000,2.87175180000,6670.00
TOI-431 d,0.29351465,0.03114888,12.46103000000,4850.00
HAT-P-22 b,1.15000000,2.47000000,3.21222000000,5302.00
K2-287 b,0.84700000,0.31500000,14.89329100000,5695.00
GJ 341 b,0.07850848,0.01258541,7.57686000000,3770.00
K2-138 b,0.13471318,0.00975364,2.35309000000,5356.30
K2-178 b,0.31741546,0.03900000,8.74781800000,5525.00
Kepler-449 c,0.24658756,0.02540000,33.67270000000,5649.18
CoRoT-1 b,1.49000000,1.03000000,1.50895570000,5950.00
GJ 436 b,0.37200000,0.07000000,2.64388312000,3586.11
HIP 94235 b,0.26764253,1.19246736,7.71305700000,5991.00
TOI-6628 b,0.98000000,0.74000000,18.18424000000,5463.00
TOI-1736 b,0.28385769,0.03870013,7.07307600000,5636.00
TOI-5174 b,0.47738507,0.07790000,12.21428600000,5643.77
Kepler-318 c,0.32800000,0.04130000,11.81500700000,5746.00
K2-330 b,0.24712327,0.02550000,13.77479800000,6232.00
TOI-3235 b,1.01700000,0.66500000,2.59261842000,3388.80
Kepler-431 d,0.10000000,0.00444000,11.92200000000,6004.00
Kepler-431 c,0.06000000,0.00072000,8.70300000000,6004.00
HATS-57 b,1.13900000,3.14700000,2.35062100000,5587.00
WASP-34 b,1.00000000,0.56000000,4.31768000000,5700.00
WASP-3 b,1.42000000,2.43000000,1.84683000000,6400.00
Kepler-449 b,0.18342403,0.01540000,12.58242000000,5649.18
HD 1461 b,0.21600000,0.02026240,5.77152000000,5765.00
HD 1461 c,0.19900000,0.01758802,13.50520000000,5765.00
GJ 3341 b,0.21900000,0.02080000,14.20700000000,3526.00
Kepler-430 c,0.16000000,0.01170000,110.97900000000,5884.00
Kepler-444 b,0.03600000,0.00011800,3.60010530000,5046.00
Kepler-444 c,0.04400000,0.00025000,4.54588410000,5046.00
TOI-4010 d,0.55134362,0.12003332,14.70886000000,4960.00
K2-275 c,0.19716333,0.01740000,8.43883850000,4841.00
WASP-193 b,1.31900000,0.11200000,6.24634750000,6080.00
HD 135694 b,0.25488491,0.01919275,15.92347556800,5712.00
MOA-2011-BLG-262L b,0.38300000,0.05300000,,
HD 40307 d,,5.58600000,20.43200000000,4956.00
HD 87883 b,1.14000000,6.31000000,3006.00000000000,4980.00
TOI-815 c,0.23374115,0.07393927,34.97614500000,4869.00
Kepler-25 d,0.89400000,0.22600000,122.40000000000,6354.00
TOI-3331 A b,1.15800000,2.27000000,2.01802310000,5609.00
TOI-1438 b,0.27121110,0.02957571,5.13967000000,5230.00
K2-132 b,1.30000000,0.49000000,9.17510000000,4840.00
TOI-1470 b,0.19448691,0.02303130,2.52709300000,3709.00
HD 40307 f,0.19000000,0.01640000,51.76000000000,4956.00
Kepler-444 e,0.04900000,0.00031463,7.74349300000,5046.00
Kepler-444 d,0.04700000,0.00062927,6.18939200000,5046.00
Kepler-444 f,0.06600000,0.00104000,9.74048600000,5046.00
HIP 107773 b,1.19000000,1.98000000,144.30000000000,4945.00
TOI-1794 b,0.29414028,0.02737326,8.76552800000,5631.00
K2-174 b,0.23195646,0.02290000,19.56230700000,4455.00
TOI-615 b,1.69300000,0.43500000,4.66159830000,6850.00
HIP 41378 b,0.23151079,0.02167836,15.57208000000,6320.00
OGLE-2005-BLG-169L b,0.34300000,0.04440000,,
K2-133 d,0.17869569,0.01470000,11.02454000000,3655.00
K2-165 b,0.11369762,0.00682000,2.35499200000,5185.00
TOI-1694 c,1.23000000,0.93446650,393.10000000000,5058.00
TOI-2443 b,0.21081310,0.01510249,15.66858000000,4375.00
K2-87 b,0.67802659,0.14100000,9.72661800000,5747.00
TOI-3261 b,0.34079816,0.09533446,0.88313310000,5068.00
TOI-4666 b,1.11000000,0.70000000,2.90891680000,3512.00
WASP-60 b,0.88000000,0.55000000,4.30500000000,5900.00
Kepler-37 d,0.18110478,0.00629270,39.79226220000,5357.00
TOI-776 b,0.16040709,0.01573176,8.24662000000,3725.00
TOI-512 b,0.13738983,0.01123248,7.18886000000,5277.00
TOI-833 b,0.11330201,0.00678000,1.04187770000,3920.00
KELT-24 b,1.13400000,4.59000000,5.55149296000,6426.00
TOI-858 B b,1.25500000,1.10000000,3.27971780000,5842.00
WASP-13 b,1.22000000,0.36000000,4.35301000000,5950.00
WASP-10 b,1.08000000,3.15000000,3.09276160000,4675.00
HAT-P-32 b,1.98000000,0.68000000,2.15000820000,6001.00
Kepler-1704 b,1.06600000,4.16000000,988.88112000000,5746.00
Kepler-1693 b,0.11503115,0.00695000,12.09990000000,5432.34
HD 199509 b,0.66300000,0.13600000,99.62167000000,5796.02
Kepler-104 b,0.27700000,0.06200000,11.42754800000,5711.00
Kepler-945 b,0.23463288,0.02330000,31.00338140000,5718.00
TOI-2416 b,0.88000000,3.00000000,8.27547900000,5808.00
HD 110113 c,0.18858523,0.03303653,6.74400000000,5732.00
TOI-2295 c,1.14000000,5.61000000,966.50000000000,5730.00
TOI-1450 A c,0.10100000,0.00480448,5.06880000000,3437.00
Kepler-20 e,0.07324484,0.00239123,6.09848820000,5495.00
TOI-1136 f,0.33329657,0.03051961,26.32100000000,5770.00
HATS-32 b,1.24900000,0.92000000,2.81265480000,5700.00
HAT-P-46 b,1.28400000,0.49300000,4.46312900000,6120.00
TOI-1244 b,0.22009138,0.02076592,6.40031648300,4599.00
Kepler-1130 b,0.07137122,0.00137000,5.45298175000,5403.00
HIP 56640 b,1.13000000,6.77000000,2675.57603000000,4769.00
Kepler-1878 b,0.26052305,0.02790000,4.44587993600,5918.00
HD 21411 b,0.85000000,0.20734355,84.28800000000,5605.00
Kepler-239 c,0.22400000,0.02150000,56.22809800000,4914.00
WASP-197 b,1.28900000,1.26900000,5.16722800000,6050.00
BEBOP-4 AB b,,26.30000000,1823.50000000000,5701.43
WASP-132 c,0.16424330,0.01969616,1.01153624000,4686.00
WASP-192 b,1.23000000,2.30000000,2.87867650000,5910.00
K2-394 b,0.15095039,0.01100000,5.09571700000,4938.00
HAT-P-5 b,1.21000000,0.98000000,2.78849000000,5960.00
HAT-P-8 b,1.40000000,1.28000000,3.07634000000,6200.00
TOI-5800 b,0.21946688,0.02989034,2.62788380000,4850.00
Kepler-1849 b,0.21294117,0.01980000,57.29290009000,4806.00
DMPP-1 d,0.14700000,0.01054023,2.88200000000,6196.00
Kepler-315 c,0.37000000,0.05060000,265.46933500000,5796.00
Qatar-10 b,1.54300000,0.73600000,1.64532100000,6124.00
AU Mic c,0.22500000,0.03020498,18.85969000000,3678.00
HD 209458 b,1.39000000,0.73000000,3.52474859000,6091.00
Qatar-2 b,1.25400000,2.49400000,1.33711647000,4645.00
TOI-2015 c,0.26100000,0.02803400,5.58279600000,3297.00
Kepler-417 c,0.23998573,0.02420000,15.94300000000,5177.00
KMT-2017-BLG-1146L b,1.25000000,0.71000000,,
Kepler-1213 b,0.10616469,0.00570000,5.34982412000,6050.00
Kepler-1020 b,0.20340798,0.01830000,96.91514960000,5227.00
Kepler-682 b,0.65750736,0.13400000,12.61190667200,5559.00
K2-194 b,0.32494411,0.04050000,39.72138600000,5979.00
BD+05 4868 A b,,0.01950738,1.27186900000,4596.00
Kepler-579 b,0.17842805,0.01470000,9.66857723000,5636.00
HD 216770 b,1.26000000,0.57000000,118.45000000000,5399.00
Kepler-1074 b,0.11151753,0.00660000,5.94566534000,4002.00
WASP-133 b,1.21000000,1.16000000,2.17642300000,5700.00
TOI-2194 b,0.17746484,0.01450000,15.33759700000,4756.00
TOI-1224 b,0.18770663,0.01600000,4.17827450000,3326.00
TOI-564 b,1.02000000,1.46300000,1.65114400000,5640.00
Kepler-1656 c,1.25000000,0.40000000,1919.00000000000,5569.00
TOI-1410 c,0.50200000,0.08495150,47.56000000000,4635.00
HATS-55 b,1.25100000,0.92100000,4.20420010000,6214.00
WASP-183 b,1.47000000,0.50200000,4.11177710000,5313.00
HD 45184 b,0.31400000,0.03840000,5.88540000000,5869.00
Kepler-700 b,0.53439201,0.09440000,80.87206390000,5692.00
WASP-170 b,1.09600000,1.60000000,2.34478022000,5600.00
TOI-1693 b,0.12579199,0.00809000,1.76669570000,3499.00
OGLE-2018-BLG-0298L b,0.67400000,0.14000000,,
OGLE-2013-BLG-0102L b,1.10000000,13.00000000,,
Kepler-948 b,0.16504595,0.01280000,7.76846622000,5679.00
TOI-1472 b,0.36200000,0.05700000,6.36338574000,5100.00
TOI-5786 b,0.76188908,0.22968369,12.77910700000,6235.00
TOI-125 c,0.24614149,0.02086021,9.15059000000,5320.00
TOI-5153 b,1.06000000,3.26000000,20.33003000000,6300.00
LP 714-47 b,0.41930591,0.09690715,4.05203700000,3950.00
TOI-1184 b,0.21322189,0.02139519,5.74843380300,4534.00
Kepler-1278 b,0.09010616,0.00317000,3.23941344000,6074.00
HD 106270 b,1.11000000,11.40000000,1888.00000000000,5509.00
TOI-4406 b,1.00000000,0.30000000,30.08364000000,6219.00
HATS-10 b,0.96900000,0.52600000,3.31284600000,5880.00
TOI-762 A b,0.74400000,0.25100000,3.47168260000,3266.00
Kepler-472 b,0.28726916,0.03290000,4.17625551400,4996.00
Kepler-1129 b,0.26407351,0.02850000,24.33978040000,5831.00
Kepler-1275 b,0.13203676,0.00879000,3.65691115000,6296.00
Kepler-1983 b,0.20786903,0.01900000,7.32851947000,5135.00
HATS-61 b,1.19500000,3.40000000,7.81795300000,5542.00
TOI-2266 b,0.13738983,0.00940000,2.32631800000,3200.00
WASP-132 b,0.90100000,0.42800000,7.13351640000,4686.00
Kepler-60 c,0.16950665,0.01211339,8.91870000000,5905.00
TOI-6041 c,0.93800000,0.24510081,88.00000000000,5445.00
WASP-49 b,1.11000000,0.37000000,2.78174000000,5600.00
WASP-15 b,1.41000000,0.54000000,3.75210000000,6300.00
HD 109833 c,0.23106472,0.02270000,13.90014800000,5881.00
GJ 9827 d,0.17664407,0.00950198,6.20183000000,4236.00
Kepler-1870 b,0.18747803,0.01590000,3.60694003100,5508.00
K2-8 c,0.21500580,0.02010000,5.06416000000,4870.00
Kepler-1339 b,0.06334196,0.00089600,1.34155512700,5586.00
GJ 508.2 b,,1.85000000,5300.00000000000,3720.00
Kepler-1905 b,0.12901025,0.00845000,3.42392993000,5788.00
Kepler-230 c,0.18200000,0.01520000,91.77324200000,5588.00
Kepler-1839 b,0.17391197,0.01400000,5.05675983400,5926.00
Kepler-694 b,0.24979927,0.02590000,6.36584161200,5700.00
K2-32 e,0.10812758,0.00660734,4.34934000000,5271.00
TOI-5108 b,0.58881358,0.10068326,6.75358100000,5808.00
tau Cet g,0.10500000,0.00550609,20.00000000000,5310.00
TOI-4914 b,1.14818647,0.71422187,10.60057000000,5805.00
Kepler-919 b,0.20073156,0.01790000,11.04603384000,6113.00
EPIC 212297394 c,0.20251618,0.01820000,5.21396500000,5171.00
Kepler-1858 b,0.21604841,0.02030000,88.07160187000,4939.00
Kepler-949 c,0.26496611,0.02870000,20.99757968000,5211.00
HD 95872 b,1.16000000,3.74000000,4375.00000000000,5312.00
Kepler-411 b,0.21420287,0.08054620,3.00515600000,4974.00
TOI-1416 b,0.14452697,0.01094930,1.06975680000,4884.00
K2-31 b,1.06000000,1.77400000,1.25785000000,5280.00
K2-39 b,0.56000000,0.09000000,4.60543000000,4881.00
HIP 38594 c,0.70800000,0.15228267,3477.76800000000,4086.30
Kepler-144 b,0.11900000,0.00733000,5.88527300000,6075.00
Kepler-1121 b,0.17039879,0.01360000,13.15141081000,6231.00
HD 10442 b,1.21000000,1.48700000,1032.30000000000,4912.00
Kepler-402 d,0.12300000,0.00780000,8.92109900000,6090.00
TOI-4515 b,1.08600000,2.00500000,15.26644600000,5433.00
HAT-P-41 b,2.05000000,1.19000000,2.69405000000,6390.00
AU Mic e,0.43400000,0.06638802,33.11000000000,3665.00
AU Mic d,0.09120000,0.00331000,12.73596000000,3678.00
WASP-63 b,1.41000000,0.37000000,4.37808000000,5550.00
TOI-3540 A b,2.10000000,1.18000000,3.11999900000,5810.00
HATS-62 b,1.05500000,0.17900000,3.27688370000,5416.00
Kepler-1690 b,0.25078885,0.02610000,234.63600000000,5404.00
Kepler-1118 b,0.24444643,0.02500000,38.67150750000,5688.00
Kepler-150 b,0.11200000,0.00660000,3.42805400000,5560.00
Kepler-1841 b,0.13285111,0.00888000,25.88599968000,5190.00
Kepler-620 b,0.29619056,0.03460000,12.91375431000,6155.00
HD 105618 b,0.48500000,0.08000000,10.02245000000,5671.00
KMT-2016-BLG-1836L b,1.19000000,2.20000000,,
TOI-3160 A b,1.22800000,1.19000000,3.97128100000,6190.00
K2-312 c,1.14000000,5.41000000,921.20000000000,5959.00
TOI-262 b,0.18467335,0.01550000,11.14529000000,5310.00
TOI-4184 b,0.21679045,0.02040000,4.90198040000,3238.00
TOI-5489 b,0.12489985,0.00800000,3.15222000000,3547.00
Kepler-405 b,0.18600000,0.01570000,10.61383900000,5818.00
Kepler-1471 b,0.12579177,0.00809000,3.63899398000,5660.00
Kepler-129 b,0.21411403,0.06292704,15.79000000000,5770.00
GJ 3082 b,0.24900000,0.02579996,11.94900000000,3910.00
Kepler-1515 b,0.85199393,0.20800000,214.31141640000,6511.00
Kepler-1723 b,0.25697838,0.02720000,39.75289917000,6072.00
Kepler-1176 b,0.21857436,0.02070000,24.17385790000,5844.00
Kepler-1783 b,0.11771519,0.00723000,8.27744007100,5129.00
TOI-6255 b,0.09626210,0.00453075,0.23818244000,3421.00
TOI-157 b,1.28600000,1.18000000,2.08454350000,5404.00
OGLE-2017-BLG-0640L b,1.21000000,1.62000000,,
OGLE-2013-BLG-1761L b,1.18000000,2.70000000,,
OGLE-2017-BLG-1099L b,1.17000000,3.02000000,,
Kepler-1421 b,0.08296904,0.00236000,6.91311120000,6335.00
Kepler-1442 b,0.35061112,0.04610000,81.41629410000,6394.00
Kepler-414 b,0.15300000,0.01100000,4.70000000000,5536.00
HD 102888 b,1.14000000,5.69000000,252.06000000000,4990.00
Kepler-109 c,0.23641757,0.02580009,21.22265000000,5950.00
K2-59 b,0.21500580,0.02010000,20.69210000000,5055.00
TOI-2458 c,0.28300000,0.03215572,16.55300000000,6005.00
HAT-P-61 b,0.89900000,1.05700000,1.90231289000,5587.00
TOI-712 c,0.24096749,0.02440000,51.69906000000,4622.00
Kepler-348 c,0.11900000,0.00733000,17.26542700000,6177.00
Kepler-1200 b,0.09456687,0.00377000,1.11854971700,4612.00
HD 204941 b,0.90300000,0.23000000,1733.00000000000,5026.00
TOI-1130 c,1.15978431,1.05717423,8.35018980000,4360.00
TOI-1516 b,1.36000000,3.16000000,2.05601400000,6520.00
HD 101581 b,0.08528875,0.00260000,4.46569000000,4675.00
OGLE-2017-BLG-0406L b,1.27000000,0.41000000,,
KMT-2017-BLG-0428L b,0.19900000,0.01758811,,
Kepler-698 b,0.32830761,0.04130000,16.32976218000,5612.00
WASP-121 b,1.74200000,1.17000000,1.27492504000,6628.00
GJ 536 c,0.20500000,0.01853201,32.76100000000,3641.00
TOI-663 b,0.20251618,0.01400127,2.59890200000,3681.00
TOI-1259 A b,1.02200000,0.44100000,3.47797800000,4775.00
Qatar-4 b,1.13500000,6.10000000,1.80535640000,5215.00
K2-113 b,1.08305826,1.29000000,5.81768500000,5660.00
TOI-150.01,1.25500000,2.51000000,5.85748700000,6255.00
TOI-2107 b,1.21100000,0.83000000,2.45454670000,5627.00
Kepler-1321 b,0.43893300,0.06760000,11.12830484000,4094.00
HD 10180 h,0.83800000,0.20300000,2205.00000000000,5911.00
HD 7924 b,,6.47600000,5.39792000000,5131.00
HIP 57274 d,1.27000000,0.52670000,431.70000000000,4640.00
HD 215152 e,,3.06900000,25.19670000000,4935.00
KMT-2020-BLG-0414L c,1.07000000,27.00000000,,
GJ 328 b,1.18000000,2.51000000,3771.00000000000,3897.00
HD 16175 b,1.14000000,5.90000000,990.00000000000,5981.00
Kepler-1195 b,0.18556517,0.01570000,8.49642241000,4965.00
Kepler-739 b,0.29619056,0.03460000,12.53248465000,5601.00
14 And b,1.16000000,3.55900000,186.76000000000,4888.00
K2-146 c,0.19537871,0.02358000,4.00498000000,3385.00
OGLE-2013-BLG-0341L B b,0.10400000,0.00522000,,
TOI-1248 b,0.60741347,0.08621004,4.36015610000,5205.00
Qatar-7 b,1.70000000,1.88000000,2.03204600000,6387.00
HATS-22 b,0.95300000,2.74000000,4.72281240000,4803.00
TOI-4465 b,1.25000000,5.89000000,101.94054000000,5545.00
TOI-2345 b,0.13417812,0.01098077,1.05285730000,4687.00
TOI-5788 c,0.20269461,0.02013665,16.21336200000,5615.00
TOI-5788 b,0.13631926,0.01170443,6.34075800000,5615.00
HAT-P-38 b,0.82500000,0.26700000,4.64038200000,5330.00
HD 106315 b,0.21768222,0.03964383,9.55237000000,6327.00
TOI-1136 g,0.22571187,0.01761957,39.54500000000,5770.00
TOI-5232 b,1.14000000,2.34000000,4.09666920000,6500.00
TOI-912 b,0.17218336,0.01604639,4.67806910000,3572.00
Kepler-1914 b,0.26255557,0.02820000,30.82789993000,5982.00
Kepler-224 c,0.27800000,0.03120000,5.92500300000,5018.00
HAT-P-64 b,1.70300000,0.58000000,4.00723200000,6457.00
TOI-1768.01,0.30805656,0.03700000,7.33770364900,5994.00
HATS-40 b,1.58000000,1.59000000,3.26427360000,6460.00
HD 28109 c,0.36845456,0.02894644,55.99712000000,6189.00
BD+45 564 b,1.21000000,1.36000000,307.88000000000,5004.00
Kepler-911 b,0.23195646,0.02290000,20.31050100000,6112.00
HD 102329 c,1.21000000,1.52000000,1123.00000000000,4830.00
TOI-5803 b,0.29201585,0.03380000,5.38305000000,5134.00
TOI-1749 c,0.18913406,0.04404893,4.49290000000,3985.00
TOI-431 b,0.11419415,0.00965930,0.49004700000,4850.00
Kepler-795 b,0.14987956,0.01090000,29.61934210000,5631.00
TOI-270 c,0.20786903,0.01950738,5.66051000000,3506.00
TOI-2158 b,0.96000000,0.82000000,8.60077000000,5673.00
TOI-3288 b,1.00000000,2.11000000,1.43386350000,3933.00
WASP-80 b,0.99900000,0.53800000,3.06785234000,4143.00
Kepler-163 b,0.09400000,0.00364000,7.81093700000,5776.00
Kepler-1987 c,0.11865486,0.00733000,3.64830183000,4769.00
Kepler-668 b,0.24087787,0.02440000,8.35390639000,5352.00
HD 219666 b,0.43700000,0.05500000,6.03446800000,5540.00
TOI-283 b,0.20876118,0.02057714,17.61745000000,5213.00
TOI-2046 b,1.44000000,2.30000000,1.49718420000,6250.00
TOI-2459 b,0.26345839,0.02840000,19.10471800000,4195.00
Kepler-989 b,0.19716299,0.01740000,7.96431535200,5074.00
HD 109833 b,0.25765055,0.02730000,9.18852600000,5881.00
TOI-1758 b,0.32295532,0.02170983,20.70507468500,5169.00
HATS-51 b,1.41000000,0.76800000,3.34887020000,5758.00
HR 858 d,0.17851757,0.02233910,11.23051100000,6354.00
Kepler-1446 b,0.07315550,0.00150000,0.68996783200,4865.00
Kepler-956 b,0.26764207,0.02920000,5.24867263100,6040.00
Kepler-102 c,0.05058444,0.00534880,7.07139200000,4909.00
TOI-3493 b,0.28726965,0.02822278,8.15946670000,5844.00
Wolf 327 b,0.11062558,0.00796027,0.57347450000,3542.00
K2-414 b,0.10875208,0.00622000,4.36960000000,4343.00
HATS-74 A b,1.03200000,1.46000000,1.73185606000,3776.90
TOI-880 c,0.44161018,0.06830000,6.38727030000,5050.00
TOI-1278 b,1.09000000,18.50000000,14.47567000000,3799.00
WASP-95 b,1.23000000,1.44000000,2.18467000000,5830.00
WASP-97 b,1.14000000,1.36000000,2.07276000000,5640.00
TOI-2096 b,0.11089322,0.00653000,3.11906330000,3300.00
Kepler-98 b,0.17800000,0.01100000,1.54168000000,5539.00
Kepler-238 b,0.15400000,10.39875583,2.09087600000,5751.00
Kepler-67 b,0.26200000,0.02820000,15.72590000000,5331.00
WASP-46 b,1.17400000,1.91000000,1.43036763000,5600.00
WASP-48 b,1.50000000,0.80000000,2.14363000000,5920.00
WASP-6 b,1.11900000,0.46700000,3.36100260000,5438.00
WASP-4 b,1.34900000,1.20000000,1.33823099400,5436.00
TOI-1442 b,0.10438059,0.00537000,0.40906770000,3330.00
WASP-25 b,1.23200000,0.56400000,3.76483370000,5697.00
TOI-6692 b,1.04200000,0.62000000,131.12500000000,5890.00
TOI-700 c,0.23195686,0.02290000,16.05113700000,3459.00
WASP-44 b,1.10000000,0.87000000,2.42380400000,5420.00
Kepler-1542 d,0.07761620,0.00186000,5.99273738000,5564.00
K2-316 c,0.16326166,0.01260000,5.26000000000,3436.00
TOI-1295 b,1.40000000,1.42000000,3.19688380000,6280.00
K2-115 b,1.05300000,1.01000000,20.27299140000,5870.00
LP 890-9 b,0.11776272,0.04153184,2.72990250000,2850.00
TOI-261.02,0.29870890,0.03510000,13.03935862135,5890.30
TOI-1203 e,0.65300000,0.13246141,204.59000000000,5737.00
Kepler-1764 b,0.40639545,0.05930000,70.46829987000,6461.00
Kepler-1269 b,0.14541886,0.01040000,37.33315360000,5998.00
Kepler-681 b,0.27477920,0.03050000,26.39435646000,5021.00
TOI-4641 b,0.73000000,3.87000000,22.09341000000,6560.00
XO-1 b,1.14000000,0.83000000,3.94153000000,5750.00
WASP-190 b,1.15000000,1.00000000,5.36775300000,6400.00
TOI-480 b,0.25459230,0.06544412,6.86619600000,6174.00
K2-196 b,0.32114420,0.03970000,48.32422200000,6045.00
HD 200964 c,1.22000000,1.21400000,852.50000000000,4982.00
Kepler-1315 b,0.12311535,0.00780000,0.84338011000,4861.00
K2-239 d,0.09813543,0.00430000,10.11500000000,3420.00
HD 39194 b,0.16300000,0.01258541,5.63680000000,5205.00
Kepler-880 c,0.25604469,0.02710000,11.80617370000,6900.00
K2-192 b,0.13560532,0.00920000,4.16281700000,5222.00
TRAPPIST-1 d,0.07030077,0.00122078,4.04921900000,2566.00
TOI-4602.01,0.22728928,0.02210000,3.98120910000,6011.90
HATS-26 b,1.75000000,0.65000000,3.30238810000,6071.00
K2-190 b,0.12103999,0.00758000,10.09885800000,5631.00
TOI-270 b,0.11419415,0.00465660,3.35992000000,3506.00
WASP-186 b,1.11000000,4.22000000,5.02679900000,6361.00
TOI-2076 c,0.32959428,0.17304935,21.01532700000,5192.00
TOI-261.01,0.27136114,0.02990000,3.36392540000,5890.30
TOI-1054.01,0.21717586,0.02050000,15.50778550000,6122.00
HIP 29442 c,0.13837119,0.01415858,3.53795590000,5289.00
K2-117 c,0.18378089,0.01540000,5.44401700000,3778.00
HD 18742 b,1.17000000,3.40000000,766.00000000000,4940.00
Kepler-873 b,0.33455259,0.04260000,20.55338440000,6163.00
TOI-3837 b,0.97000000,0.59000000,11.88865000000,5905.00
K2-136 b,0.09046318,0.01352931,7.97520000000,4500.00
HAT-P-51 b,1.20500000,0.30700000,4.21802091000,5453.00
Kepler-1297 b,0.08653760,0.00274000,1.68189002000,5818.00
Kepler-80 f,0.10794897,14.03187979,0.98678730000,4540.00
Kepler-113 c,0.19400000,0.02737312,8.92507000000,4725.00
WASP-8 c,1.12000000,9.45000000,4323.00000000000,5690.00
Wendelstein-1 b,1.03140000,0.59200000,2.66341600000,4251.00
HATS-17 b,0.77700000,1.33800000,16.25461100000,5846.00
TOI-3894 b,1.36300000,0.82000000,4.33454000000,6000.00
Kepler-1016 b,0.19448657,0.01700000,1.95452434200,5821.00
WASP-68 b,1.32000000,1.08000000,5.08430000000,5910.00
HAT-P-56 b,1.51000000,2.31000000,2.79083000000,6566.00
TOI-6716 b,0.08760000,0.00287000,4.71858980000,3110.00
HD 191939 f,1.18000000,2.88000000,2898.00000000000,5348.00
HD 235088 b,0.17682250,0.01305736,7.43413250000,5075.00
HIP 55507 b,1.12000000,8.13500000,5138.43727000000,4171.00
WASP-79 b,1.53000000,0.85000000,3.66239200000,6600.00
HD 77946 b,0.25840541,0.03429524,6.52736300000,6007.00
TOI-1136 d,0.41279400,0.02627204,12.51990000000,5770.00
OGLE-2019-BLG-0299L b,1.14000000,6.22000000,,
TOI-199 c,1.01000000,0.28000000,273.69000000000,5255.00
TOI-500 e,0.35600000,0.04735260,61.30000000000,4440.00
Kepler-1651 b,0.16415380,0.01270000,9.87863917000,3713.00
Kepler-1354 b,0.26496565,0.02870000,76.61337700000,6168.00
HD 100546 b,6.90000000,8.50000000,,10500.00
HD 158996 b,1.10000000,14.00000000,820.20000000000,4069.00
Kepler-610 b,0.37380676,0.05140000,6.99692655400,5943.00
Kepler-1053 b,0.08742974,0.00284000,2.41435165400,4529.00
Kepler-1932 b,0.13514362,0.00914000,0.52417701500,5278.00
Kepler-340 c,0.30100000,0.03550000,22.82466900000,6620.00
Kepler-940 b,0.29797484,0.03500000,59.62252570000,5769.00
Kepler-524 c,0.08564546,0.00264000,1.88897906000,6014.00
Kepler-534 c,0.10946580,0.00637000,7.37868976600,5936.00
Kepler-647 b,0.10438041,0.00537000,16.22546490000,6020.00
GJ 317 c,1.21000000,1.43000000,6500.00000000000,3496.00
Kepler-130 b,0.09100000,0.00328000,8.45745800000,5884.00
Kepler-1955 b,0.10407269,0.00531000,14.26519966000,5825.00
K2-154 b,0.17753591,0.01450000,3.67626000000,4097.00
Kepler-1869 c,0.06601849,0.00104000,1.71682830400,5808.00
Kepler-537 b,0.12579177,0.00809000,3.24755521900,5763.00
Kepler-1546 b,0.27923990,0.03130000,19.59749710000,5623.00
HD 106515 A b,1.08000000,18.90000000,3626.00000000000,5362.00
Kepler-1030 b,0.22125078,0.02110000,19.32952416000,4983.00
TOI-125 d,0.26139709,0.04279017,19.98000000000,5320.00
HATS-13 b,1.21200000,0.54300000,3.04404990000,5523.00
WASP-47 e,0.16326195,0.02831717,0.78961000000,5565.00
TOI-4379 b,1.48900000,1.11300000,3.25352000000,6020.00
TOI-198 b,0.12846842,0.00839000,10.21520000000,3650.00
K2-28 b,0.20697654,0.01890000,2.26045500000,3214.00
L 98-59 c,0.11856564,0.00629270,3.69067640000,3415.00
TOI-500 d,0.56700000,0.10420717,26.23300000000,4440.00
HD 155918 b,0.23900000,0.02400000,1.87567000000,5771.84
Kepler-1866 b,0.18575740,0.01570000,11.66009998000,5791.00
TOI-4582 b,0.94000000,0.53000000,31.03400000000,5190.00
TOI-2274 b,0.21857474,0.02070000,2.67963000000,3943.00
TOI-1751 b,0.26325181,0.06135386,37.46852000000,5970.00
HATS-67 b,1.68500000,1.45000000,1.60917880000,6594.00
TOI-4145 A b,1.18700000,0.43000000,4.06644280000,5281.00
TOI-1180 b,0.27406595,0.03146352,9.68676037800,4738.00
WASP-178 b,1.81000000,1.66000000,3.34482850000,9360.00
HD 25463 b,0.22708203,0.02737326,7.04914230000,6353.00
Kepler-1990 b,0.29173036,0.03380000,1.73513619000,5751.00
Kepler-633 c,0.20483575,0.01850000,23.78319931000,5877.00
KMT-2021-BLG-0240L b,0.85600000,0.21000000,,
Kepler-397 c,0.55100000,0.09950000,135.49852700000,5307.00
Kepler-781 b,0.25782853,0.02740000,13.21407320000,5162.00
Kepler-1021 b,0.20786868,0.01900000,13.47469571000,5431.00
TOI-5592 b,1.53000000,0.89900000,2.60858460000,6237.00
TOI-1338 c,0.92000000,0.23723493,215.79000000000,5723.20
K2-232 b,1.00000000,0.39800000,11.16845400000,6154.00
TRAPPIST-1 c,0.09786795,0.00411543,2.42193700000,2566.00
Kepler-1952 b,0.11055719,0.00650000,27.21080017000,5973.00
Kepler-216 c,0.27100000,0.02980000,17.40666900000,6091.00
HD 153950 b,1.17000000,2.95000000,499.39999000000,6124.00
Kepler-1431 b,0.13114462,0.00869000,5.86601526000,5806.00
GJ 806 c,0.20300000,0.01824884,6.64064000000,3600.00
WASP-42 b,1.12200000,0.52700000,4.98168190000,5315.00
TOI-1775 b,0.71793227,0.30204978,10.24055490000,5284.00
TOI-2796 b,1.54000000,0.44000000,4.80849830000,5764.00
HD 28109 b,0.23998614,0.01950738,22.89105400000,6189.00
GJ 849 b,1.24000000,0.89300000,1925.31000000000,3467.00
Kepler-347 b,0.17600000,0.01430000,12.79836000000,6088.00
HATS-31 b,1.64000000,0.88000000,3.37796000000,6050.00
TOI-2427 b,0.16058552,0.01230000,1.30600110000,4072.00
HD 110067 d,0.25443884,0.02680692,20.51961700000,5266.00
Kepler-1514 c,0.10490000,0.00546000,10.51418100000,6145.00
Kepler-68 e,0.99700000,0.27200000,3455.00000000000,5847.00
TOI-332 b,0.28548537,0.17997133,0.77703800000,5251.00
TOI-880.02,0.19537905,0.01710000,2.57571000000,5050.00
WASP-123 b,1.35000000,0.89900000,2.97764359000,5740.00
EPIC 246851721 b,1.05100000,3.00000000,6.18023500000,6202.00
HD 80653 b,0.14390247,0.01799713,0.71957300000,5959.00
TOI-6130 b,1.28000000,1.05000000,2.39267900000,6110.00
WASP-166 b,0.63000000,0.10100000,5.44354000000,6050.00
HD 23472 b,0.17842836,0.02617765,17.66708700000,4684.00
Kepler-396 b,0.31200000,0.23800000,42.99400000000,5656.00
K2-338 b,0.09189060,0.00340000,3.85061400000,4558.00
KMT-2019-BLG-1367L b,0.16500000,0.01283712,,
CoRoT-7 b,0.15000000,0.01282637,0.85359163000,5275.00
K2-34 b,1.22669495,1.69800000,2.99563480000,6168.00
K2-43 c,0.21589794,0.02030000,2.19888400000,3840.60
TOI-1422 c,0.23284900,0.04404893,34.56330000000,5840.00
TOI-1683.01,0.23510942,0.02350000,3.05753560000,4402.00
TOI-5143 c,1.45000000,,5.20971180000,5183.00
NGTS-25 b,1.02300000,0.63900000,2.82309300000,5321.00
HD 34445 f,0.61300000,0.11900000,676.80000000000,5836.00
TOI-5726.01,0.22785301,0.02220000,5.49112521500,5874.00
TOI-1260 b,0.21500617,0.02693277,3.12746300000,4227.00
WASP-184 b,1.33000000,0.57000000,5.18170000000,6000.00
TOI-3976 A b,1.09500000,0.17500000,6.60766200000,5975.00
HD 156846 b,1.11000000,10.67000000,359.51001000000,6090.00
Kepler-399 c,0.12800000,0.00829000,26.67569000000,5502.00
Kepler-1802 b,0.14907689,0.01080000,15.45020008000,4245.00
TOI-4155 b,0.28637751,0.03270000,3.32072900000,5724.00
TOI-431 c,0.13300000,0.00890418,4.84940000000,4850.00
TOI-5716 b,0.08564561,0.00264000,6.76630000000,3436.00
WASP-171 b,0.98000000,1.08400000,3.81862440000,5965.00
HATS-42 b,1.40000000,1.88000000,2.29210200000,6060.00
WASP-151 b,1.18700000,0.31600000,4.53347750000,5871.00
HD 63433 d,0.09572681,0.00394000,4.20907500000,5688.00
HD 35843 b,0.20400000,0.01837469,9.89910000000,5666.00
WASP-130 b,0.89000000,1.23000000,11.55098000000,5625.00
Kepler-1099 b,0.25247569,0.02640000,2.16845259300,5837.00
Kepler-289 b,0.22214330,0.01164150,34.53830000000,5990.00
TOI-277 b,0.23641757,0.02360000,3.99400000000,4031.00
KOI-94 c,0.38500000,0.04900000,10.42364800000,6182.00
TOI-2986 b,0.82900000,0.30400000,3.27836620000,5906.00
mu2 Sco b,1.09000000,14.40000000,,21700.00
Kepler-1863 b,0.20189994,0.01810000,44.99760056000,5871.00
KMT-2025-BLG-1616L b,0.65500000,0.13315361,,
KOINTREAU-1 b,1.11000000,10.60000000,,3551.00
TOI-2411 b,0.14987982,0.01090000,0.78269420000,4099.00
TOI-3082 b,0.32671124,0.04090000,1.92690700000,4263.00
XO-2 S b,0.97100000,0.26000000,18.15700000000,5399.00
Kepler-475 b,0.22214292,0.02130000,3.10550818900,5009.00
Kepler-1836 b,0.22776668,0.02220000,5.25416994100,6123.00
Kepler-896 c,0.28102466,0.03170000,29.54225660000,5510.00
Barnard e,0.05680000,0.00060725,6.73920000000,3195.00
Kepler-385 b,0.24400000,0.04000000,10.04368600000,6326.00
EPIC 201238110 b,0.16683023,0.01310000,28.16560000000,3587.00
Kepler-691 b,0.18645731,0.01580000,8.11437900000,3715.00
Kepler-20 g,0.42000000,0.06280087,34.94000000000,5495.00
Kepler-332 b,0.10400000,0.00537000,7.62632400000,4955.00
Kepler-1041 b,0.26228923,0.02820000,24.75764210000,5957.00
Kepler-1578 b,0.09278259,0.00352000,1.45088690700,5545.00
Kepler-1966 b,0.09856322,0.00437000,8.61742973300,5009.00
Kepler-1987 d,0.23730971,0.02380000,5.64491415400,4769.00
Kepler-819 b,0.24623071,0.02530000,33.19956480000,5279.00
Kepler-887 c,0.10081185,0.00474000,7.63846023000,6194.00
Kepler-306 d,0.22000000,0.02100000,17.32664400000,4954.00
Kepler-177 c,0.77883843,0.04625114,49.40926000000,5732.00
Kepler-635 b,0.23552502,0.02350000,23.44971004000,6174.00
Kepler-1083 b,0.29975912,0.03540000,33.41779930000,5049.00
Kepler-79 d,0.63900000,0.01900000,52.09020000000,6174.00
Kepler-195 c,0.13800000,0.00951000,34.09686300000,5329.00
Kepler-1661 b,0.34525827,0.05348771,175.06000000000,5100.00
HATS-25 b,1.26000000,0.61300000,4.29864320000,5715.00
TOI-836 b,0.15202096,0.01425297,3.81673000000,4552.00
Proxima Cen b,0.09130000,0.00331940,11.18465000000,2900.00
K2-413 b,0.06779385,0.00114000,0.80940000000,4116.00
Kepler-212 b,0.09700000,0.00416000,16.25758200000,5852.00
Kepler-195 b,0.18100000,0.01500000,8.30787200000,5329.00
K2-83 c,0.13230440,0.00882000,9.99767000000,3910.00
Kepler-24 d,0.14900000,0.92489845,4.24438400000,5897.00
Kepler-15 b,0.96000000,0.66000000,4.94278200000,5515.00
Kepler-83 d,0.17300000,0.01290004,5.16979600000,4648.00
Kepler-143 c,0.30100000,0.03550000,27.08251100000,5848.00
Kepler-1116 b,0.22660362,0.02200000,41.69778270000,5641.00
HD 141399 d,1.22000000,1.18000000,1069.80000000000,5600.00
NGTS-17 b,1.24000000,0.76400000,3.24253000000,5650.00
Kepler-159 c,0.30400000,0.03630000,43.59579200000,4625.00
HIP 67851 b,1.22000000,1.15000000,89.23000000000,4840.00
Kepler-54 d,0.13600000,0.03805387,20.99569400000,4252.00
YZ Cet d,0.09210000,0.00342952,4.65626000000,3151.00
Kepler-1608 b,0.15434026,0.01150000,16.47356860000,4992.00
Kepler-152 b,0.24900000,0.02580000,18.20797300000,5088.00
HD 125612 b,1.17000000,2.97400000,557.69994000000,5900.00
Kepler-1641 c,0.26318137,0.02830000,32.65721200000,6152.00
K2-45 b,0.59862610,0.11400000,1.72926840000,4103.00
WASP-114 b,1.33900000,1.76900000,1.54877430000,5940.00
Kepler-968 c,0.15077170,0.01100000,5.70940491800,4598.00
HD 165131 b,1.08000000,18.70000000,2342.60000000000,5870.00
WASP-105 b,0.96000000,1.80000000,7.87288000000,5070.00
WASP-91 b,1.03000000,1.34000000,2.79858100000,4920.00
G 268-110 b,0.10100000,0.00478245,1.43263000000,
Kepler-1463 b,0.16593809,0.01300000,25.15864000000,5679.00
Kepler-712 c,0.43268802,0.06590000,226.89047000000,5148.00
Kepler-1948 b,0.09214328,0.00343000,15.57129955000,3872.00
Kepler-146 c,0.27900000,0.03130000,76.73217100000,5948.00
Kepler-711 b,0.30421982,0.03630000,23.58914398000,5222.00
Kepler-1080 b,0.29262200,0.03390000,77.25483960000,5956.00
WASP-113 b,1.40900000,0.47500000,4.54216874538,5890.00
Kepler-248 c,0.36300000,0.04900000,16.23949400000,5190.00
HD 133131 A c,1.28000000,0.42000000,3568.00000000000,5799.00
Kepler-1319 b,0.11954679,0.00742000,2.88676264500,3655.00
Kepler-678 b,0.45856009,0.07280000,7.27503724000,5520.00
Kepler-1535 b,0.22749576,0.02210000,138.94420000000,6021.00
Kepler-39 b,1.24000000,20.10000000,21.08721000000,6350.00
Kepler-1532 b,0.12043893,0.00752000,1.09366355900,5559.00
Kepler-808 b,0.13025248,0.00859000,0.63133235300,4653.00
KELT-10 b,1.39900000,0.67900000,4.16627390000,5948.00
WASP-119 b,1.40000000,1.23000000,2.49979000000,5650.00
WASP-69 b,1.00000000,0.26000000,3.86813881000,4792.00
WASP-94 A b,1.58000000,0.50000000,3.95019000000,6170.00
TOI-682.01,0.33382696,0.04240000,6.83923880000,5085.00
TOI-7384 b,0.31800000,0.03900000,6.23402580000,3185.00
Kepler-335 c,0.27400000,0.03030000,67.84446900000,5877.00
TOI-1453 b,0.10464823,0.00729954,4.31352250000,4975.00
TOI-2141 b,0.28075702,0.06324167,18.26160800000,5635.00
TOI-763 b,0.20340798,0.03080263,5.60570000000,5450.00
Kepler-94 c,1.11000000,9.83600000,820.30000000000,4781.00
GJ 1132 b,0.10630000,0.00578000,1.62892911000,3229.00
Kepler-966 b,0.36845392,0.05020000,99.74762200000,5840.00
EPIC 220492298 b,0.08832204,0.00295000,0.76240600000,5620.00
HATS-28 b,1.19400000,0.67200000,3.18107810000,5498.00
HATS-29 b,1.25100000,0.65300000,4.60587490000,5670.00
Kepler-1517 b,0.87072888,0.21600000,5.54608366500,7010.00
WASP-54 b,1.58000000,0.59000000,3.69364000000,6100.00
HD 63935 b,0.26012646,0.03303669,9.05880700000,5513.00
WASP-149 b,1.36000000,0.99100000,1.33281300000,5750.00
K2-403 b,0.47577921,0.07750000,33.58997900000,5511.00
Kepler-260 c,0.15500000,0.01160000,76.05017800000,5250.00
Kepler-140 c,0.16100000,0.01230000,91.35328200000,6077.00
HATS-15 b,1.10500000,2.17000000,1.74748753000,5311.00
TOI-2128 b,0.18634597,0.01415858,16.34136000000,5968.00
MASCARA-1 b,1.59700000,3.70000000,2.14877381000,7490.00
Kepler-14 b,1.13600000,8.40000000,6.79012300000,6395.00
K2-24 c,0.66910518,0.04845358,42.33910000000,5625.00
WASP-129 b,0.93000000,1.00000000,5.74814500000,5900.00
WASP-124 b,1.24000000,0.60000000,3.37265000000,6050.00
HATS-23 b,1.86000000,1.47000000,2.16051560000,5780.00
Kepler-941 b,0.27477920,0.03050000,17.42395198000,5539.00
Kepler-85 c,0.17646564,0.00676466,12.51000000000,5505.20
Kepler-734 b,0.31760193,0.03900000,6.10485285600,5326.00
GJ 2030 b,0.18100000,0.01500000,2.38129000000,5485.00
KELT-9 b,1.89100000,2.88000000,1.48112350000,10170.00
NGTS-1 b,1.33000000,0.81200000,2.64729800000,3916.00
K2-157 d,0.46100000,0.07320000,66.50000000000,5334.00
Kepler-599 b,0.25336783,0.02660000,15.65562652000,5127.00
HATS-52 b,1.38200000,2.24000000,1.36665436000,6010.00
HATS-53 b,1.34000000,0.59500000,3.85377680000,5644.00
WASP-139 b,0.80000000,0.11700000,5.92426200000,5310.00
WASP-142 b,1.53000000,0.84000000,2.05286800000,6010.00
Kepler-1203 b,0.09456687,0.00377000,0.58800076500,4105.00
55 Cnc b,1.24000000,0.83060000,14.65155200000,5198.00
47 UMa c,1.27000000,0.54000000,2391.00000000000,5872.00
61 Vir d,0.45600000,0.07200000,123.01000000000,5577.00
61 Vir b,0.18800000,0.01600000,4.21500000000,5577.00
HD 136352 b,0.14845239,0.01485078,11.57797000000,5664.00
Kepler-1720 b,0.28689968,0.03280000,12.70639992000,5573.00
HD 4732 c,1.17000000,3.36500000,3184.20000000000,4898.00
Kepler-549 b,0.22928004,0.03460970,42.94956490000,5360.00
HD 147513 b,1.22000000,1.21000000,528.40000000000,5883.00
HD 160691 c,,4.40000000,3947.00000000000,5773.00
Kepler-19 c,0.32800000,0.04121700,28.73100000000,5544.00
Kepler-1727 b,0.28309588,0.03210000,9.02929973600,5349.00
ITG 15 b,1.08000000,21.00000000,,
Kepler-531 b,0.24801499,0.02560000,29.88485741000,4893.00
Kepler-1182 b,0.21500580,0.02010000,11.17394617000,5924.00
KELT-19 A b,1.91000000,4.07000000,4.61170930000,7500.00
KELT-21 b,1.58600000,3.91000000,3.61276470000,7598.00
HD 37124 b,1.25000000,0.67500000,154.37800000000,5698.64
Kepler-513 b,0.19627085,0.01720000,28.86235584000,5849.00
HD 330075 b,1.27000000,0.48000000,3.38773000000,5000.00
Kepler-1329 b,0.19359443,0.01680000,9.33646594000,4500.00
K2-61 b,0.17129122,0.01370000,2.57336000000,5748.00
Kepler-825 c,0.16415380,0.01270000,8.18182460000,5976.00
Kepler-382 b,0.11800000,0.00724000,5.26215500000,5600.00
K2-165 c,0.13864665,0.00955000,4.38274500000,5185.00
WASP-138 b,1.09000000,1.22000000,3.63443300000,6272.00
XO-6 b,2.07000000,4.40000000,3.76500070000,6720.00
Qatar-3 b,1.09600000,4.31000000,2.50792040000,6007.00
Kepler-19 d,0.45100000,0.07079256,62.95000000000,5544.00
Kepler-1191 b,0.13471318,0.00909000,5.60014851000,5308.00
Kepler-1891 b,0.13572970,0.00921000,4.02229023000,5516.00
WASP-53 b,1.07400000,2.13200000,3.30984430000,4953.00
WASP-53 c,,16.35000000,2840.00000000000,4953.00
K2-198 b,0.37371755,0.05140000,17.04286830000,5212.90
Kepler-1456 b,0.10170399,0.00489000,18.13738290000,4231.00
Kepler-529 b,0.16593809,0.01300000,1.98035766300,6087.00
11 UMi b,1.09000000,14.74000000,516.21997000000,4213.00
Kepler-835 b,0.24890713,0.02580000,11.41909375000,5954.00
Kepler-1666 c,0.28866513,0.03320000,40.71570000000,6293.00
Kepler-690 b,0.53082345,0.09330000,7.74809437400,5913.00
Kepler-136 b,0.18300000,0.06200000,11.57890000000,6165.00
Kepler-775 b,0.10616469,0.00570000,0.97486892600,5468.00
KIC 10068024 b,1.19000000,2.00000000,2.07354900000,6118.40
HATS-34 b,1.43000000,0.94100000,2.10616070000,5380.00
HATS-35 b,1.46400000,1.22200000,1.82099930000,6300.00
WASP-81 b,1.42900000,0.72900000,2.71647620000,5870.00
Kepler-357 b,0.16400000,0.01270000,6.47543400000,5036.00
Kepler-23 d,0.19680648,0.01396980,15.27000000000,5828.00
Kepler-1510 b,0.29975912,0.03540000,84.70392100000,6200.00
Kepler-1324 b,0.13471318,0.00909000,4.11584467900,4776.00
HIP 67851 c,1.13000000,6.93700000,3128.41000000000,4840.00
Kepler-110 b,0.16300000,0.01260000,12.69111200000,5960.00
K2-325 b,0.19627085,0.01720000,6.93000000000,3287.00
Kepler-716 c,0.12425866,0.00793000,3.96999000000,5012.00
Kepler-1850 b,0.06504576,0.00098500,1.38580000400,4239.00
HD 163607 b,1.24000000,0.78360000,75.22030000000,5522.00
HD 44219 b,1.26000000,0.58000000,472.00000000000,5752.00
KELT-1 b,1.11000000,27.23000000,1.21751400000,6516.00
HATS-50 b,1.13000000,0.39000000,3.82970150000,5990.00
WASP-153 b,1.55000000,0.39000000,3.33260900000,5914.00
Kepler-1365 b,0.08207690,0.00227000,7.69993485000,5770.00
HD 170469 b,1.25000000,0.66000000,1145.00000000000,5842.00
Kepler-341 d,0.16500000,0.01280000,27.66631300000,6012.00
Kepler-977 b,0.23374074,0.02320000,26.85328322000,5315.00
HD 98219 b,1.20000000,1.96400000,433.80000000000,4925.00
HAT-P-31 b,1.09000000,2.27000000,5.00542000000,6065.00
WASP-131 b,1.22600000,0.27300000,5.32201250000,5990.00
WASP-103 b,1.52800000,1.49000000,0.92554200000,6110.00
KELT-16 b,1.41500000,2.75000000,0.96899510000,6236.00
GJ 393 b,0.10400000,0.00538026,7.02679000000,3579.00
Kepler-879 b,0.22928004,0.02240000,33.38559380000,5792.00
Kepler-1933 b,0.10525854,0.00553000,4.94329023400,5661.00
Kepler-1641 b,0.27745562,0.03100000,19.67226600000,6152.00
GJ 687 b,0.38500000,0.05411698,38.14200000000,3413.00
Kepler-23 b,0.14613282,0.00805466,7.10000000000,5828.00
Kepler-554 b,0.38272816,0.05350000,1.90220855600,5447.00
HD 159868 c,1.25000000,0.76800000,351.00000000000,5534.00
XO-2 S c,1.21000000,1.37000000,120.80000000000,5399.00
TOI-5388.01,0.08832204,0.00692197,2.59467480000,3440.00
TOI-1238 c,0.18824192,0.02617765,3.29473600000,4089.00
Kepler-1331 b,0.09367473,0.00364000,0.78916165300,4508.00
Kepler-1246 b,0.12133107,0.00761000,11.32271513000,4611.00
Kepler-287 b,0.20800000,0.26114720,20.34219900000,5806.00
Kepler-432 c,1.18000000,2.43000000,406.20000000000,4995.00
HD 102843 b,1.17000000,0.35836768,3090.94200000000,5436.00
K2-155 b,0.16058524,0.01230000,6.34200000000,4258.00
Kepler-162 c,0.27000000,0.02970000,19.44635500000,5816.00
Kepler-603 d,0.11776251,0.00724000,6.21712920000,5808.00
Kepler-139 b,0.26200000,0.02202446,15.77104400000,5594.00
K2-155 d,0.16950665,0.01340000,40.71800000000,4258.00
Kepler-1443 b,0.08653760,0.00274000,2.41811321000,6289.00
Kepler-48 c,0.24177001,0.04596797,9.67395000000,5194.00
55 Cnc d,1.16000000,3.87800000,4799.00000000000,5198.00
HD 160691 e,,7.00000000,307.90000000000,5773.00
HD 3651 b,0.89900000,0.22800000,62.25000000000,5221.00
ups And c,1.10000000,13.98000000,241.25800000000,6156.77
Kepler-1369 b,0.23998573,0.02420000,25.87314800000,5761.00
HD 164604 b,1.10000000,13.20000000,653.90000000000,4663.00
HD 20794 b,0.12900000,0.00850000,18.31400000000,5368.00
HD 20794 d,0.18200000,0.01500000,89.68000000000,5368.00
HD 208487 b,1.27000000,0.46000000,129.36000000000,6134.00
HD 28185 b,1.14000000,5.85000000,385.92000000000,5602.00
XO-3 b,1.32000000,13.27000000,3.19152309000,6970.00
WASP-72 b,1.29000000,2.30000000,2.21673000000,6250.00
WASP-100 b,1.33000000,1.26000000,2.84938000000,6900.00
51 Eri b,,10.90000000,9100.00000000000,7422.00
HD 20794 e,0.18100000,0.01500802,147.02000000000,5401.00
K2-290 b,0.27299491,0.03429506,9.21165000000,6302.00
K2-290 c,1.00600000,0.77400000,48.36685000000,6302.00
V1298 Tau b,0.83950542,0.04121721,24.14000600000,4970.00
V1298 Tau c,0.45320802,0.01478785,8.24916400000,4970.00
V1298 Tau d,0.58256858,0.01887811,12.40139400000,4970.00
V1298 Tau e,0.90730819,0.04813918,48.67771400000,4970.00
LP 791-18 b,0.10812758,0.00609000,0.94799810000,2960.00
LP 791-18 c,0.22196488,0.02252788,4.98991000000,2960.00
TOI-813 b,0.59862610,0.11400000,83.89110000000,5907.00
GJ 887 b,0.16100000,0.01227077,9.26190000000,3688.00
GJ 887 c,0.21700000,0.02045129,21.78400000000,3688.00
HD 95338 b,0.38110000,0.13500000,55.08269400000,5097.00
WD 1856+534 b,0.92782585,13.80000000,1.40794050000,4710.00
TOI-220 b,0.27031896,0.04341966,10.69526400000,5298.00
TIC 257060897 b,1.54000000,0.63400000,3.66003639000,5993.00
TOI-375 b,0.96100000,0.74500000,9.45469000000,5259.90
TOI-411 c,0.20769061,0.03058254,9.57308300000,6169.00
TOI-411 b,0.12150971,0.04313648,4.04029500000,6169.00
LHS 1903 c,0.18253221,0.01431590,6.22618500000,3664.00
LHS 1903 b,0.12329399,0.01032003,2.15550980000,3664.00
LHS 1903 d,0.22303545,0.01875226,12.56628700000,3664.00
TOI-1898 b,0.83821469,0.40587939,45.52234000000,6241.00
TOI-2133 b,0.21143760,0.01950000,3.82664720000,4250.00
TOI-2134 b,0.23998614,0.02872619,9.22920050000,4580.00
TOI-2134 c,0.64858707,0.13180068,95.50000000000,4580.00
TOI-4336 A b,0.19065070,0.01047735,16.33635100000,3307.00
TOI-4342 b,0.20777982,0.02296837,5.53825920000,3866.00
TOI-4342 c,0.20956410,0.01510249,10.68866200000,3866.00
TOI-5734 b,0.24623113,0.02530000,6.18421610000,4790.00
HD 28185 c,1.14000000,6.00000000,9090.00000000000,5602.00
TOI-5938 b,0.34079816,0.04400000,2.26042400000,4650.00
LP 791-18 d,0.09206903,0.00286318,2.75485000000,2960.00
HD 22946 d,0.23258136,0.08359857,47.42489000000,6169.00
TOI-7009 b,0.33098460,0.04180000,2.32066120000,4080.00
HD 20794 f,0.20300000,0.01831177,647.60000000000,5368.00
TOI-375 c,1.19000000,2.10600000,115.50000000000,5259.90
TOI-375 d,1.21000000,1.40200000,297.90000000000,5259.90
KMT-2024-BLG-0176L b,1.25000000,0.76000000,,
KMT-2024-BLG-0349L b,1.10000000,11.86000000,,
KMT-2024-BLG-1870L b,1.23000000,1.06000000,,
KMT-2024-BLG-2087L b,1.15000000,4.39000000,,
GJ 887 d,0.20900000,0.01919275,50.77000000000,3688.00
GJ 887 e,0.09990000,0.00459367,4.42490000000,3688.00
HD 164604 c,1.12000000,9.50000000,5387.00000000000,4663.00
LHS 1903 e,0.15451896,0.01821738,29.31773000000,3664.00
KOINTREAU-3 b,1.17000000,3.40000000,,3920.00
KOINTREAU-4 b,1.09000000,15.30000000,,3252.00
TOI-4336 A c,0.11160694,0.00487685,7.58726600000,3307.00
Kepler-1644 b,0.16772237,0.01320000,21.09077580000,5499.00
Kepler-1249 b,0.21232938,0.01970000,24.33471270000,6202.00
WASP-78 b,1.93000000,1.11000000,2.17518000000,6100.00
WASP-39 b,1.27900000,0.28100000,4.05529410000,5485.00
WASP-36 b,1.32700000,2.36100000,1.53736596000,5959.00
WASP-43 b,0.93000000,1.78000000,0.81347500000,4400.00
GJ 1132 c,0.12800000,0.00830633,8.92900000000,3270.00
KIC 9663113 b,0.41038451,0.06030000,572.38470000000,6065.00
Kepler-12 b,1.75400000,0.43200000,4.43796290000,5947.00
HAT-P-24 b,1.30000000,0.75000000,3.35524000000,6373.00
Kepler-792 b,0.17485949,0.01420000,11.30119217000,5971.00
Kepler-539 b,0.74700000,0.97000000,125.63243000000,5820.00
K2-165 d,0.23624721,0.02360000,14.10136100000,5185.00
Kepler-1254 c,0.11597823,0.00705000,3.60084276000,4985.00
Kepler-1674 b,0.28600008,0.03260000,62.56110000000,5473.91
WASP-189 b,1.61900000,1.99000000,2.72403300000,8000.00
WASP-41 b,1.10000000,0.85000000,3.05240000000,5545.00
Kepler-255 c,0.26700000,0.02900000,9.94604700000,5573.00
Kepler-1238 b,0.17218307,0.01380000,4.14787559000,6386.00
Ross 176 b,0.16415409,0.01437883,5.00663380000,4041.00
TOI-5422 b,0.81200000,28.00000000,5.37721900000,5820.00
Kepler-5 b,1.42600000,2.11100000,3.54846570000,6297.00
WASP-107 c,1.18000000,0.36000000,1088.00000000000,4425.00
WASP-18 c,0.76500000,0.17367775,2.15580000000,6400.00
TOI-1743 b,0.16326195,0.01260000,4.26604600000,3277.00
Proxima Cen d,0.06180000,0.00081805,5.12338000000,2900.00
HAT-P-2 c,1.11000000,10.70000000,8500.00000000000,6412.00
HATS-41 b,1.33000000,9.70000000,4.19364900000,6424.00
Kepler-933 b,0.21946650,0.02080000,14.20443009000,5346.00
Kepler-1240 b,0.10259613,0.00505000,4.86638150000,5682.00
K2-80 c,0.13114462,0.00869000,5.60500000000,5441.00
Kepler-891 b,0.57186190,0.10600000,53.44945593000,5887.00
Kepler-1605 b,0.09635115,0.00403000,85.75654950000,5280.00
HD 80913 b,1.07000000,23.61400000,10839.83341000000,6013.24
Kepler-1984 b,0.60754855,0.11700000,1.99281233900,3638.00
Kepler-598 c,0.26980189,0.02960000,86.49450000000,5245.00
HAT-P-29 b,1.17000000,0.88000000,5.72319000000,6087.00
Kepler-288 d,0.23800000,0.02390000,56.63374200000,5918.00
Kepler-264 c,0.25200000,0.02640000,140.10126100000,6158.00
Kepler-1786 b,0.28218964,0.03190000,78.54609680000,5808.00
Kepler-1119 b,0.17129093,0.01370000,8.32651530000,6083.00
Kepler-49 d,0.14300000,0.74248240,2.57654900000,4252.00
GJ 687 c,0.36900000,0.05034138,727.56200000000,3413.00
Kepler-1465 b,0.15790882,0.01190000,31.82771110000,4726.00
Kepler-1844 b,0.27089724,0.02980000,3.92451000200,5776.00
Kepler-1036 b,0.26853421,0.02930000,122.88080580000,5533.00
Kepler-358 b,0.24300000,0.02470000,34.06046700000,5908.00
HD 206893 c,1.46000000,12.70000000,2090.00000000000,6500.00
HD 202772 A b,1.54500000,1.01700000,3.30895800000,6272.00
Kepler-1179 b,0.11776251,0.00724000,2.68505749200,5212.00
Kepler-1544 b,0.15880096,0.01200000,168.81117400000,4886.00
G 192-15 c,0.34500000,0.04499283,1219.00000000000,2999.00
Kepler-457 d,0.26627511,0.02890000,10.69060040000,6474.00
Kepler-868 b,0.18288875,0.01530000,5.03251791000,5614.00
TOI-7510 b,0.65200000,0.05710000,11.53086900000,5720.00
Kepler-355 c,0.24200000,0.02450000,25.76229400000,6184.00
Kepler-1299 b,0.26585779,0.02880000,19.94008740000,5609.00
Kepler-381 d,0.09517248,0.00386000,8.25629997300,6197.00
Kepler-1806 b,0.21015309,0.01930000,9.03332042700,5311.00
Kepler-1570 b,0.09545901,0.00390000,26.54895500000,5550.00
Kepler-232 c,0.34200000,0.04420000,11.37934900000,5847.00
KIC 5479689 b,1.27000000,0.50000000,1.70153100000,5459.10
Kepler-1759 b,0.08062991,0.00213000,3.72023010300,5017.00
Kepler-225 c,0.16400000,0.01270000,18.79423400000,3682.00
Kepler-833 b,0.18021233,0.01490000,18.75469980000,4339.00
Kepler-321 b,0.15800000,0.01190000,4.91537900000,5740.00
Kepler-973 b,0.17485949,0.01420000,49.60773310000,5213.00
Kepler-243 b,0.21900000,0.02070000,5.71544200000,5228.00
Kepler-308 b,0.18900000,0.01620000,9.69492800000,5895.00
HD 97037 b,1.08000000,21.10500000,6449.08337000000,5874.10
Kepler-776 b,0.11419395,0.00687000,4.89718784000,5071.00
DMPP-2 b,1.28000000,0.43700000,5.20720000000,6500.00
Kepler-1226 b,0.12936034,0.00849000,17.29234530000,5923.00
Kepler-1048 b,0.14363458,0.01010000,6.92101021000,4651.00
WASP-73 b,1.42000000,2.86000000,4.08722000000,6030.00
HATS-44 b,1.06700000,0.56000000,2.74390040000,5080.00
HATS-45 b,1.28600000,0.70000000,4.18762440000,6450.00
Kepler-1260 b,0.15790882,0.01190000,19.11877530000,5961.00
K2-343 b,0.14720339,0.01060000,2.78717400000,3804.00
Kepler-367 c,0.10700000,0.00588000,53.57863700000,4710.00
Kepler-176 e,0.12936034,0.00163846,51.16579000000,5295.00
Kepler-194 c,0.23100000,0.02270000,17.30803200000,6089.00
WASP-61 b,1.41000000,2.68000000,3.85590000000,6250.00
HD 80606 b,1.03200000,4.16410000,111.43676500000,5565.00
HAT-P-6 b,1.48000000,1.32000000,3.85298000000,6570.00
Kepler-465 b,0.26318137,0.02830000,9.94067246600,6310.00
Kepler-1475 b,0.26050495,0.02790000,82.17737400000,6214.00
HATS-46 b,0.90300000,0.17300000,4.74237290000,5495.00
HATS-7 b,0.56300000,0.12000000,3.18531500000,4985.00
Kepler-1756 b,0.13132322,0.00871000,2.35575008400,4915.00
K2-366 b,0.21045625,0.01940000,15.93703900000,5601.00
Kepler-1960 b,0.11664727,0.00712000,2.29794001600,6371.00
Kepler-1007 b,0.12846820,0.00839000,5.18500207300,4587.00
Kepler-659 b,0.22303506,0.02140000,17.67179600000,4870.00
Kepler-1290 b,0.12668391,0.00819000,4.69500134000,5660.00
HD 40956 b,1.18000000,2.70000000,578.60000000000,4869.00
Kepler-1244 b,0.12043893,0.00752000,3.70428172000,6680.00
HD 50499 b,1.20000000,1.63600000,2447.10000000000,6102.00
Kepler-374 b,0.09200000,0.00340000,1.89780600000,5977.00
2MASS J22501512+2325342 b,1.06000000,30.00000000,,3352.00
WASP-99 b,1.02000000,2.43000000,5.75251000000,6150.00
HAT-P-15 b,1.06000000,1.94000000,10.86350000000,5568.00
HD 169142 b,1.17000000,3.00000000,,7246.00
Kepler-1420 b,0.11419395,0.00687000,6.69960006000,5187.00
WASP-58 b,1.43000000,0.97000000,5.01718000000,5800.00
HAT-P-1 b,1.31900000,0.52500000,4.46529976000,5980.00
HAT-P-23 b,1.36800000,2.09000000,1.21288400000,5905.00
HAT-P-57 b,1.74000000,1.41000000,2.46530000000,6330.00
KELT-15 b,1.74000000,1.31000000,3.32944000000,6003.00
HAT-P-17 b,1.05000000,0.58000000,10.33852000000,5246.00
CoRoT-2 b,1.46600000,3.47000000,1.74299350000,5625.00
HAT-P-17 c,1.17000000,3.40000000,5584.00000000000,5336.96
HAT-P-4 b,1.27400000,0.67100000,3.05653600000,5860.00
HAT-P-30 b,1.44000000,0.83000000,2.81060000000,6304.00
WASP-71 b,1.18000000,1.39000000,2.90367000000,6050.00
HAT-P-49 b,1.59000000,2.20000000,2.69155000000,6820.00
HD 147873 c,1.19000000,2.30000000,491.54000000000,5972.00
Kepler-857 b,0.60665537,0.11700000,85.35129427000,5773.00
HATS-12 b,0.69230083,2.39000000,3.14270200000,6357.00
EPIC 211945201 b,0.51387278,0.03460987,19.49221000000,6069.00
K2-188 c,0.25247569,0.02640000,7.81025300000,5977.00
K2-108 b,0.47551075,0.18689236,4.73399900000,5599.00
Kepler-1025 b,0.17664377,0.01440000,37.32294930000,6089.00
Kepler-1666 b,0.25718064,0.02730000,25.84760000000,6293.00
Kepler-1924 b,0.23681598,0.02370000,15.33170033000,5726.00
K2-127 b,0.74672138,0.16700000,3.58816300000,4575.00
WASP-144 b,0.85000000,0.44000000,2.27831520000,5200.00
K2-409 b,0.22142959,0.02110000,1.90808400000,5742.00
Kepler-997 b,0.12133107,0.00761000,2.70730671600,6150.00
HD 99109 b,1.28000000,0.44000000,439.29999000000,5282.00
WASP-158 b,1.07000000,2.79000000,3.65633300000,6350.00
WASP-145 A b,0.90000000,0.89000000,1.76903810000,4900.00
WASP-159 b,1.38000000,0.55000000,3.84040100000,6120.00
HD 89345 b,0.66000000,0.11000000,11.81430000000,5576.00
CoRoT-20 c,1.09000000,17.00000000,1675.00000000000,5880.00
NGTS-2 b,1.59500000,0.74000000,4.51116400000,6478.00
Kepler-1562 b,0.31670979,0.03880000,64.27377520000,5760.00
K2-117 b,0.18110447,0.01500000,1.29160000000,3778.00
DMPP-1 b,0.47200000,0.07636158,18.57000000000,6196.00
Kepler-1110 b,0.23730931,0.02380000,9.69312032000,4781.00
HD 153557 b,0.42500000,0.06400000,7.29903000000,4837.00
Kepler-1170 b,0.21500580,0.02010000,9.98969327000,5069.00
WASP-162 b,1.00000000,5.20000000,9.62468000000,5300.00
WASP-172 b,1.57000000,0.47000000,5.47743300000,6900.00
Kepler-392 b,0.08900000,0.00306000,5.34185300000,5938.00
K2-188 b,0.12043893,0.00752000,1.74216900000,5977.00
Kepler-324 e,0.18187420,0.73943674,13.97939968000,5191.00
Kepler-194 b,0.13500000,0.00909000,2.09228100000,6089.00
Kepler-157 d,0.13025248,0.00859000,7.02573474000,5866.00
Kepler-763 c,0.12668413,0.00819000,4.09667624000,4999.00
Kepler-236 c,0.17800000,0.01470000,23.96812700000,3750.00
LHS 3154 b,0.32900000,0.04137453,3.71778000000,2861.00
Kepler-664 b,0.23730931,0.02380000,2.52559331500,5754.00
HATS-9 b,1.23561424,0.83700000,1.91529100000,5599.00
DMPP-1 c,0.27300000,0.03020483,6.58400000000,6196.00
Kepler-157 c,0.20000000,0.01780000,13.54050000000,5774.00
Kepler-947 b,0.20340798,0.01830000,26.96443170000,5508.00
Kepler-758 e,0.13649746,0.00930000,8.19347190000,6228.00
Kepler-679 b,0.26853421,0.02930000,12.39358604000,5403.00
WASP-147 b,1.11500000,0.27500000,4.60273000000,5702.00
Kepler-1907 c,0.10308435,0.00513000,14.86390018000,5159.00
Kepler-934 b,0.18645731,0.01580000,55.67383090000,5001.00
Kepler-1986 b,0.16861480,0.01330000,19.54896660000,5549.00
Kepler-1521 b,0.22303506,0.02140000,47.14840805000,5042.00
Kepler-189 c,0.21200000,0.07100000,20.13486600000,5235.00
HD 135344 A b,1.45000000,10.00000000,,9540.00
HD 66428 b,1.11000000,10.94600000,2269.81726000000,5716.00
Kepler-1468 c,0.10259613,0.00505000,3.54553021000,5893.00
K2-266 b,0.29440628,0.03545236,0.65852400000,4285.00
Kepler-1371 b,0.06512624,0.00099000,3.44620390000,5361.00
HD 196067 b,1.11000000,11.40000000,3413.70000000000,6072.00
Kepler-202 c,0.16500000,0.01280000,16.28249300000,4668.00
K2-266 d,0.26139709,0.02800239,14.69700000000,4285.00
K2-266 e,0.24355429,0.04499261,19.48200000000,4285.00
Kepler-271 b,0.10973325,0.00642000,10.43547805000,5555.00
Kepler-1834 b,0.13019769,0.00858000,4.60301017800,4821.00
Kepler-122 e,0.23200000,0.08700000,37.99327300000,6050.00
Kepler-974 b,0.14006602,0.00972000,4.19449651400,3687.00
GJ 676 A d,0.15900000,0.01200000,3.60076000000,3734.00
Kepler-218 b,0.13200000,0.00879000,3.61933700000,5502.00
NGTS-3 A b,1.48000000,2.38000000,1.67537280000,5600.00
K2-238 b,1.30000000,0.86000000,3.20466000000,5630.00
WASP-106 b,1.08000000,1.93000000,9.28969000000,6002.00
TrES-1 b,1.13000000,0.84000000,3.03007000000,5230.00
Qatar-1 b,1.14300000,1.29400000,1.42002420000,5013.00
Kepler-1387 b,0.08296904,0.00236000,2.27952665600,5046.00
Kepler-234 b,0.33000000,0.04160000,2.71150600000,6224.00
Kepler-525 b,0.23463288,0.02330000,18.68404933000,5573.00
CoRoT-20 b,0.84000000,4.30000000,9.24285000000,5880.00
HD 18438 b,1.08000000,21.00000000,803.00000000000,3860.00
Kepler-1205 b,0.12579177,0.00809000,1.07839035200,5226.00
Kepler-1067 c,0.15584149,0.01160000,5.42583990100,5594.00
EPIC 201841433 b,0.09278259,0.00352000,4.16980000000,5053.00
HATS-64 b,1.67900000,0.96000000,4.90889700000,6554.00
HATS-65 b,1.50100000,0.82100000,3.10516100000,6277.00
K2-80 b,0.17932019,0.01480000,19.09180000000,5441.00
Kepler-1222 b,0.07047908,0.00131000,1.91694425400,5239.00
K2-285 d,0.22125078,0.02045118,10.45582000000,4975.00
K2-285 e,0.17396735,0.03366580,14.76289000000,4975.00
HATS-60 b,1.15300000,0.66200000,3.56082900000,5688.00
Kepler-359 b,0.31500000,0.03840000,25.56322200000,6248.00
K2-369 b,0.11713822,0.00717000,5.76161200000,5682.00
WASP-165 b,1.26000000,0.65800000,3.46550900000,5599.00
HD 4313 b,1.20000000,1.92700000,356.21000000000,4943.00
Kepler-1056 b,0.26853421,0.02930000,27.49560600000,6127.00
Kepler-1554 b,0.25872067,0.02750000,198.08877400000,5297.00
HATS-59 b,1.12600000,0.80600000,5.41608100000,5670.00
K2-284 b,0.24801499,0.02560000,4.79506900000,4140.00
Kepler-1107 b,0.11954679,0.00742000,0.57103851800,5268.00
HD 457 b,1.07000000,26.57200000,20324.58153000000,6114.04
HD 112640 b,1.15000000,5.00000000,613.20000000000,4155.00
Kepler-1969 b,0.15002345,0.01090000,6.64752006500,6046.00
Kepler-996 b,0.17664377,0.01440000,3.77059058400,6014.00
TOI-172 b,0.96500000,5.42000000,9.47725000000,5645.00
K2-85 b,0.12489985,0.01006833,0.68453862616,4232.00
Kepler-48 f,1.23000000,0.93944088,5219.68185400000,5190.00
Kepler-1385 b,0.07583192,0.00171000,2.88879862000,5732.00
Kepler-8 b,1.41600000,0.59000000,3.52249910000,6213.00
K2-291 b,0.14176108,0.02041972,2.22517700000,5520.00
HAT-P-25 b,1.13500000,0.56900000,3.65281514000,5519.00
GJ 328 c,0.43800000,0.06733193,241.80000000000,3897.00
K2-181 b,0.23998614,0.02420000,6.89410000000,5528.00
Kepler-1039 b,0.13025248,0.00859000,0.93488424200,4870.00
HATS-69 b,0.94500000,0.57700000,2.22525770000,5137.00
HATS-68 b,1.23200000,1.29000000,3.58622020000,6147.00
Kepler-1383 b,0.12579177,0.00809000,13.90935830000,6370.00
Kepler-800 b,0.25425997,0.02670000,14.13176026000,5315.00
GJ 4276 b,0.37700000,0.05213479,13.35200000000,3387.00
Kepler-1484 b,0.18824159,0.01600000,30.45491360000,5730.00
WASP-161 b,1.14300000,2.49000000,5.40604250000,6400.00
Kepler-172 e,0.24600000,0.02530000,35.11873600000,5526.00
Kepler-1864 b,0.06727495,0.00111000,3.88151001900,5854.00
HATS-70 b,1.38400000,12.90000000,1.88823780000,7930.00
WISPIT 1 b,1.11000000,10.40000000,,4670.00
Kepler-281 d,0.52970723,2.05771412,148.27200320000,5717.00
HD 1397 b,1.02600000,0.41500000,11.53533000000,5521.00
Kepler-988 b,0.18467303,0.01550000,17.76080053000,4005.00
K2-285 b,0.23106432,0.03045653,3.47174500000,4975.00
Kepler-1694 b,0.10526009,0.00553000,3.89526000000,4954.00
Kepler-526 b,0.17753591,0.01450000,5.45849831600,5894.00
HD 47366 c,1.21000000,1.52200000,677.53000000000,4866.00
K2-245 b,0.38718887,0.05460000,11.89307000000,5793.00
Kepler-159 b,0.21200000,0.01970000,10.13962300000,4625.00
Kepler-859 b,0.27567134,0.03070000,20.38177573000,5020.00
WASP-140 b,1.27000000,2.44000000,2.23598448000,5300.00
KMT-2022-BLG-1818L c,1.18000000,0.36000000,,
K2-18 b,0.21143724,0.02806532,32.93962300000,3457.00
HAT-P-35 b,1.33200000,1.05600000,3.64670600000,6096.00
Kepler-208 d,0.10700000,0.00588000,11.13178600000,6092.00
Kepler-1129 c,0.24355429,0.02490000,76.53695860000,5831.00
HD 12235 b,0.28800000,0.03300000,4.36305000000,5986.00
Kepler-364 b,0.13800000,0.00951000,25.74571800000,6108.00
Kepler-524 b,0.17039879,0.01360000,7.97419807000,6014.00
Kepler-221 e,0.23500000,0.02475254,18.36991700000,5243.00
HD 10180 g,,10.62000000,604.67000000000,5911.00
HD 181433 c,,6.94400000,962.00000000000,4962.00
HR 8799 c,1.20000000,10.00000000,69000.00000000000,7204.58
HAT-P-14 b,1.42000000,3.44000000,4.62767000000,6600.00
HD 87816 b,1.13000000,6.74000000,484.17000000000,4989.00
Kepler-1189 b,0.15790882,0.01190000,3.78858982000,6012.00
Kepler-401 d,0.20251584,0.01820000,184.25640500000,6184.00
GJ 422 b,0.29700000,0.03482994,20.12900000000,3323.00
24 Boo b,1.24000000,0.88300000,30.33000000000,4816.00
WASP-164 b,1.12800000,2.13000000,1.77712550000,5806.00
K2-376 b,0.15487581,0.01150000,5.77647500000,5937.00
Kepler-563 b,0.27567134,0.03070000,22.18432708000,5066.00
HD 173416 b,1.20000000,1.84100000,322.03000000000,4683.00
Kepler-1042 b,0.19537871,0.01710000,10.13202575000,4815.00
HD 2685 b,1.44000000,1.17000000,4.12688000000,6801.00
Kepler-25 b,0.24516014,0.02750000,6.23829700000,6354.00
KELT-23 A b,1.32300000,0.93800000,2.25525100000,5899.00
Kepler-1491 b,0.13471318,0.00909000,16.58617620000,5728.00
Kepler-1528 b,0.13025248,0.00859000,1.79111020500,5857.00
Kepler-1436 b,0.11687037,0.00714000,9.70571600000,5972.00
GJ 180 c,0.21500000,0.02013655,24.32900000000,3371.00
HATS-24 b,1.39500000,2.26000000,1.34849780000,6125.00
HAT-P-9 b,1.39300000,0.74900000,3.92281072000,6350.00
HAT-P-36 b,1.27700000,1.84820000,1.32734683000,5620.00
HD 21749 c,0.07957891,0.01164144,7.78993000000,4640.00
Kepler-1621 b,0.19270229,0.01670000,92.26371400000,6158.00
Kepler-1478 b,0.15434026,0.01150000,26.08405940000,5904.00
Kepler-203 c,0.22000000,2.36000000,5.37064700000,5821.00
Kepler-221 b,0.15300000,0.01873889,2.79590600000,5243.00
NGTS-5 b,1.13600000,0.22900000,3.35698660000,4987.00
NGTS-4 b,0.28370060,0.06481452,1.33735080000,5143.00
Kepler-386 b,0.12400000,0.00790000,12.31043000000,5178.00
Kepler-1502 b,0.28370060,0.03220000,41.70836290000,6666.00
Qatar-9 b,1.00900000,1.19000000,1.54073100000,4309.00
Kepler-1591 b,0.11330181,0.00678000,8.18504949000,6082.00
Kepler-160 c,0.33544473,0.04280000,13.69942900000,5471.00
Kepler-1057 b,0.29975912,0.03540000,14.08827448000,5987.00
Kepler-115 b,0.09700000,0.00416000,2.40367900000,5979.00
Kepler-527 b,0.25336783,0.02660000,13.28535633000,6388.00
Kepler-1011 b,0.25604425,0.02710000,5.75322197400,5416.00
TrES-3 b,1.33600000,1.91000000,1.30618581000,5650.00
Kepler-1600 b,0.27923990,0.03130000,386.37054800000,5214.00
Kepler-49 c,0.21803945,0.02636643,10.91000000000,4095.60
KMT-2020-BLG-0414L b,0.10700000,0.00588368,,
Kepler-717 b,0.21589794,0.02030000,4.40840023000,5485.00
Kepler-1566 b,0.07047908,0.00131000,0.53991523800,5254.00
Kepler-1022 b,0.21054510,0.01940000,10.99469878000,4445.00
HD 75784 b,1.23000000,1.00000000,341.20000000000,4867.00
Kepler-1321 d,0.23449392,0.02330000,5.72092008600,3640.00
Kepler-1340 b,0.13828174,0.00951000,0.66502691600,6331.00
Kepler-411 d,0.29610135,0.04782431,58.02035000000,4974.00
Kepler-411 c,0.39441520,0.08306327,7.83443500000,4974.00
Kepler-742 b,0.28905344,0.03320000,8.36086823800,4642.00
Kepler-936 b,0.12936034,0.00849000,10.56134221000,5482.00
K2-295 b,0.89700000,0.33500000,4.02486700000,4444.00
Kepler-748 b,0.22481934,0.02170000,7.40742793000,5934.00
WASP-5 b,1.08700000,1.58000000,1.62842790000,5700.00
HATS-18 b,1.32900000,1.97950000,0.83784000000,5600.00
Kepler-1349 b,0.06244982,0.00085200,2.12823928000,6086.00
Kepler-1627 b,0.32919975,0.04150000,7.20283653000,5445.00
Kepler-394 d,0.13388087,0.00900000,5.61358022700,6398.00
Kepler-1601 b,0.07315550,0.00150000,2.20921951000,5869.00
Kepler-1751 b,0.16274216,0.01250000,7.01731014300,6052.00
K2-133 e,0.15434026,0.01150000,26.58410000000,3655.00
K2-308 b,0.88400000,0.22200000,3.38628000000,6100.00
DS Tuc A b,0.50851994,1.30000000,8.13826800000,5428.00
Kepler-283 c,0.16200000,0.01250000,92.74371100000,4351.00
Kepler-1086 b,0.21768222,0.02050000,18.78425728000,4350.00
Kepler-25 c,0.46542957,0.04790000,12.72070000000,6354.00
Kepler-1023 b,0.23463288,0.02330000,62.13877140000,5494.00
Kepler-1497 b,0.14809528,0.01070000,8.74199772000,5675.00
Kepler-981 b,0.20608440,0.01870000,4.46975773600,5718.00
K2-111 b,0.16236980,0.01755664,5.35180000000,5775.00
Kepler-436 c,0.20786868,0.01900000,16.79713874000,4685.00
HD 175167 b,1.09000000,14.80000000,1175.00000000000,5635.00
Kepler-139 c,0.30200000,0.04090257,157.07287800000,5594.00
Kepler-1743 b,0.14264188,0.01000000,7.64971017800,5855.00
K2-173 b,0.14347952,0.01010000,5.86869900000,5580.00
WASP-181 b,1.18400000,0.29900000,4.51950640000,5839.00
Kepler-583 b,0.20340798,0.01830000,6.51002530000,5523.00
Kepler-1770 b,0.25349473,0.02660000,16.84189987000,5602.00
Kepler-987 b,0.29083772,0.03360000,105.30331480000,5637.00
Kepler-385 d,0.23361984,0.02320000,56.41590000000,5829.00
Gl 410 b,0.25300000,0.02642936,6.02000000000,3842.00
Kepler-1201 b,0.20430012,0.01840000,15.18725932000,6177.00
Kepler-1540 b,0.22214292,0.02130000,125.41311770000,4540.00
HAT-P-70 b,1.87000000,6.78000000,2.74432452000,8450.00
Kepler-176 c,0.23200000,0.00418465,12.75971200000,5232.00
HD 96700 c,0.15100000,0.01101223,19.88000000000,5845.00
Kepler-1568 b,0.11597823,0.00705000,20.92539200000,5956.00
HATS-58 A b,1.09500000,1.03000000,4.21808960000,7175.00
WASP-169 b,1.30400000,0.56100000,5.61141180000,6110.00
K2-147 b,0.13140000,0.00872000,0.96193900000,3690.00
Kepler-247 d,0.35200000,0.04630000,20.47791200000,5100.00
Kepler-1552 b,0.22035864,0.02100000,184.77185300000,5202.00
K2-398 b,0.20287304,0.01820000,6.39302500000,5946.00
K2-268 b,0.13382127,0.00899000,2.15167600000,5106.00
LkCa 15 c,,,,4194.00
Kepler-1542 c,0.05798912,0.00065300,2.89223021000,5564.00
HD 30856 b,1.21000000,1.54700000,847.00000000000,4895.00
Kepler-173 c,0.21700000,0.02040000,8.00577700000,6031.00
TOI-163 b,1.48900000,1.22000000,4.23130600000,6495.00
Kepler-1445 b,0.08564546,0.00264000,10.60052251000,6150.00
Kepler-1095 b,0.10794897,0.00606000,4.27103091000,5658.00
Kepler-1123 b,0.14898742,0.01080000,4.33946454000,5500.00
NGTS-8 b,1.09000000,0.93000000,2.49970000000,5241.00
Kepler-2000 b,0.24355471,0.02490000,6.38315913500,3757.00
Kepler-1371 c,0.05709698,0.00061800,2.00541269000,5361.00
Kepler-538 b,0.19760940,0.04058794,81.73778000000,5534.00
HD 219134 c,0.13480239,0.01371803,6.76458000000,4699.00
HD 219134 f,0.11687037,0.02296825,22.71700000000,4699.00
HD 219134 h,1.14000000,0.34000000,2247.00000000000,4913.00
Kepler-1877 b,0.05567732,0.00056400,2.37756991400,5615.00
Kepler-331 c,0.16400000,0.01270000,17.28111000000,4347.00
Kepler-543 b,0.22303506,0.02140000,13.89961966000,4671.00
HD 150010 b,1.18000000,2.40000000,562.00000000000,4153.00
Kepler-1105 b,0.17932019,0.01480000,4.42157218200,4299.00
Kepler-1311 b,0.11062539,0.00651000,11.17269940000,5748.00
K2-58 c,0.14452672,0.01020000,2.53726000000,5413.00
Kepler-1449 b,0.14987956,0.01090000,13.22745280000,5979.00
HD 38801 b,1.11000000,9.69800000,685.25000000000,5338.00
Kepler-389 c,0.13000000,0.00859000,14.51143000000,5376.00
Kepler-147 c,0.21700000,0.02040000,33.41642300000,6012.00
GJ 1265 b,0.23400000,0.02328289,3.65110000000,3236.00
Kepler-604 b,0.23106432,0.02270000,25.85501786000,5890.00
K2-12 b,0.21768259,0.01636103,8.28246000000,5672.00
GJ 514 b,0.19000000,0.01636103,140.43000000000,3728.00
Kepler-92 c,0.23200000,0.01900000,26.72300000000,5883.00
Kepler-1635 b,0.32473905,0.04050000,469.63111000000,5347.00
Kepler-667 b,0.42198234,0.06320000,41.43962808000,5327.00
Kepler-1709 b,0.27872728,0.03120000,65.70459747000,5918.00
K2-158 c,0.11419395,0.00687000,5.90279000000,5503.00
EPIC 220674823 b,0.14952296,0.02454154,0.57131270000,5578.00
Kepler-167 b,0.15326996,0.01130000,4.39315390000,4884.00
Kepler-127 c,0.23700000,0.02380000,29.39319500000,6106.00
Kepler-111 c,0.63200000,0.70000000,224.77833000000,5914.00
Kepler-890 b,0.79311268,0.18400000,52.75875577000,5954.00
GJ 357 d,0.20900000,0.01919265,55.66100000000,3505.00
Kepler-175 b,0.22800000,0.02230000,11.90351500000,6064.00
WASP-175 b,1.20800000,0.99000000,3.06529070000,6229.00
WASP-182 b,0.85000000,0.14800000,3.37698480000,5638.00
Kepler-374 c,0.09800000,0.00430000,3.28280700000,5977.00
K2-43 b,0.40235525,0.05830000,3.47114900000,3840.60
Kepler-557 b,0.23820145,0.02390000,3.70598955100,6068.00
Kepler-1904 b,0.12405226,0.00791000,4.57702016800,3805.00
HATS-47 b,1.11700000,0.36900000,3.92280380000,4512.00
Kepler-186 e,0.11300000,0.00678000,22.40770400000,3788.00
Kepler-1902 b,0.10488341,0.00546000,3.82222008700,3729.00
Kepler-747 b,0.47015791,0.07590000,35.61760587000,5096.00
DH Tau b,2.70000000,11.00000000,,4371.00
HD 134606 f,0.20000000,0.01771396,26.91500000000,5576.00
GJ 3998 d,0.20900000,0.01909836,41.78000000000,3726.00
HIP 5763 b,1.27000000,0.51000000,30.01400000000,4352.00
Kepler-1044 b,0.23820145,0.02390000,6.77408868000,5985.00
HATS-48 A b,0.80000000,0.24300000,3.13166660000,4546.00
HATS-49 b,0.76500000,0.35300000,4.14804670000,4405.00
HATS-72 b,0.72240000,0.12540000,7.32794740000,4656.10
Kepler-316 b,0.09500000,0.00377000,2.24050800000,4204.00
Kepler-1085 c,0.29156726,0.03370000,56.77710000000,5816.00
Kepler-1585 b,0.15969310,0.01210000,3.58274630000,5538.00
Kepler-1856 b,0.15474009,0.01150000,1.30200004600,4948.00
Kepler-116 b,0.30500000,0.03640000,5.96873400000,6142.00
Kepler-1958 b,0.18299997,0.01530000,9.32861995700,5749.00
TOI-169 b,1.08600000,0.79100000,2.25544770000,5880.00
HD 12648 b,1.20000000,1.96000000,133.60001000000,4835.00
Kepler-1301 b,0.12489963,0.00800000,9.08237046000,5188.00
Kepler-879 c,0.03568567,0.00011500,0.64671600000,5456.75
HD 33142 d,0.83200000,0.20000000,89.90000000000,5025.40
Kepler-1695 b,0.09987412,0.00458000,4.73290000000,5473.19
NGTS-9 b,1.07000000,2.90000000,4.43527000000,6330.00
Qatar-6 b,1.06200000,0.66800000,3.50619500000,5052.00
HD 213885 b,0.15567847,0.02778215,1.00803500000,5978.00
Kepler-1103 b,0.20251584,0.01820000,19.79191978000,6092.00
NGTS-11 b,0.81700000,0.34400000,35.45533000000,5050.00
CoRoT-10 b,0.97000000,2.75000000,13.24060000000,5075.00
TOI-1728 b,0.45053082,0.08425888,3.49151000000,3980.00
HIP 114933 b,1.20000000,1.94000000,1481.60000000000,4823.00
11 Com b,1.09000000,15.46400000,323.21000000000,4874.00
Kepler-1162 c,0.16147766,0.01240000,59.28406400000,5225.00
HD 86226 c,0.19270229,0.02281094,3.98442000000,5863.00
HD 158259 b,0.11439756,0.00698487,2.17800000000,5801.89
HD 158259 d,0.19500000,0.01702168,5.19808140000,5801.89
Kepler-184 b,0.21100000,0.01940000,10.68757600000,5788.00
GJ 3512 b,1.27000000,0.46100000,203.10900000000,3141.00
HD 158259 e,0.20900000,0.01912972,7.95100000000,5801.89
HD 158259 f,0.21000000,0.01931850,12.02800000000,5801.89
Kepler-1112 b,0.26942635,0.02950000,14.36267939000,6496.00
Kepler-345 c,0.10700000,0.00692194,9.38742700000,4504.00
COCONUTS-2 b,1.11000000,8.00000000,402000000.00000000000,3406.00
HIP 65 A b,2.03000000,3.21300000,0.98097340000,4590.00
LTT 9779 b,0.42109020,0.09225057,0.79205200000,5443.00
Kepler-1820 b,0.27824391,0.03120000,31.03249931000,5841.00
Kepler-993 b,0.26496565,0.02870000,22.08557563000,3843.00
Kepler-261 c,0.17800000,0.01470000,24.57085800000,5098.00
Kepler-1560 b,0.07940048,0.00201000,3.03195744000,5815.00
HD 213885 c,0.42000000,0.06276941,4.78503000000,5978.00
WASP-126 b,0.93796109,0.28411415,3.28883000000,5800.00
XO-7 b,1.37300000,0.70900000,2.86414240000,6250.00
WASP-176 b,1.50500000,0.85500000,3.89905200000,5941.00
Kepler-233 c,0.24200000,0.02450000,60.41895500000,5360.00
Kepler-218 d,0.23730931,0.02380000,124.52446470000,5542.00
TOI-125 b,0.24319743,0.02989019,4.65382000000,5320.00
Kepler-1360 b,0.30332768,0.03610000,40.52864130000,6778.00
EPIC 220554210 c,0.14274268,0.01000000,0.70531000000,5499.00
Kepler-270 b,0.17900000,0.01480000,11.47609400000,6067.00
Kepler-215 d,0.21300000,0.07400000,30.86442300000,5739.00
Kepler-1867 b,0.10347595,0.00520000,9.88735961900,5693.00
HD 20782 b,1.21000000,1.48780000,597.06430000000,5782.13
Kepler-48 b,0.16772237,0.01239656,4.77800000000,5194.00
Kepler-1380 b,0.12757605,0.00829000,10.31082450000,5570.00
Kepler-693 b,0.90819877,0.23200000,15.37563332000,4881.00
K2-54 b,0.23300000,0.02310000,9.78330000000,3990.00
Kepler-1834 c,0.10884130,0.00624000,0.76669151700,4821.00
Kepler-1416 b,0.07850834,0.00193000,1.49514952000,6019.00
Kepler-292 e,0.23800000,0.02390000,11.97901000000,5299.00
Kepler-653 b,0.17396735,0.01400000,14.70748976000,5665.00
WASP-187 b,1.64000000,0.80000000,5.14787800000,6150.00
TOI-451 c,0.27656348,0.03080000,9.19252200000,5550.00
TOI-451 b,0.17039879,0.01360000,1.85870300000,5550.00
TOI-451 d,0.36310108,0.04900000,16.36498800000,5550.00
GJ 433 d,0.19100000,0.01643331,36.05900000000,3461.00
TOI-540 b,0.08056026,0.00212000,1.23914910000,3216.00
K2-268 c,0.23998614,0.02420000,9.32752700000,5106.00
Kepler-1485 b,0.13114462,0.00869000,19.91577250000,6087.00
Kepler-1134 b,0.23552502,0.02350000,17.13263989000,5281.00
Kepler-416 c,0.20983175,0.01930000,12.20900000000,5718.00
HD 202206 c,1.08000000,17.90000000,1260.00000000000,5766.00
Kepler-769 c,0.15969310,0.01210000,15.98701740000,6186.00
Kepler-1900 b,0.14480770,0.01030000,2.98622989700,6173.00
Kepler-1466 b,0.13828174,0.00951000,31.17504480000,5884.00
TOI-251 b,0.24444643,1.00000000,4.93777000000,5875.00
K2-124 b,0.25872067,0.02750000,6.41365100000,3570.00
Kepler-322 b,0.09000000,0.00317000,1.65388800000,5388.00
Kepler-1317 b,0.13917388,0.00961000,0.56887442700,5144.00
Kepler-1673 b,0.26188950,0.02810000,33.78880000000,6014.95
Kepler-740 b,0.40770809,0.05960000,3.58410121600,5438.00
EPIC 201754305 d,0.09189045,0.00340000,2.71578000000,4761.00
GJ 3473 c,0.23500000,0.02331435,15.50900000000,3347.00
GJ 3473 b,0.11276653,0.00585219,1.19800350000,3347.00
TOI-954 b,0.85200000,0.17400000,3.68497290000,5710.00
Kepler-567 b,0.20073156,0.01790000,16.54297375000,5148.00
Kepler-888 b,0.15701668,0.01180000,70.69790610000,5875.00
Kepler-1972 b,0.07154977,0.00635563,7.54425000000,5818.00
HIP 19976 b,0.44100000,0.06800000,50.65905000000,4316.00
HD 89744 b,1.12000000,8.35000000,256.78000000000,6291.00
Kepler-648 b,0.28726916,0.03290000,17.42117490000,5741.00
Kepler-1744 b,0.33611799,0.04290000,37.10110092000,5986.00
HIP 12961 b,1.18000000,0.36000000,57.43500000000,3901.00
tau Cet f,0.16100000,0.01236510,636.13000000000,5310.00
HD 141004 b,0.33600000,0.04290000,15.50830000000,5885.38
HD 189567 c,0.22700000,0.02202446,33.68800000000,5726.00
BD+37 3172 b,1.11000000,10.60000000,1887.76000000000,4500.00
Kepler-95 b,0.30500000,0.04100000,11.52310000000,5699.00
Kepler-1670 b,0.29944510,0.03530000,20.49980000000,5838.00
Kepler-1308 b,0.04639129,0.00029300,2.10433811900,3468.00
Kepler-404 c,0.15300000,0.01130000,14.75116600000,5654.00
K2-329 b,0.77400000,0.26000000,12.45512250000,5282.00
Kepler-1400 b,0.14452672,0.01020000,9.06689421000,5044.00
HD 96992 b,1.22000000,1.14000000,514.00000000000,4725.00
Kepler-326 d,0.10800000,0.02200000,6.76688800000,5105.00
TOI-481 b,0.99000000,1.53000000,10.33111000000,5735.00
Kepler-1514 b,1.10800000,5.28000000,217.83184000000,6145.00
V2376 Ori b,7.78000000,20.00000000,,
Kepler-129 c,0.22481973,0.13529313,82.20000000000,5770.00
TOI-905 b,1.17100000,0.66700000,3.73949400000,5570.00
K2-73 c,1.16000000,3.59313383,1000.00000000000,5867.00
Kepler-1795 b,0.14836462,0.01070000,13.36019993000,4500.00
TIC 237913194 b,1.11700000,1.94200000,15.16886500000,5788.00
Kepler-512 b,0.23998573,0.02420000,34.43587975000,5997.00
NGTS-13 b,1.14200000,4.84000000,4.11902700000,5819.00
HD 72490 b,1.20000000,1.76800000,858.00000000000,4934.00
Kepler-1468 d,0.29725017,0.03490000,19.59059906000,5794.00
HD 75898 b,1.18000000,2.55000000,422.82000000000,6122.00
Kepler-1459 b,0.12133107,0.00761000,62.86916110000,4828.00
Kepler-1769 b,0.39834131,0.05730000,89.19349670000,6071.00
Kepler-1987 e,0.17129122,0.01370000,8.74292005000,4769.00
KOI-351 f,0.25700000,0.02720000,124.91440000000,6080.00
Kepler-1615 b,0.18378089,0.01540000,47.31261920000,5865.00
TOI-763 c,0.23463288,0.02932385,12.27370000000,5450.00
HATS-71 b,1.02400000,0.37000000,3.79552020000,3405.00
TOI-824 b,0.26104024,0.05810339,1.39297800000,4600.00
Kepler-880 b,0.23730931,0.02380000,7.71468975000,6761.00
Kepler-351 d,0.24266215,0.02470000,142.54424700000,5225.00
Kepler-324 b,0.10200000,7.59655193,4.38531500000,5194.00
GJ 251 b,0.16000000,0.01211345,14.23700000000,3342.00
Kepler-1931 b,0.23670619,0.02370000,38.57609940000,6167.00
HAT-P-62 b,1.07300000,0.76100000,2.64532350000,5629.00
HAT-P-63 b,1.11900000,0.61400000,3.37772800000,5400.00
Kepler-570 b,0.21857436,0.02070000,4.30166200300,5496.00
Kepler-1396 b,0.18467303,0.01550000,18.22064210000,6195.00
Kepler-1165 c,0.29984295,0.03540000,29.96870041000,6249.00
Kepler-640 b,0.22838790,0.02230000,22.24813967000,5653.00
Kepler-893 b,0.27031849,0.02970000,6.33855761000,5820.00
K2-138 d,0.21322152,0.02491898,5.40479000000,5356.30
HD 103949 b,0.29900000,0.03523896,120.87800000000,4792.00
Kepler-1487 c,0.71103700,0.15300000,35.80071120000,5745.00
Kepler-722 c,0.25158355,0.02630000,105.14474900000,5863.00
K2-138 e,0.30243554,0.04080798,8.26146000000,5356.30
K2-138 f,0.25907753,0.00512853,12.75758000000,5356.30
Kepler-170 b,0.28500000,0.26000000,7.93059200000,5679.00
Kepler-1542 e,0.06780266,0.00114000,5.10115756000,5564.00
Kepler-789 b,0.18913373,0.01620000,8.63847725000,5870.00
Kepler-328 c,0.48200000,0.12400000,71.31200000000,6064.00
K2-32 d,0.31082220,0.02108056,31.71701000000,5271.00
K2-32 b,0.47274593,0.04719528,8.99200000000,5271.00
Kepler-299 b,0.11800000,0.00724000,2.92712800000,5617.00
K2-154 c,0.18467303,0.01550000,7.95486000000,4097.00
K2-32 c,0.27959723,0.02548545,20.66093000000,5271.00
Kepler-1821 b,0.23128608,0.02280000,16.45809937000,5475.00
K2-348 b,0.29083822,0.03360000,4.68841800000,5077.00
HD 164922 b,1.19000000,0.36497499,1207.00000000000,5390.00
K2-100 b,0.34615101,0.06859047,1.67390350000,5945.00
HIP 71135 b,0.40600000,0.05915112,87.19000000000,4146.00
Kepler-55 f,0.14200000,0.00993000,10.19854500000,4503.00
Kepler-1073 d,0.13272478,0.00887000,2.50476002700,5509.00
Kepler-804 c,0.10170399,0.00489000,9.65185017000,5817.00
GJ 15 A b,0.13900000,0.00953340,11.44070000000,3607.00
Kepler-135 c,0.10300000,0.00521000,11.44870800000,6090.00
K2-138 g,0.26880186,0.01359217,41.96797000000,5356.30
TOI-1231 b,0.32563175,0.04845382,24.24558600000,3553.00
HD 73526 b,1.17000000,3.08000000,188.30000000000,5601.00
Kepler-959 b,0.39075743,0.05550000,14.80074836000,7005.00
TOI-1062 b,0.20207011,0.03193547,4.11296000000,5328.00
Kepler-1304 b,0.20430012,0.01840000,16.12888530000,5259.00
PH2 b,0.83300000,0.27400000,282.52542000000,5734.00
Kepler-1043 b,0.22749576,0.02210000,38.50533980000,5629.00
Kepler-156 c,0.22700000,0.02210000,15.90680100000,5094.00
TOI-257 b,0.63900000,0.13800000,18.38818000000,6095.00
Kepler-168 b,0.13000000,0.00859000,4.42539100000,6282.00
TOI-532 b,0.51922652,0.19350064,2.32665080000,3927.00
K2-344 b,0.14185054,0.00993000,3.35585000000,4374.00
Kepler-1708 b,0.88857321,4.60000000,737.11310000000,6157.00
TOI-1749 d,0.22481973,0.04719528,9.04970000000,3985.00
TOI-674 b,0.46837443,0.07425390,1.97714300000,3514.00
Kepler-1310 b,0.12846820,0.00839000,0.67933627200,5549.00
TOI-1062 c,0.27600000,0.03077132,7.97200000000,5328.00
HD 5278 b,0.21857474,0.02454154,14.33915600000,6203.00
HD 154857 b,1.18000000,2.45000000,408.60001000000,5589.00
Kepler-1404 b,0.17932019,0.01480000,15.93147390000,5261.00
K2-99 c,1.12000000,8.40000000,522.20000000000,6069.00
TOI-269 b,0.24712327,0.02768790,3.69771040000,3514.00
Kepler-902 b,0.22660362,0.02200000,40.10995470000,5647.00
Kepler-894 b,0.24801499,0.02560000,9.80322400000,5603.00
TOI-628 b,1.06000000,6.33000000,3.40956750000,6250.00
HD 64121 b,1.18000000,2.56000000,623.00000000000,5078.00
HAT-P-58 b,1.33200000,0.37200000,4.01383790000,6078.00
HAT-P-59 b,1.12300000,1.54000000,4.14197710000,5678.00
Kepler-213 c,0.20900000,0.01910000,4.82296200000,5696.00
Kepler-1561 b,0.09724329,0.00416000,1.00520700700,5957.00
Kepler-1338 b,0.08207690,0.00227000,0.93511805700,5909.00
Kepler-53 d,0.18900000,0.11701503,9.75196200000,6085.00
TOI-2202 c,1.19000000,0.36900000,24.67440000000,5144.00
K2-333 b,0.55134362,0.09950000,14.75928700000,5880.00
Kepler-542 b,0.14006602,0.00972000,13.14497566000,5526.00
Kepler-394 c,0.14800000,0.01070000,12.13068600000,6402.00
HD 213240 b,1.14000000,5.21000000,882.70001000000,5979.00
Kepler-1640 b,0.43001160,0.06520000,7.58441260000,6324.00
Kepler-1423 b,0.09456687,0.00377000,23.95537800000,4939.00
55 Cnc B b,0.15100000,0.01101223,6.79940000000,3286.00
GJ 4274 c,0.25200000,0.02639789,69.57000000000,3228.00
55 Cnc c,0.76000000,0.17140000,44.39360000000,5198.00
61 Vir c,0.39800000,0.05700000,38.02100000000,5577.00
HAT-P-43 b,1.21598925,0.66200000,3.33264140000,5693.00
Kepler-1894 c,0.10794916,0.00606000,5.05368985000,5772.00
Kepler-1512 b,0.10527255,0.00553000,20.35972599000,4372.00
Kepler-825 b,0.13649746,0.00930000,3.77360059000,5976.00
Kepler-245 c,0.19400000,0.08400759,17.46081200000,5100.00
Kepler-1233 b,0.23195646,0.02290000,45.12630420000,6198.00
K2-331 b,0.15969338,0.01210000,9.39897700000,5994.00
Kepler-1398 b,0.08029262,0.00210000,2.78815679000,6126.00
TOI-2184 b,1.01700000,0.65000000,6.90683000000,5966.00
K2-19 d,0.09902774,0.03146352,2.50810000000,5322.00
USco1621 b,1.09000000,16.00000000,,3460.00
Kepler-607 b,0.07761620,0.00186000,0.63816320400,5196.00
Kepler-1981 b,0.82344686,0.19700000,453.54212000000,5874.00
Kepler-1784 b,0.24974304,0.02590000,13.59049988000,5442.00
TRAPPIST-1 f,0.09322882,0.00326906,9.20754000000,2566.00
TRAPPIST-1 e,0.08207704,0.00217728,6.10101300000,2566.00
TRAPPIST-1 g,0.10072281,0.00415633,12.35244600000,2566.00
Kepler-1019 b,0.13025248,0.00859000,1.41122984700,4433.00
Kepler-1894 b,0.10716207,0.00590000,2.76266002700,5772.00
TOI-2257 b,0.19573591,0.01710000,35.18934600000,3430.00
Kepler-97 b,0.13200000,0.01100000,2.58664000000,5779.00
Kepler-1230 b,0.24177001,0.02450000,9.95661537000,5961.00
Kepler-300 b,0.14900000,0.01080000,10.44634700000,5986.00
LTT 1445 A c,0.10232866,0.00484538,3.12390350000,3340.00
K2-75 c,0.24712285,0.02550000,18.31100000000,5995.00
K2-337 b,0.23374115,0.02320000,16.27356300000,5869.00
K2-275 b,0.20876118,0.01910000,3.28096260000,4841.00
HD 47186 b,0.44800000,0.07000000,4.08450000000,5657.00
Kepler-1024 b,0.34882684,0.04570000,66.41621330000,5143.00
Kepler-1559 b,0.06423410,0.00094200,0.97191542800,5316.00
Kepler-1725 b,0.25091645,0.02610000,16.71990013000,6020.00
Kepler-155 c,0.20000000,0.01780000,52.66179300000,4508.00
Kepler-307 b,0.21679008,0.02340874,10.42080000000,5367.00
Kepler-755 c,0.11240967,0.00669000,2.85313364400,5043.00
HATS-75 b,0.88400000,0.49100000,2.78865560000,3790.40
Kepler-1991 b,0.13114484,0.00869000,13.26079792000,5478.00
Kepler-1637 b,0.07940048,0.00201000,6.10960324000,5789.00
Kepler-708 b,0.26139709,0.02800000,3.16789193800,5692.00
TIC 172900988 b,1.00365950,2.96386345,200.45200000000,6050.00
BD-08 2823 b,,9.27700000,5.60000000000,4816.00
HD 10180 c,,8.62600000,5.75969000000,5911.00
HD 72659 b,1.17000000,2.98800000,3549.00000000000,5929.00
K2-19 c,0.36577813,0.03398060,11.89930000000,5322.00
Kepler-836 b,0.24355429,0.02490000,11.36112327000,5895.00
Kepler-178 b,0.25900000,0.02750000,9.57669400000,5676.00
TOI-3362 b,1.14200000,5.02900000,18.09547000000,6532.00
Kepler-1348 b,0.17307521,0.01390000,27.57227420000,5911.00
Kepler-984 b,0.18913373,0.01620000,43.03422720000,5610.00
TRAPPIST-1 h,0.06735670,0.00102571,18.77286600000,2566.00
GPX-1 b,1.47000000,19.70000000,1.74457900000,7000.00
TOI-559 b,1.09100000,6.01000000,6.98390950000,5925.00
TOI-530 b,0.83000000,0.40000000,6.38759700000,3659.00
Kepler-907 b,0.10705683,0.00588000,15.86621821000,6106.00
Kepler-823 b,0.14006602,0.00972000,4.16809082000,5643.00
HD 75302 b,1.14000000,5.40000000,4356.00000000000,5697.46
Kepler-647 c,0.35697654,0.04760000,29.66630000000,5906.74
K2-153 b,0.17842805,0.01470000,7.51574000000,3845.00
Kepler-1082 b,0.09991971,0.00459000,1.54320660400,5923.00
TOI-1431 b,1.49000000,3.12000000,2.65023700000,7690.00
HD 190360 c,0.40900000,0.06000000,17.11100000000,5549.00
HD 192310 c,0.46900000,0.07600000,525.80000000000,5166.00
HD 195019 b,1.16000000,3.98000000,18.20132000000,5751.00
Kepler-334 b,0.10000000,0.00459000,5.47031900000,5828.00
K2-346 b,0.20162404,0.01800000,26.20144600000,4801.00
Kepler-1196 b,0.19894727,0.01760000,66.18490310000,5756.00
Kepler-333 b,0.11800000,0.08900000,12.55115800000,4259.00
Kepler-562 b,0.46480507,0.07450000,18.00931443600,5575.00
Kepler-1671 b,0.11825977,0.00729000,4.16787000000,5135.55
Kepler-1158 b,0.20876082,0.01910000,13.53962930000,6203.00
Kepler-311 b,0.15200000,0.01110000,9.17609200000,5905.00
Kepler-57 b,0.27968645,0.07884758,5.72000000000,5187.90
Kepler-461 b,0.23017218,0.02260000,8.31378305900,5634.00
HD 24085 b,0.30900000,0.03712677,2.04550000000,6034.00
Kepler-1843 b,0.24168996,0.02450000,25.54339981000,5422.00
Kepler-1184 b,0.23909359,0.02410000,53.59910440000,5983.00
TOI-1860 b,0.11687057,0.00714000,1.06621070000,5752.00
TOI-2260 b,0.14452697,0.01020000,0.35247280000,5534.00
Kepler-1018 b,0.23017218,0.02260000,49.10135140000,5518.00
HD 69830 c,0.30900000,0.03710000,31.56000000000,5385.00
HD 10647 b,1.23000000,0.94000000,989.20000000000,6218.00
HD 219134 b,0.14292087,0.01491363,3.09292600000,4699.00
rho CrB d,0.44000000,0.06796120,282.20000000000,5817.00
K2-250 b,0.24200000,0.02460000,4.01392000000,5003.00
Kepler-1852 b,0.16826739,0.01330000,7.97094011300,5237.00
Kepler-881 b,0.15880096,0.01200000,4.44448017000,5961.00
Kepler-1294 b,0.28459274,0.03240000,115.68622580000,5776.00
HD 153557 c,0.38900000,0.05500000,15.27018000000,4837.00
Kepler-1255 b,0.20697654,0.01890000,36.29193360000,6018.00
Kepler-107 d,0.07672419,0.02422691,7.95839000000,5854.00
Kepler-127 b,0.12500000,0.00800000,14.43588900000,6106.00
Kepler-1736 b,0.34584640,0.04510000,37.81029892000,6085.00
HD 184010 c,1.06000000,0.30000000,484.30000000000,4971.00
Kepler-532 b,0.22928004,0.02240000,12.92491623000,5192.00
Kepler-1871 b,0.21605255,0.02030000,1.95270001900,5741.00
Kepler-1457 b,0.17753591,0.01450000,51.11102430000,5866.00
GJ 3512 c,1.27000000,0.45300000,2354.00000000000,3141.00
Kepler-30 c,1.09700000,2.01000000,60.32310500000,5498.00
HD 4732 b,1.19000000,1.98600000,371.74000000000,4898.00
TOI-2337 b,0.90000000,1.60000000,2.99432000000,4780.00
TOI-4329 b,1.50000000,0.45000000,2.92230000000,6000.00
TOI-2445 b,0.11151772,0.00660000,0.37112810000,3333.00
HIP 109600 b,1.18000000,2.68000000,232.08000000000,5530.00
Kepler-1923 b,0.17482248,0.01420000,52.60969925000,5881.00
Kepler-896 b,0.22571148,0.02180000,144.54739600000,5262.00
Kepler-467 b,0.20073156,0.01790000,24.99324193000,5809.00
Kepler-302 c,1.11100000,,127.28218400000,5740.00
TOI-2180 b,1.01000000,2.75500000,260.79000000000,5695.00
Kepler-683 b,0.17575163,0.01430000,2.53918317900,5703.00
Kepler-120 b,0.19200000,0.02700000,6.31250100000,4096.00
TOI-836.01,0.23079708,0.03020498,8.59545000000,4552.00
Kepler-1326 b,0.37291462,0.05120000,42.35142670000,6725.00
Kepler-9 b,0.73958426,0.13655099,19.23891000000,5774.00
Kepler-406 c,0.07600000,0.00900000,4.62332000000,5538.00
Kepler-315 b,0.33600000,0.04300000,96.10114100000,5796.00
Kepler-1078 b,0.16950665,0.01340000,3.00725242000,5612.00
TOI-206 b,0.11597843,0.00705000,0.73631040000,3383.00
TOI-2669 b,1.76000000,0.61000000,6.20340000000,4800.00
Kepler-1038 b,0.31492551,0.03840000,148.46033820000,5335.00
Kepler-1802 c,0.20715532,0.01890000,33.13610077000,4245.00
TOI-1064 b,0.23079708,0.04247575,6.44386800000,4734.00
TOI-1064 c,0.23650679,0.00786588,12.22657400000,4734.00
Kepler-1887 b,0.26091075,0.02790000,19.94750023000,5749.00
Kepler-1181 c,0.16326195,0.01260000,8.93484887000,6688.00
Kepler-1632 b,0.22035864,0.02100000,448.30355800000,6137.00
Kepler-1306 b,0.17039879,0.01360000,16.29595382000,5727.00
Kepler-1925 b,0.26780127,0.02920000,46.71640015000,5856.00
K2-390 b,0.41591650,0.06170000,3.31279200000,5558.00
K2-370 b,0.28610987,0.03270000,2.14084000000,5377.00
HD 220773 b,1.21000000,1.45000000,3724.70000000000,5940.00
Kepler-60 d,0.17753591,0.01308876,11.89810000000,5905.00
Kepler-1452 b,0.24087787,0.02440000,42.91375100000,6101.00
K2-405 b,0.40761958,0.05960000,3.43547100000,4927.00
Kepler-1686 b,0.12717728,0.00825000,9.30987000000,5714.96
HD 130322 b,1.22000000,1.15000000,10.70871000000,5387.00
Kepler-1138 b,0.15166384,0.01110000,3.17060005000,5582.00
TOI-1246 b,0.26853468,0.02548545,4.30744000000,5151.00
PDS 70 b,2.72000000,3.00000000,43500.00000000000,3972.00
Kepler-584 b,0.37559104,0.05190000,35.18103040000,6195.00
Kepler-1961 b,0.14441820,0.01020000,5.60471010200,5401.00
Kepler-270 c,0.15800000,0.01190000,25.26288700000,6067.00
Kepler-1610 b,0.14363458,0.01010000,8.70181574000,5383.00
Kepler-1157 b,0.09724329,0.00416000,4.45743164000,4679.00
Kepler-1746 b,0.79713267,0.18600000,321.21200560000,6018.00
K2-243 c,0.17932019,0.01480000,24.94598000000,6570.00
Kepler-403 d,0.12668391,0.00819000,13.61159129000,6209.00
Kepler-725 c,0.27500000,0.03051961,207.54100000000,5395.00
Kepler-378 b,0.06700000,0.00109000,16.09236100000,4661.00
TOI-216.01,0.90106320,0.56000000,34.52552800000,5026.00
HD 102272 b,1.15000000,4.94000000,127.58000000000,4790.00
GJ 2056 b,0.37200000,0.05097064,69.97100000000,4069.95
Kepler-256 e,0.21000000,0.01930000,10.68157200000,5551.00
Kepler-1408 b,0.07940048,0.00201000,2.99793191000,6170.00
TOI-2081 b,0.18199692,0.01520000,10.50534000000,3800.00
TOI-4479 b,0.25158398,0.02630000,1.15890000000,3400.00
BD-13 2130 b,1.11000000,9.78000000,714.29999000000,4545.00
TOI-500 c,0.18700000,0.01582615,6.63560000000,4440.00
Kepler-826 b,0.11151753,0.00660000,4.48758907000,6079.00
K2-157 c,0.54300000,0.09670000,25.94200000000,5334.00
TOI-1670 c,0.98700000,0.63000000,40.74976000000,6170.00
Kepler-1929 b,0.27411124,0.03040000,59.36249924000,5786.00
Kepler-1284 b,0.10794897,0.00606000,0.66407380600,5123.00
TOI-1107 b,1.30000000,3.35000000,4.07823870000,6311.00
TOI-2136 b,0.19537905,0.02004226,7.85192800000,3342.00
Gaia-2 b,1.32200000,0.81700000,3.69152240000,5720.00
TOI-1759 b,0.28013252,0.03398060,18.85019000000,4065.00
Kepler-1587 b,0.11865465,0.00733000,9.40604670000,5933.00
K2-336 b,0.10884130,0.00624000,21.19473300000,5424.00
Kepler-482 b,0.21054510,0.01940000,56.35418576000,4871.00
TOI-1268 b,0.81184902,0.30330832,8.15770940000,5300.00
Kepler-1070 b,0.15434026,0.01150000,6.22161470000,6261.00
HD 68402 b,1.12000000,7.90000000,1103.00000000000,5950.00
Kepler-736 b,0.26139709,0.02800000,3.60147201000,5217.00
K2-69 b,0.20697654,0.01890000,7.06599000000,4127.00
omi CrB b,1.23000000,1.12000000,187.01000000000,4769.00
Kepler-649 b,0.20162370,0.01800000,29.90722674000,5871.00
K2-25 b,0.30600000,0.07708562,3.48456408000,3207.00
TOI-500 b,0.10402373,0.00446782,0.54817700000,4440.00
Kepler-1237 b,0.25515211,0.02690000,84.57332260000,5472.00
GJ 3929 b,0.09724345,0.00550612,2.61623500000,3384.00
GJ 3929 c,0.20100000,0.01796567,15.04000000000,3384.00
HD 260655 c,0.13676533,0.00972223,5.70588000000,3803.00
HD 260655 b,0.11062558,0.00673319,2.76953000000,3803.00
TOI-3714 b,1.01000000,0.70000000,2.15484900000,3660.00
HD 564 b,1.12000000,0.33000000,492.30000000000,5902.00
Kepler-111 b,0.14100000,0.00982000,3.34181500000,5952.00
K2-368 b,0.11883329,0.00735000,5.02559800000,4663.00
Kepler-466 b,0.25425997,0.02670000,51.07926307000,5927.00
Kepler-1401 b,0.14987956,0.01090000,11.20066445000,5964.00
Kepler-928 b,0.14185030,0.00993000,3.93246130200,4700.00
Kepler-1361 b,0.07672406,0.00178000,3.57554956000,5131.00
K2-58 b,0.23909359,0.02410000,7.05254000000,5413.00
TAP 26 b,1.20000000,1.66000000,10.79000000000,4620.00
TOI-620 b,0.33544531,0.04280000,5.09881790000,3708.00
Kepler-192 d,0.09099830,0.00328000,6.47027579000,5487.00
Kepler-939 b,0.15612454,0.01170000,14.87829600000,5471.00
Kepler-1873 b,0.14503889,0.01030000,0.55884200300,5151.00
Kepler-282 e,0.27700000,0.17700000,44.34700000000,5656.00
Kepler-1357 b,0.11419395,0.00687000,3.00913240000,5597.00
HD 73583 b,0.24890756,0.03209279,6.39804200000,4511.00
Kepler-1320 b,0.15166384,0.01110000,0.86838652800,4817.00
Kepler-1807 b,0.24122908,0.02450000,10.86060047000,6455.00
NGTS-20 b,1.07000000,2.98000000,54.18915000000,5980.00
Gaia-1 b,1.22900000,1.68000000,3.05252400000,5470.00
HD 73583 c,0.21322189,0.03051961,18.87974000000,4511.00
Kepler-1845 b,0.21753691,0.02050000,11.60649967000,4703.00
Kepler-90 i,0.11776251,0.00724000,14.44912000000,6015.00
HD 194490 b,1.11000000,11.20700000,13092.18348000000,5861.32
HD 56414 b,0.33098460,0.04180000,29.04992000000,8500.00
WASP-148 b,0.75600000,0.28700000,8.80380900000,5555.00
K2-99 b,1.06000000,0.87000000,18.24783000000,6069.00
K2-398 c,0.45481388,0.07180000,18.78783900000,5946.00
Kepler-992 b,0.14452672,0.01020000,20.16034462000,4944.00
TOI-2048 b,0.23284900,0.02300000,13.79019000000,5185.00
Kepler-1273 b,0.22214292,0.02130000,28.62565300000,5566.00
TOI-3757 b,1.07057014,0.26838381,3.43875300000,3913.00
TOI-1820 b,1.14000000,2.30000000,4.86067400000,5734.00
Kepler-1899 b,0.13836967,0.00952000,4.09577989600,4791.00
Kepler-613 b,0.20430012,0.01840000,15.77979614000,5723.00
Kepler-393 b,0.11500000,0.00696000,9.18241700000,6189.00
Kepler-51 b,0.63300000,0.00700000,45.15400000000,6018.00
HD 23472 f,0.10143652,0.00242269,12.16218390000,4684.00
HD 23472 d,0.06691063,0.00173049,3.97664000000,4684.00
Kepler-713 b,0.22125078,0.02110000,7.41114100000,5785.00
TOI-2570 b,1.21700000,0.82000000,2.98876150000,5771.00
K2-150 b,0.17842805,0.01470000,10.59357000000,3499.00
HD 20868 b,1.22000000,1.25000000,380.85001000000,4802.00
TOI-1452 b,0.14916611,0.01516542,11.06201000000,3185.00
K2-212 b,0.23641757,0.02360000,9.79564700000,4349.00
EPIC 228836835 b,0.09813560,0.00430000,0.72811300000,3782.00
Kepler-183 c,0.20300000,0.11200000,11.63707100000,5888.00
Kepler-131 b,0.21500000,0.05100000,16.09200000000,5685.00
Kepler-62 f,0.12600000,0.11000000,267.29100000000,4925.00
Kepler-951 b,0.49870640,0.08390000,71.52530845000,4834.00
HD 161178 b,1.26000000,0.57000000,279.30000000000,4786.00
TOI-2545 b,0.24533899,0.02520000,7.99403700000,5846.29
Kepler-1860 b,0.10158262,0.00487000,12.73719978000,5420.00
TOI-3693 b,1.12400000,1.02000000,9.08851600000,5321.00
Kepler-732 b,0.19448657,0.01700000,9.46781404800,3631.00
HD 18599 b,0.23195686,0.07582708,4.13743540000,5145.00
TOI-1075 b,0.15978259,0.03130620,0.60473280000,3875.00
TOI-2193 A b,1.77000000,0.94000000,2.12257350000,5966.00
TOI-2207 b,0.99500000,0.64000000,8.00196800000,6101.00
Kepler-1040 b,0.18556517,0.01570000,201.12140000000,5694.00
TOI-969 b,0.24667720,0.02863180,1.82373050000,4435.00
Kepler-901 b,0.12222321,0.00771000,3.51749439400,4184.00
Kepler-1487 b,0.19002587,0.01630000,7.31946363000,6541.00
K2-396 c,0.27870509,0.03120000,25.76051000000,5236.00
HD 23472 c,0.16683051,0.01072906,29.79749000000,4684.00
Kepler-597 b,0.21143724,0.01950000,13.02365861000,5683.00
HD 100655 b,1.21000000,1.61000000,157.57001000000,4891.00
Kepler-203 b,0.22900000,0.02240000,3.16269700000,5821.00
Kepler-520 c,0.09545901,0.00390000,5.21104261000,6112.00
Kepler-51 e,0.19500000,0.01699030,264.28400000000,5674.00
Kepler-138 e,0.07110000,0.00135293,38.23000000000,3841.00
Kepler-330 b,0.12000000,0.00752000,8.25978000000,5117.00
HD 114082 b,1.00000000,8.00000000,109.75000000000,6651.00
Kepler-167 c,0.14934453,0.01080000,7.40610600000,4884.00
HD 180902 b,1.20000000,1.68500000,510.90000000000,4961.00
Kepler-1137 b,0.19627085,0.01720000,23.92107910000,6807.00
Kepler-267 c,0.19000000,0.01630000,6.87745000000,4258.00
HD 216520 b,0.28400000,0.03228141,35.45000000000,5103.00
TOI-2421 b,0.92500000,0.33300000,4.34740320000,5607.00
Kepler-242 b,0.23300000,0.02300000,8.20395000000,5020.00
TOI-5542 b,1.00900000,1.32000000,75.12375000000,5700.00
TOI-5238 b,0.46569801,0.07470000,4.87217100000,5631.00
Kepler-62 d,0.17400000,0.04400000,18.16406000000,4925.00
K2-380 b,0.24346549,0.02480000,9.40131200000,5911.00
TOI-4137 b,1.21100000,1.44000000,3.80161220000,6202.00
K2-213 b,0.13506866,0.00913000,8.13087000000,5794.00
TOI-3629 b,0.74000000,0.26000000,3.93655100000,3870.00
DMPP-1 e,0.16600000,0.01299437,5.51600000000,6196.00
75 Cet c,1.24000000,0.91200000,2051.62000000000,4809.00
Kepler-1577 b,0.10081185,0.00474000,6.30560247000,4862.00
Kepler-656 b,0.27834776,0.03120000,1.26025909400,5281.00
KOI-4978 b,0.06244992,0.00085200,0.94196700000,5050.28
Kepler-751 b,0.21946650,0.02080000,17.44490636000,5387.00
Kepler-606 b,0.29529842,0.03450000,24.31575992000,6161.00
Kepler-1575 b,0.11687037,0.00714000,2.55314213000,5667.00
TOI-1695 b,0.16950694,0.02001080,3.13427910000,3690.00
HD 207832 b,1.26000000,0.56000000,160.07000000000,5726.00
HD 102956 b,1.23000000,0.96000000,6.49470000000,4985.00
TOI-700 b,0.08154176,0.00222000,9.97721900000,3459.00
Kepler-1490 b,0.27121063,0.02980000,92.43629730000,5515.00
TOI-2364 b,0.76800000,0.22500000,4.01975170000,5306.00
TOI-1260 c,0.24623113,0.04153184,7.49313400000,4227.00
TOI-1260 d,0.27834824,0.03725281,16.60816400000,4227.00
NN Ser c,1.13000000,7.33000000,6987.00000000000,57000.00
Kepler-377 b,0.12400000,0.00790000,12.50952900000,5949.00
EPIC 212499991 b,0.14274244,0.01000000,34.88500000000,4982.79
Kepler-227 c,0.27100000,0.02980000,54.41869400000,5854.00
Kepler-887 b,0.16415380,0.01270000,20.42228798000,6194.00
GJ 3138 c,0.16700000,0.01315168,5.97400000000,3717.00
TOI-2842 b,1.14600000,0.37000000,3.55140580000,5910.00
TOI-2977 b,1.17400000,1.68000000,2.35056140000,5691.00
TOI-2583 A b,1.29000000,0.25000000,4.52072650000,5936.00
Kepler-1503 b,0.20251584,0.01820000,96.16987000000,5069.00
Kepler-1781 b,0.21241095,0.01970000,4.88752985000,5568.00
TOI-3023 b,1.46600000,0.62000000,3.90149710000,5760.00
Kepler-198 d,0.13649746,0.00930000,1.31184443000,5636.00
HD 191939 b,0.30422035,0.03146352,8.88032560000,5348.00
HIP 948 b,1.08000000,20.60000000,24955.45756000000,4497.00
Kepler-1204 b,0.27210277,0.03000000,85.73502850000,5825.00
TOI-2587 A b,1.07700000,0.21800000,5.45664000000,5760.00
Kepler-251 e,0.24700000,0.02550000,99.64016100000,5526.00
Kepler-547 b,0.35685610,0.04750000,6.01038428900,4828.00
Kepler-1828 b,0.18877597,0.01610000,10.27379990000,5806.00
Kepler-1328 b,0.08742974,0.00284000,4.52158888000,5780.00
Kepler-874 b,0.35150326,0.04630000,40.06867270000,6020.00
Kepler-164 d,0.21900000,0.02070000,28.98676900000,5888.00
Kepler-32 b,0.19600000,4.10000000,5.90124000000,3900.00
Kepler-1150 b,0.09099830,0.00328000,2.78786838600,4754.00
ZTF J1230-2655 b,1.23000000,22.10000000,0.23597766000,10000.00
TOI-3912 b,1.27400000,0.40600000,3.49362640000,5725.00
K2-104 b,0.15969338,0.01210000,1.97419540000,3712.00
HD 65216 b,1.22000000,1.29500000,577.60000000000,5612.00
HD 65216 c,1.19000000,2.03000000,5370.00000000000,5612.00
Kepler-1151 b,0.19805513,0.01750000,65.64784240000,5470.00
TOI-2818 b,1.36300000,0.71000000,4.03970900000,5721.00
HIP 65407 c,1.24000000,0.78400000,67.30000000000,5460.00
Kepler-124 c,0.15600000,0.01170000,13.82137500000,4984.00
TOI-700 e,0.08502111,0.00257000,27.80978000000,3459.00
Kepler-999 b,0.20876082,0.01910000,5.99185701700,6237.00
Oph 11 b,1.10000000,14.00000000,7300000.00000000000,2375.00
K2-11 b,0.67356588,0.14000000,39.93767000000,5433.00
HD 38283 b,1.25000000,0.40000000,363.20001000000,5981.00
Kepler-518 b,0.18824159,0.01600000,8.51203587700,5842.00
Kepler-265 d,0.22200000,0.02130000,43.13061700000,5835.00
HD 188015 b,1.21000000,1.50000000,461.20000000000,5746.00
Kepler-24 e,0.24800000,0.08247155,18.99835500000,5897.00
TOI-3807 b,1.65000000,1.04000000,2.89897270000,5772.00
HATS-54 b,1.01500000,0.75300000,2.54417650000,5621.00
TOI-2525 b,0.77400000,0.08400000,23.28560000000,5096.00
TOI-4463 A b,1.18300000,0.79400000,2.88071980000,5640.00
Kepler-797 b,0.19359443,0.01680000,27.07237711000,5680.00
HD 11755 b,1.14000000,5.63000000,433.70001000000,4312.00
KOI-351 b,0.11700000,0.00714000,7.00815100000,6080.00
Kepler-1793 b,0.33815521,0.04340000,8.77999973300,5191.00
Kepler-309 c,0.22400000,0.02150000,105.35638300000,4713.00
HD 40307 c,,5.87900000,9.61840000000,4956.00
HD 7199 b,,11.45000000,615.00000000000,5371.00
K2-136 d,0.13962019,0.00943906,25.57500000000,4500.00
GJ 251 c,0.16000000,0.01220785,53.64700000000,3342.00
K2-200 b,0.12172350,0.00766000,2.84988300000,5233.00
Kepler-922 b,0.12668391,0.00819000,0.93846683200,5671.00
Kepler-1780 b,0.32170692,0.03990000,109.44499970000,5403.00
Kepler-509 b,0.22214292,0.02130000,41.74600392000,6060.00
GJ 649 b,0.96600000,0.25800000,600.10000000000,3734.00
Kepler-813 b,0.19091801,0.01640000,19.12947337000,5743.00
HD 222582 b,1.12000000,8.37000000,572.38000000000,5790.00
Kepler-1551 b,0.23730931,0.02380000,24.49736980000,6136.00
Kepler-1352 b,0.07940048,0.00201000,1.87788274800,6118.00
Kepler-1422 b,0.18021233,0.01490000,18.60519420000,6194.00
GJ 849 c,1.23000000,0.99000000,5990.00000000000,3467.00
EPIC 206042996 b,0.15166410,0.01110000,5.29860000000,4114.00
HD 49674 b,0.55300000,0.10000000,4.94737000000,5602.00
Kepler-26 d,0.09500000,0.00390000,3.54391900000,4486.00
Kepler-229 d,0.34300000,0.04450000,41.19491200000,5120.00
HIP 70849 b,1.15000000,4.50000000,3649.00000000000,4105.00
Kepler-320 c,0.12200000,0.00771000,17.93493700000,6435.00
TOI-2338 b,1.00000000,5.98000000,22.65398000000,5581.00
Kepler-926 b,0.20608440,0.01870000,52.06886010000,5806.00
Kepler-106 e,0.22800000,0.03500000,43.84450000000,5858.00
Kepler-402 b,0.10900000,0.00624000,4.02875100000,6090.00
TOI-2589 b,1.08000000,3.50000000,61.62770000000,5579.00
TOI-2096 c,0.17075594,0.01360000,6.38784000000,3300.00
Kepler-1202 b,0.26228923,0.02820000,28.68513240000,5834.00
TOI-942 c,0.41663021,0.11641444,10.15627200000,4969.00
TOI-733 b,0.17771464,0.01799713,4.88476500000,5585.00
Kepler-1474 b,0.19270229,0.01670000,36.43334520000,5870.00
Kepler-128 c,0.13569476,0.01063467,22.80000000000,6072.00
Kepler-1734 b,0.27553896,0.03060000,6.79685020400,6061.00
Kepler-671 b,0.23998573,0.02420000,4.28095858800,5624.00
Kepler-186 c,0.11200000,0.00660000,7.26730200000,3788.00
Kepler-339 b,0.12700000,0.00819000,4.97765600000,5631.00
Kepler-102 d,0.10295316,0.00943906,10.31176700000,4909.00
TOI-942 b,0.34704315,0.05034138,4.32421000000,4969.00
HD 80883 b,1.14000000,5.50000000,6383.78352000000,5177.91
Kepler-777 b,0.13114462,0.00869000,5.72812599000,4043.00
Kepler-83 c,0.21100000,0.00638709,20.09000000000,4082.00
CoRoT-27 b,1.00700000,10.39000000,3.57532000000,5900.00
K2-131 b,0.15077196,0.02485618,0.36930380000,5120.00
K2-141 b,0.13471341,0.01563737,0.28032440000,4570.00
K2-141 c,0.62449925,0.02517081,7.74850000000,4570.00
Kepler-1206 b,0.14631100,0.01050000,1.21699766300,4877.00
HD 125595 b,,11.11000000,9.67370000000,4691.00
HD 179079 b,,13.20000000,14.47900000000,5646.00
Kepler-102 e,0.19359477,0.01478785,16.14569940000,4909.00
Kepler-68 b,0.21027782,0.02526521,5.39875259000,5847.00
TOI-2152 A b,1.28100000,2.83000000,3.37735120000,6630.00
TOI-2154 b,1.45300000,0.92000000,3.82408010000,6280.00
K2-136 c,0.26764253,0.05694897,17.30713000000,4500.00
Kepler-1602 b,0.11954679,0.00742000,11.17931605000,6296.00
OGLE-TR-56 b,1.36301421,1.39000000,1.21191890000,6050.00
Kepler-78 b,0.10714623,0.00528587,0.35500745000,5058.00
K2-169 b,0.11359503,0.00681000,6.38080300000,5548.00
Kepler-370 b,0.14200000,0.00993000,4.57953000000,5852.00
Kepler-1762 b,0.24625157,0.02530000,29.53910065000,6572.00
Kepler-511 c,0.37555986,0.05180000,26.62949944000,5866.00
KOI-1843.03,0.05442065,0.02517081,0.17689130000,3584.00
K2-416 b,0.23730971,5.20000000,13.10200000000,3746.00
TOI-4791 b,1.11000000,2.31000000,4.28088000000,6058.00
Kepler-369 b,0.10100000,0.00474000,2.73275600000,3591.00
Kepler-778 b,0.14987956,0.01090000,3.75574426000,5102.00
Kepler-68 d,1.24000000,0.84007174,632.62000000000,5847.00
K2-222 b,0.20965332,0.02737326,15.38857000000,5942.00
TOI-2025 b,1.06100000,3.60000000,8.87209820000,5977.00
CoRoT-35 b,1.68000000,1.10000000,3.22748000000,6390.00
Kepler-878 b,0.17218307,0.01380000,25.94220330000,5044.00
K2-72 e,0.11508609,0.00696000,24.15886800000,3360.47
HD 25171 b,1.24000000,0.91500000,1802.29000000000,6125.00
GJ 1061 b,0.09820000,0.00431048,3.20400000000,2953.00
TOI-913 b,0.21882454,0.02070000,11.09864400000,4969.00
TOI-2498 b,0.54063792,0.10892670,3.73825200000,5905.00
HD 155918 c,1.14000000,5.90900000,17202.19446000000,5771.84
Kepler-1508 b,0.11865465,0.00733000,20.70565040000,6158.00
Kepler-156 b,0.20500000,0.01860000,4.97345600000,5094.00
HD 15906 b,0.19983976,0.01780000,10.92470900000,4757.00
Kepler-1356 b,0.13649746,0.00930000,0.63400293700,5106.00
Kepler-1012 b,0.11508609,0.00696000,5.50860439000,5556.00
TOI-2000 c,0.72700000,0.25700000,9.12705500000,5611.00
Kepler-154 f,0.13382104,0.00899000,9.91935684000,5769.00
Kepler-1234 b,0.25069141,0.02610000,11.94014029000,4967.00
TOI-4308 b,0.21580018,0.02020000,9.15120100000,5243.00
TOI-5704 b,0.28792984,0.03300000,3.77111600000,4590.00
TOI-2000 b,0.24100000,0.03470000,3.09833000000,5611.00
HD 34445 e,0.38000000,0.05290000,49.17500000000,5836.00
Kepler-384 c,0.10100000,0.00474000,45.34826900000,5577.00
Kepler-1153 b,0.15434026,0.01150000,1.75583532700,5470.00
GJ 680 b,1.07000000,25.10000000,17281.66514000000,3563.00
Kepler-37 c,0.06735670,0.00409026,21.30184800000,5357.00
Kepler-37 b,0.02763855,0.00248562,13.36702000000,5357.00
TOI-778 b,1.37000000,2.80000000,4.63361100000,6643.00
TOI-715 b,0.13828198,0.00951000,19.28800400000,3075.00
Kepler-1271 b,0.13203676,0.00879000,3.02559550000,6143.00
Kepler-182 c,0.30600000,0.03660000,20.68434200000,6250.00
HIP 48714 b,0.45600000,0.07205110,17.81800000000,4015.50
rho CrB b,1.23000000,1.09300000,39.84380000000,5817.00
Kepler-416 b,0.22100000,0.18300000,6.31900000000,5718.00
K2-152 b,0.20430012,0.01840000,32.64790000000,4044.00
Kepler-1626 b,0.18021233,0.01490000,4.13962966000,6826.00
HD 97048 b,1.18000000,2.50000000,,10000.00
HD 4308 b,0.36800000,0.05000000,15.56000000000,5686.00
GJ 1252 b,0.10643251,0.00415318,0.51823310000,3458.00
Kepler-19 b,0.19707412,0.01919275,9.28699000000,5541.00
Kepler-68 c,0.08734068,0.00409026,9.60502700000,5847.00
Kepler-580 b,0.22928004,0.02240000,8.22241965600,4298.00
HD 217786 c,0.23300000,0.02300000,2.52221000000,5966.00
Kepler-219 b,0.26300000,0.02830000,4.58551200000,5786.00
Kepler-1941 b,0.23639701,0.02360000,31.33510017000,6404.00
K2-254 b,0.14541886,0.01040000,4.09639000000,4629.00
TOI-4127 b,1.09600000,2.30000000,56.39879000000,6096.00
Kepler-294 b,0.15800000,0.01190000,3.70121200000,5913.00
TOI-244 b,0.13560555,0.00843222,7.39722500000,3433.00
Kepler-296 b,0.14363458,0.01010000,10.86438400000,3740.00
HD 64114 b,0.39300000,0.05600478,45.79100000000,5676.00
Kepler-1947 b,0.09012118,0.00317000,6.96363019900,6040.00
HD 191939 c,0.28503930,0.02517081,28.57974300000,5348.00
TOI-1243 b,0.20786903,0.02422691,4.65947790000,3515.00
HD 191939 d,0.26719646,0.00880979,38.35303700000,5348.00
HD 108236 c,0.18476224,0.01550000,6.20344900000,5660.00
HD 151450 b,0.61900000,0.12100000,21.89288000000,6091.98
Kepler-546 b,0.62449817,0.12300000,4.14702025800,5967.00
NGTS-16 b,1.30000000,0.66700000,4.84532000000,5550.00
K2-6 b,0.22303506,0.02140000,30.94191000000,5850.00
Kepler-497 b,0.53885271,0.09570000,3.57320367100,5834.00
Kepler-971 b,0.19002587,0.01630000,9.59070716000,5431.00
Kepler-452 b,0.14541886,0.01040000,384.84300000000,5757.00
Kepler-553 b,0.42300000,0.36500000,4.03046700000,5191.00
Kepler-1791 b,0.27844041,0.03120000,7.72086000400,5887.00
Kepler-399 d,0.16900000,0.01330000,58.03461600000,5502.00
Kepler-1355 b,0.13025248,0.00859000,1.28958811200,5352.00
Kepler-83 b,0.25200000,0.00925027,9.77000000000,4082.00
Kepler-1827 b,0.16562103,0.01290000,3.70061993600,5423.00
Kepler-1886 b,0.23031392,0.02260000,24.27580070000,5745.00
Kepler-102 f,0.07681341,0.01352931,27.45359200000,4909.00
Kepler-102 b,0.04103852,0.00346099,5.28696500000,4909.00
Kepler-1467 b,0.29440628,0.03430000,47.05690430000,5332.00
TOI-139 b,0.21916355,0.02080000,11.07085000000,4570.00
TOI-672 b,0.46930226,0.07570000,3.63357500000,3765.00
Kepler-204 b,0.22600000,0.02180000,14.40097400000,5812.00
HIP 5158 b,1.21000000,1.42000000,345.72000000000,4962.00
Kepler-1311 c,0.10884111,0.00624000,2.53573424000,5748.00
TOI-908 b,0.28423637,0.05077268,3.18379200000,5626.00
Kepler-366 c,0.16000000,0.01210000,12.51616000000,6209.00
HD 136118 b,1.10000000,13.10200000,1187.59765000000,6097.00
Kepler-283 b,0.19000000,0.01630000,11.00815100000,4351.00
GJ 357 b,0.10705701,0.00578926,3.93060000000,3505.00
TOI-1052 c,0.57800000,0.10791987,35.80600000000,6146.00
Kepler-185 c,0.18000000,0.01490000,20.72904200000,5208.00
Kepler-1999 b,0.29351465,0.03410000,8.73967580000,4406.00
Kepler-1285 b,0.08653760,0.00274000,14.79674580000,6170.00
TOI-470 b,0.38718953,0.05460000,12.19148000000,5190.00
Kepler-1003 b,0.15880096,0.01200000,3.55485691500,6109.00
Kepler-213 b,0.14500000,0.01020000,2.46236000000,5696.00
Kepler-112 b,0.21100000,0.01940000,8.40887800000,5544.00
TOI-2095 b,0.11151772,0.01290004,17.66484000000,3759.00
TOI-1470 c,0.22035902,0.02277959,18.08816000000,3709.00
Kepler-1038 c,0.12634813,0.00816000,7.12765979800,5159.00
HD 109271 c,0.47000000,0.07600000,30.93000000000,5783.00
TOI-5293 A b,1.06000000,0.54000000,2.93028900000,3586.00
Kepler-26 e,0.21500000,0.02010000,46.82791500000,4486.00
Kepler-1731 b,0.26166131,0.02810000,21.76129913000,4859.00
TOI-622 b,0.82400000,0.30300000,6.40251300000,6400.00
Kepler-169 b,0.10100000,0.00474000,3.25061900000,4997.00
Kepler-239 b,0.20800000,0.01900000,11.76305100000,4914.00
Kepler-1812 b,0.20741783,0.01890000,7.16521978400,6174.00
Kepler-738 b,0.22303506,0.02140000,24.58721573000,5327.00
Kepler-1778 b,0.26912881,0.02940000,10.08740044000,6310.00
Kepler-1005 b,0.13382104,0.00899000,6.49801525000,5782.00
Kepler-617 b,0.11776251,0.00724000,1.68269614800,3712.00
Kepler-371 c,0.15900000,0.01200000,67.96801500000,5666.00
Kepler-211 b,0.11200000,0.00669000,4.13857500000,5123.00
HD 25912 b,0.61600000,0.12000000,41.83156000000,5920.58
TOI-4010 b,0.26942682,0.03460987,1.34833500000,4960.00
GJ 367 b,0.06236071,0.00199164,0.32192250000,3522.00
TOI-2641 b,1.61500000,0.38600000,4.88097400000,6100.00
GJ 367 c,0.16600000,0.01299443,11.53010000000,3522.00
HD 284149 AB b,1.07000000,26.28000000,,6035.00
Kepler-925 b,0.20876082,0.01910000,33.86785310000,4673.00
Kepler-54 c,0.11000000,0.00220245,12.07172490000,3705.00
HD 210193 b,1.27000000,0.48170406,649.91800000000,5790.00
HIP 54597 b,1.18000000,2.40000000,3274.00000000000,4799.00
TOI-1235 b,0.15077196,0.02104909,3.44471400000,3997.00
TOI-4010 e,1.19000000,2.17727549,762.00000000000,4960.00
TOI-1680 b,0.13078799,0.00865000,4.80263450000,3225.00
WASP-84 b,0.95600000,0.69200000,8.52349648000,5280.00
Kepler-801 b,0.17842805,0.01470000,11.41928253000,4435.00
Kepler-750 c,0.14452672,0.01020000,4.08899022000,6160.00
TOI-2018 b,0.20233776,0.02894644,7.43558300000,4174.00
TOI-1634 c,,,103.00000000000,3472.00
Kepler-117 b,0.71900000,0.09400000,18.79592280000,6150.00
Kepler-1724 b,0.25308032,0.02650000,6.45442009000,6092.00
GJ 180 d,0.23700000,0.02378630,106.30000000000,3371.00
Kepler-139 f,0.59500000,0.11326867,355.00000000000,5630.00
Kepler-34 b,0.76400000,0.22000000,288.82200000000,5913.00
MOA-2011-BLG-291L b,0.39600000,0.05700000,,
OGLE-2019-BLG-0468L b,1.17000000,3.43000000,,
OGLE-2019-BLG-0960L b,0.12400000,0.00786588,,
KMT-2024-BLG-0404L c,0.38600000,0.05443189,,
OGLE-2017-BLG-1375L b,1.11000000,11.28000000,,
Kepler-126 c,0.14100000,0.00402415,21.86974100000,6239.00
TOI-1052 b,0.25604469,0.05317335,9.13970300000,6146.00
Kepler-1455 b,0.19270229,0.01670000,49.27676400000,4075.00
Kepler-998 b,0.20697654,0.01890000,5.65377733000,6058.00
WASP-84 c,0.17400000,0.04800000,1.44688490000,5280.00
eps CrB b,1.13000000,6.70000000,417.90000000000,4406.00
GJ 685 b,0.26300000,0.02831702,24.16000000000,3816.00
TOI-4010 c,0.52904008,0.06390241,5.41465400000,4960.00
K2-3 c,0.14113683,0.00843222,24.64672900000,3844.00
K2-3 d,0.13007427,0.00692197,44.55603000000,3844.00
Kepler-733 b,0.25158355,0.02630000,20.83424726000,5418.00
KMT-2017-BLG-1057L b,0.46300000,0.07393927,,
OGLE-2019-BLG-0362L b,1.17000000,3.26000000,,
Kepler-1451 b,0.29886698,0.03520000,35.62223300000,5782.00
Kepler-108 c,0.73000000,0.16000000,190.32349400000,5854.00
KMT-2019-BLG-1339L b,1.22000000,1.25000000,,
Kepler-397 b,0.21900000,0.02080000,22.25094900000,5307.00
OGLE-2003-BLG-235L b,1.18000000,2.60000000,,
OGLE-2012-BLG-0358L b,1.20000000,1.85000000,,
OGLE-2015-BLG-1609L b,0.92600000,0.24000000,,
KMT-2021-BLG-1077L c,0.94900000,0.25000000,,
TOI-5344 b,0.94600000,0.41200000,3.79262200000,3747.00
HD 11964 b,1.26000000,0.62200000,1945.00000000000,5303.00
HD 132406 b,1.14000000,5.94000000,908.00000000000,5766.00
HD 28471 c,0.20100000,0.01799713,6.12450000000,5766.00
TOI-1801 b,0.18600000,0.01805377,10.64387000000,3863.00
Kepler-52 d,0.17400000,0.27963989,36.44517100000,4263.00
TOI-1853 b,0.30868106,0.23031296,1.24362580000,4985.00
LHS 475 b,0.08841125,0.00296000,2.02908800000,3300.00
Kepler-756 b,0.09991971,0.00459000,1.22486632200,5282.00
EPIC 229004835 b,0.20804746,0.03272206,16.14113200000,5868.00
Kepler-1286 b,0.19181015,0.01660000,11.25402929000,5753.00
OGLE-2019-BLG-1492L b,0.60600000,0.11672965,,
Kepler-132 c,0.11400000,0.00687000,6.41491400000,6003.00
OGLE-2016-BLG-0263L b,1.16000000,4.10000000,,
OGLE-2017-BLG-0364L b,0.92300000,0.23849347,,
UKIRT-2017-BLG-001L b,1.22000000,1.28000000,,
OGLE-2018-BLG-1126L b,0.39300000,0.05600000,,
KMT-2019-BLG-0298L b,1.20000000,1.81000000,,
Kepler-1430 b,0.10527255,0.00553000,2.46050993000,4796.00
Kepler-924 b,0.27388706,0.03030000,61.03701170000,6167.00
K2-73 b,0.23017258,0.02894644,7.49556000000,5867.00
pi Men c,0.18011450,0.01142126,6.26783990000,5998.00
HIP 38594 b,0.24700000,0.02548532,60.72200000000,4086.30
Kepler-1903 b,0.20398143,0.01840000,17.06789970000,6347.00
TOI-5126 c,0.34436673,0.04470000,17.89990000000,6150.00
TOI-5126 b,0.42287520,0.06340000,5.45883850000,6150.00
Kepler-1453 b,0.23820145,0.02390000,47.16116960000,5665.00
G 264-012 c,0.15700000,0.01179882,8.05180000000,3326.00
HD 128311 b,1.20000000,1.76900000,453.01900000000,4965.00
MOA-2016-BLG-526L b,0.35400000,0.04700000,,
OGLE-2018-BLG-1269L b,1.25000000,0.67000000,,
KMT-2018-BLG-0087L b,0.90300000,0.23000000,,
Kepler-535 b,0.21054510,0.01940000,4.90332155100,6123.00
OGLE-2007-BLG-368L b,0.42100000,0.06000000,,
OGLE-2018-BLG-0799L b,0.97100000,0.26000000,,
MOA-2010-BLG-328L b,0.26600000,0.02900000,,
MOA-2012-BLG-006L b,1.12000000,8.40000000,,
OGLE-2018-BLG-1011L b,1.20000000,1.80000000,,
KMT-2018-BLG-0748L b,0.80400000,0.19000000,,
Kepler-1763 b,0.10228524,0.00499000,1.48028004200,5897.00
BD+20 594 b,0.23000000,0.07000000,41.68550000000,5766.00
HD 147873 b,1.15000000,5.14000000,116.59600000000,5972.00
HIP 113103 c,0.21411403,0.02000000,14.24564800000,4930.00
Kepler-1061 b,0.17664377,0.01440000,2.75798266600,6067.00
Kepler-1539 b,0.24087787,0.02440000,133.30367410000,5176.00
Kepler-1995 b,0.38183668,0.05330000,73.75788750000,5029.00
TOI-199 b,0.81000000,0.17000000,104.85400000000,5255.00
TOI-5398 b,0.91890603,0.18469085,10.59054700000,6000.00
GJ 3942 b,0.22900000,0.02246484,6.90500000000,3867.00
HD 110067 f,0.23204608,0.01585761,41.05854000000,5266.00
HD 11506 b,1.15000000,4.88000000,1617.70000000000,6123.00
Kepler-235 d,0.18300000,0.01530000,20.06054800000,4255.00
OGLE-2017-BLG-1806L b,0.19200000,0.01658127,,
Kepler-1530 d,0.29250663,0.03390000,9.20761013000,5678.00
Kepler-661 b,0.27388706,0.03030000,6.02930132100,4483.00
MOA-2011-BLG-028L b,0.53500000,0.09000000,,
MOA-2013-BLG-605L b,0.14400000,0.01020000,,
OGLE-2012-BLG-0406L b,1.18000000,2.73000000,,
KMT-2022-BLG-0440L b,0.36100000,0.04845382,,
Kepler-1076 b,0.07137122,0.00137000,6.14727918000,4868.00
OGLE-2018-BLG-0383L b,0.21500000,0.02013665,,
Kepler-1258 b,0.07672406,0.00178000,0.98494016700,5839.00
Kepler-87 c,0.54800000,0.02000000,191.23180000000,5600.00
HD 110067 e,0.17307551,0.01227077,30.79309100000,5266.00
HD 110067 c,0.21304346,0.01982202,13.67369400000,5266.00
HD 147018 c,1.13000000,6.56000000,1008.00000000000,5441.00
Kepler-1896 b,0.27650685,0.03080000,44.87020111000,6122.00
K2-401 b,0.20180247,0.01810000,6.29309900000,4213.00
Kepler-1681 b,0.22778283,0.02220000,69.89560000000,5756.40
GJ 2126 b,1.22000000,1.30000000,272.70000000000,4159.00
HD 1605 b,1.23000000,0.93400000,577.20000000000,4915.00
Kepler-139 d,0.15121803,0.00629270,7.30569992200,5622.00
Kepler-1171 b,0.22838790,0.02230000,1.44259224000,7044.00
Kepler-336 d,0.21100000,0.01950000,20.67877200000,5867.00
CoRoT-16 b,1.17000000,0.53500000,5.35227000000,5650.00
KMT-2018-BLG-0030L b,1.21000000,1.45000000,,
KMT-2022-BLG-1013L b,1.08000000,0.31000000,,
alf Tau b,1.13000000,6.47000000,628.96000000000,4055.00
Kepler-1031 b,0.07761620,0.00186000,1.22621732000,6011.00
mu Leo b,1.18000000,2.40000000,357.80000000000,4538.20
HD 60292 b,1.13000000,6.50000000,495.40000000000,4348.00
TOI-4377 b,1.34800000,0.95700000,4.37808100000,4974.00
Kepler-1533 b,0.30868052,0.03720000,308.54710000000,6431.00
TOI-2373 b,0.93000000,9.30000000,13.33668000000,5651.00
Kepler-61 b,0.19200000,0.01660000,59.87756000000,4017.00
Kepler-120 c,0.13600000,0.00930000,12.79458500000,4096.00
Kepler-1403 b,0.19091801,0.01640000,5.19492202000,6060.00
TOI-1994 b,1.22000000,22.10000000,4.03371420000,7700.00
TOI-2524 b,1.00000000,0.64000000,7.18585000000,5831.00
KMT-2022-BLG-1790L b,1.20000000,1.73000000,,
HD 108874 c,1.23000000,0.99000000,1624.00000000000,5551.00
HD 41004 A b,1.18000000,2.54000000,963.00000000000,5310.00
Kepler-118 c,0.68500000,0.14400000,20.17202000000,5274.00
Kepler-822 b,0.15790882,0.01190000,3.22296927300,5928.00
TOI-238 c,0.19448691,0.02108056,8.46565100000,5059.00
Kepler-608 b,0.32473905,0.04050000,6.41251503700,5820.00
HD 181720 b,1.25000000,0.40000000,956.00000000000,5736.00
Kepler-388 c,0.07700000,0.00178000,13.29700400000,4498.00
Kepler-900 b,0.18556517,0.01570000,6.99130860000,4836.00
Kepler-666 b,0.21411366,0.02000000,4.49876092000,5887.00
HIP 91258 b,1.23000000,1.09000000,5.05050000000,5519.00
K2-22 b,0.20519261,1.40000000,0.38107300000,3879.00
Kepler-1606 b,0.18467303,0.01550000,196.43522400000,5422.00
HD 4917 b,1.21000000,1.61500000,400.50000000000,4802.00
MOA-2012-BLG-505L b,0.22100000,0.02110000,,
KMT-2019-BLG-1715L b,1.18000000,2.56000000,,
KMT-2021-BLG-2609L b,0.28300000,0.03200000,,
Kepler-1946 b,0.22197620,0.02120000,3.03519010500,5505.00
HD 142022 A b,1.15000000,4.51000000,1928.00000000000,5421.00
2MASS J03590986+2009361 b,1.08000000,18.00000000,,2943.00
GJ 896 A b,1.19000000,2.26000000,284.39000000000,3345.00
Kepler-1461 b,0.18110447,0.01500000,29.34947750000,4919.00
HD 168009 b,0.27200000,0.03000000,15.14790000000,5778.33
Kepler-361 c,0.22500000,0.02170000,55.18802300000,6169.00
Kepler-763 b,0.10884111,0.00624000,1.19655156000,5166.00
HD 98736 b,1.19000000,2.33000000,968.80000000000,5271.00
HD 34445 b,1.24000000,0.82000000,1049.00000000000,5879.00
GJ 3222 b,0.30300000,0.03600000,10.66669000000,5257.46
KMT-2021-BLG-0322L b,1.13000000,6.40000000,,
OGLE-2014-BLG-0221L b,1.15000000,4.35000000,,
KMT-2016-BLG-2142L b,1.09000000,15.49000000,,
KMT-2024-BLG-1044L b,0.24100000,0.02438423,,
Kepler-340 b,0.22600000,0.02180000,14.84438700000,6620.00
TOI-544 c,0.43900000,0.06764657,50.08900000000,4169.00
Kepler-311 d,0.18288907,0.01530000,232.04032600000,5903.00
BD+48 738 b,1.24000000,0.91000000,392.60000000000,4414.00
Kepler-1307 b,0.22035864,0.02100000,18.01621096000,5884.00
HAT-P-55 b,1.32400000,0.59600000,3.58523130000,5804.00
HAT-P-65 b,1.61100000,0.55400000,2.60544751000,5872.00
Kepler-326 c,0.12500000,0.05500000,4.58035800000,5105.00
OGLE-2014-BLG-0319L b,1.26000000,0.57000000,,
KMT-2019-BLG-0371L b,1.13000000,7.70000000,,
Kepler-132 b,0.10800000,0.00606000,6.17819600000,6003.00
OGLE-2017-BLG-1237L b,1.16000000,3.80000000,,
MOA-bin-29 b,1.26000000,0.60000000,,
2MASS J21252752-8138278 b,1.10000000,12.00000000,,3592.00
Kepler-707 b,0.11865465,0.00733000,2.23749275100,5099.00
Kepler-262 b,0.12100000,0.00761000,13.06085500000,5841.00
Kepler-265 c,0.23500000,0.02330000,17.02893700000,5835.00
HD 18143 b,0.29300000,0.03400000,10.28510000000,5078.00
Kepler-1572 b,0.08386118,0.00245000,5.49548621000,5618.00
Kepler-352 c,0.11100000,0.00651000,16.33299500000,5212.00
Kepler-278 c,0.29155193,0.10980768,51.11100000000,4965.00
WASP-157 b,0.99830493,0.57400000,3.95162300000,5772.00
KMT-2023-BLG-0469L b,0.62800000,0.12400000,,
KMT-2021-BLG-0192L b,0.58500000,0.11000000,,
KMT-2016-BLG-2364L b,1.16000000,3.93000000,,
KMT-2018-BLG-1988L b,0.19800000,0.01749372,,
Kepler-400 c,0.13300000,0.00889000,17.34082400000,5886.00
HATS-2 b,1.12200000,1.37000000,1.35413379000,5227.00
K2-391 b,0.12231264,0.00772000,4.62265400000,5543.00
Kepler-1683 b,0.16725646,0.01310000,15.03370000000,5429.00
Kepler-1634 b,0.28459274,0.03240000,374.87623900000,5474.00
Kepler-122 b,0.20900000,0.01910000,5.76619300000,6050.00
BD+60 1417 b,1.31000000,15.00000000,,4993.00
GJ 9827 c,0.10081202,0.00585221,3.64810300000,4236.00
LTT 3780 b,0.11820879,0.00774003,0.76837931000,3358.00
TOI-1273 b,0.99000000,0.22200000,4.63129600000,5690.00
TOI-1347 c,0.14274268,0.02013665,4.84196200000,5464.00
Kepler-271 d,0.05888126,0.00069000,5.24972541000,5555.00
OGLE-2017-BLG-1275L b,1.14000000,5.90000000,,
GJ 273 c,0.09420000,0.00371268,4.72340000000,3382.00
KMT-2021-BLG-0748L b,1.28000000,0.45000000,,
Kepler-446 c,0.10000000,0.00444000,3.03617900000,3359.00
KMT-2023-BLG-1642L b,1.23000000,1.08000000,,
MOA-2010-BLG-117L b,1.27000000,0.54000000,,
HD 22532 b,1.19000000,2.12000000,872.60000000000,5038.00
Kepler-235 c,0.11400000,0.00687000,7.82490400000,4255.00
HD 2039 b,1.14000000,6.29000000,1120.00000000000,5945.00
Kepler-20 d,0.23249215,0.04216111,77.61145500000,5495.00
Kepler-697 b,0.36845392,0.05020000,3.70987064500,5513.00
Kepler-99 b,0.13200000,0.01900000,4.60358000000,4782.00
Kepler-1835 b,0.31527200,0.03850000,11.96409988000,5903.00
Kepler-1555 b,0.14363458,0.01010000,8.10501635000,5866.00
Kepler-783 c,0.20800582,0.01900000,7.05395000000,5411.49
HD 38529 c,1.11000000,10.38000000,2127.60566000000,5697.00
HD 219139 b,1.24000000,0.78000000,275.50000000000,4831.00
KMT-2018-BLG-1990L b,1.16000000,0.34800000,,
K2-247 c,0.19537871,0.01710000,6.49424000000,4667.00
TOI-904 b,0.21643360,0.02030000,10.87720000000,3770.20
TOI-904 c,0.19332712,0.01680000,83.99970000000,3770.20
TOI-4860 b,0.77000000,0.27300000,1.52275910000,3260.00
OGLE-2014-BLG-1722L b,0.76600000,0.17400000,,
KMT-2016-BLG-1820L b,1.15000000,4.57000000,,
PSR B1620-26 b,1.18000000,2.50000000,,
OGLE-2007-BLG-349L AB c,0.95200000,0.25170815,2557.00000000000,
Kepler-1851 b,0.34794603,0.04550000,12.02289963000,5982.00
Kepler-1104 b,0.10973325,0.00642000,5.03728015000,6417.00
LHS 1678 c,0.08395054,0.00440489,3.69428400000,3490.00
Kepler-1901 b,0.13151857,0.00873000,3.48412990600,5696.00
Kepler-860 b,0.28905344,0.03320000,5.10137945400,5836.00
LHS 1140 b,0.15434053,0.01761957,24.73723000000,3096.00
LHS 1140 c,0.11348043,0.00600953,3.77794000000,3096.00
Kepler-1604 b,0.12579177,0.00809000,0.68368425600,4976.00
Kepler-804 b,0.17307521,0.01390000,14.37457351000,5817.00
HD 28471 d,0.18400000,0.01544859,11.68100000000,5766.00
HD 104067 b,0.82000000,0.19538845,55.85100000000,4952.00
TOI-4438 b,0.22481973,0.01699030,7.44628000000,3422.00
HD 104067 c,0.33000000,0.04153184,13.89920000000,4952.00
LHS 1678 d,0.08751911,0.00285000,4.96522290000,3490.00
KMT-2021-BLG-1554L b,0.61600000,0.12000000,,
Kepler-203 d,0.12800000,0.10700000,11.32972000000,5821.00
KMT-2021-BLG-1303L b,1.21000000,0.38000000,,
KMT-2021-BLG-0736L b,0.43300000,0.06607339,,
Kepler-1221 b,0.16772237,0.01320000,12.00096042000,5194.00
Kepler-1985 b,0.20251618,0.01820000,3.42064689000,5370.00
TOI-1347 b,0.16058552,0.03492451,0.84742346000,5464.00
HD 93083 b,1.20000000,0.37000000,143.58000000000,4995.00
Kepler-920 c,0.33901329,0.04360000,100.82741130000,5403.00
HD 88986 b,0.22214330,0.05411725,146.05000000000,5861.00
Kepler-1921 b,0.25823888,0.02740000,20.03479958000,6120.00
Kepler-750 b,0.27388706,0.03030000,9.42887179000,6160.00
Kepler-955 b,0.27923990,0.03130000,14.53244172000,5350.00
TOI-2529 b,1.03000000,2.34000000,64.59490000000,5802.00
Kepler-1943 b,0.13816527,0.00949000,4.85018014900,6032.00
TOI-1136 c,0.25684762,0.01988494,6.25740000000,5770.00
KMT-2021-BLG-1770L b,1.08000000,21.00000000,,
OGLE-2011-BLG-0265L b,1.24000000,0.88000000,,
OGLE-2018-BLG-0740L b,1.15000000,4.80000000,5480.00000000000,5912.00
KMT-2017-BLG-2509L b,1.19000000,2.09000000,,
Kepler-651 b,0.21143724,0.01950000,21.38521506000,5522.00
OGLE-2018-BLG-0932L b,1.24000000,0.89000000,,
OGLE-2014-BLG-0124L b,1.25000000,0.65000000,,
HD 331093 b,1.21000000,1.50000000,621.62000000000,5544.00
Kepler-1879 b,0.18423800,0.01550000,10.61340046000,5865.00
TOI-815 b,0.26228968,0.02391227,11.19725900000,4869.00
OGLE-TR-182 b,1.13000000,1.01000000,3.97910000000,5924.00
Kepler-364 c,0.19200000,0.01660000,59.98062700000,6108.00
Kepler-828 b,0.13471318,0.00909000,0.56785713600,5039.00
Kepler-229 b,0.19600000,0.01720000,6.25297200000,5120.00
Kepler-1689 b,0.08446663,0.00251000,8.48300000000,5731.43
K2-375 b,0.20010740,0.01780000,14.45389500000,5822.00
OGLE-2018-BLG-0567L b,1.10000000,0.32000000,,
OGLE-2019-BLG-1053L b,0.12300000,0.00780295,,
Kepler-29 b,0.22749576,0.01573168,10.33974000000,5378.00
OGLE-2019-BLG-0468L c,1.11000000,10.22000000,,
KMT-2021-BLG-1898L b,1.25000000,0.73000000,,
KMT-2024-BLG-0404L b,1.06000000,27.24000000,,
KMT-2019-BLG-1042L b,0.80700000,0.19000000,,
MOA-2016-BLG-227L b,1.18000000,2.80000000,,
AT2021ueyL b,1.22000000,1.34000000,4168.69000000000,3680.00
HD 179949 b,1.24000000,0.91600000,3.09251400000,6168.00
Kepler-629 b,0.12311535,0.00780000,7.23858540000,5444.00
Kepler-1384 b,0.17307521,0.01390000,15.36262753000,4919.00
TOI-871 b,0.14845239,0.01070000,14.36256500000,4929.00
Kepler-847 b,0.10527255,0.00553000,2.34323189500,4940.00
NGTS-27 b,1.39600000,0.59300000,3.37041810000,5700.00
Kepler-1262 b,0.16236952,0.01250000,8.67900242000,5771.00
TOI-2068 b,0.16245902,0.01250000,7.76891500000,3710.00
TOI-2406 b,0.25515255,0.04908309,3.07668910000,3100.00
Kepler-764 b,0.14631100,0.01050000,7.33683936000,5557.00
Kepler-782 b,0.28637702,0.03270000,158.68533080000,5867.00
Kepler-824 b,0.16683023,0.01310000,4.51436633000,6035.00
HD 60532 b,1.23000000,1.06000000,201.90000000000,6245.00
HD 60532 c,1.18000000,2.51000000,600.10000000000,6245.00
Kepler-743 b,0.10794897,0.00606000,3.17926292100,5486.00
Kepler-821 b,0.11687037,0.00714000,1.92279873000,5191.00
TOI-1448 b,0.24524978,0.06135386,8.11224500000,3412.00
TOI-4633 c,0.28548537,0.38700128,271.94450000000,5800.00
TOI-776 c,0.18262142,0.02170983,15.66532300000,3725.00
TOI-6008 b,0.09189060,0.01258541,0.85743470000,3075.00
TOI-6086 b,0.10527273,0.00553000,1.38887250000,3200.00
Kepler-749 b,0.27656348,0.03080000,17.31716585000,5009.00
Kepler-820 b,0.54331341,0.09700000,127.83380980000,6260.00
OGLE-2015-BLG-0051L b,1.25000000,0.72000000,,
Kepler-56 d,1.14000000,5.61000000,1002.00000000000,4819.44
Kepler-755 b,0.15701668,0.01180000,1.26909037400,5043.00
Kepler-816 b,0.91355161,0.23400000,10.50682564600,5286.00
Kepler-791 b,0.27210277,0.03000000,14.55397590000,6383.00
Kepler-793 b,0.12222321,0.00771000,4.24153639000,5745.00
OGLE-2012-BLG-0950L b,0.58500000,0.11000000,,
HD 42618 b,0.34700000,0.04530724,149.61000000000,5727.00
Kepler-757 b,0.12133107,0.00761000,1.02267882100,6014.00
Kepler-759 b,0.20251584,0.01820000,41.80598500000,5860.00
Kepler-815 b,0.36666964,0.04980000,8.57503552000,5028.00
Kepler-790 b,0.19448657,0.01700000,13.73469807000,5208.00
Kepler-787 b,0.11419395,0.00687000,0.92831049800,4248.00
TYC 3667-1280-1 b,1.14000000,5.40000000,26.46800000000,5130.00
Kepler-26 b,0.24801499,0.01610924,12.28000000000,3914.00
Kepler-760 b,0.27299491,0.03020000,8.70419416000,5322.00
Kepler-502 b,0.42555090,0.06410000,4.28686431000,6125.00
Kepler-812 b,0.31670979,0.03880000,10.11716531000,6761.00
Kepler-811 b,0.24087787,0.02440000,23.58447697000,5747.00
Kepler-484 b,0.20340798,0.01830000,10.04556931300,5668.00
Kepler-26 c,0.24266215,0.01950728,17.25590000000,3914.00
Kepler-474 b,0.27299491,0.03020000,5.66067293500,5785.00
Kepler-768 b,0.15969310,0.01210000,11.39100250000,5108.00
Kepler-810 b,0.17218307,0.01380000,4.59725385000,5803.00
Kepler-827 b,0.50227496,0.08490000,51.92927591000,5602.00
Kepler-458 c,0.37469890,0.05160000,20.74028413000,6117.21
Kepler-307 c,0.19627085,0.01145266,13.07290000000,5367.00
Kepler-500 b,0.23017218,0.02260000,8.50832439800,5813.00
Kepler-806 b,0.10170399,0.00489000,8.09219642000,5770.00
Kepler-784 b,0.14095816,0.00982000,31.59226460000,5674.00
Kepler-831 b,0.11330181,0.00678000,5.62153941000,5732.00
Kepler-779 b,0.08207690,0.00227000,7.09714223000,3804.00
Kepler-803 b,0.33812115,0.04340000,50.28638192000,5919.00
Kepler-802 b,0.31581765,0.03860000,40.05874730000,5507.00
Kepler-830 b,0.15166384,0.01110000,11.29695137000,6037.00
Kepler-829 b,0.18824159,0.01600000,6.88337562000,5698.00
Kepler-477 b,0.18467303,0.01550000,11.11990653000,5240.00
Kepler-505 b,0.23195646,0.02290000,27.52197994000,3931.00
Kepler-499 b,0.19359443,0.01680000,5.63252845300,5312.00
HD 141399 b,1.28000000,0.45100000,94.44000000000,5600.00
HD 141399 c,1.22000000,1.33000000,201.99000000000,5600.00
Kepler-745 b,0.19270229,0.01670000,9.93143556000,5849.00
Kepler-848 b,0.15166384,0.01110000,6.91134416000,5695.00
Kepler-794 b,0.18824159,0.01600000,11.13125132000,5839.00
Kepler-796 b,0.11597823,0.00705000,6.40087618000,5475.00
HD 141399 e,1.25000000,0.66000000,5000.00000000000,5600.00
HD 108236 e,0.27504684,0.03060000,19.59002500000,5660.00
TOI-1233.01,0.22651441,0.02200000,14.17568500000,5660.00
TIC 393818343 b,1.08700000,4.34000000,16.24921000000,5756.00
HD 11506 c,1.25000000,0.40000000,223.92000000000,6123.00
Kepler-753 b,0.17039879,0.01360000,5.74772501200,4346.00
Kepler-752 b,0.25069141,0.02610000,18.82747265000,5373.00
Kepler-846 b,0.22125078,0.02110000,19.80792185000,5579.00
Kepler-845 b,0.18199661,0.01520000,0.92785982100,4913.00
Kepler-771 b,0.16236952,0.01250000,8.73485836000,5906.00
Kepler-773 b,0.12757605,0.00829000,3.74910006100,5850.00
Kepler-844 b,0.14987956,0.01090000,2.61302085600,4128.00
Kepler-843 b,0.23106432,0.02270000,2.05387982100,5830.00
HIP 74890 b,1.18000000,2.40000000,822.30000000000,4850.00
TOI-663 d,0.17129122,0.01636103,7.10272680000,3681.00
Kepler-767 b,0.59238112,0.11200000,161.52801010000,5694.00
Kepler-774 b,0.28280846,0.03200000,11.08957230000,6403.00
Kepler-841 b,0.46658935,0.07490000,124.41983980000,5324.00
Kepler-842 b,0.14274244,0.01000000,1.21956827000,4848.00
Kepler-839 b,0.22928004,0.02240000,37.81445140000,6058.00
TOI-2374 b,0.60754855,0.17820937,4.31361000000,4802.00
TOI-3071 b,0.63877351,0.21458120,1.26693800000,6177.00
HD 133131 A b,1.21000000,1.42000000,649.00000000000,5799.00
Kepler-770 b,0.20519226,0.01860000,18.92540274000,5598.00
Kepler-769 b,0.26050495,0.02790000,7.42608998000,6186.00
HD 133131 B b,1.18000000,2.50000000,5769.00000000000,5805.00
TOI-5082.01,0.22708083,0.02210000,4.24012200000,5670.00
Kepler-744 b,0.14452672,0.01020000,12.06222443000,5594.00
Kepler-765 b,0.21679008,0.02040000,27.66552260000,5901.00
Kepler-834 b,0.18021233,0.01490000,13.32388301000,4554.00
Kepler-832 b,0.18378089,0.01540000,7.13969410000,5596.00
HD 73344 b,0.25729369,0.03297377,15.61100000000,6252.60
TOI-4527.01,0.08097753,0.00217000,0.39944450000,3702.00
BD-14 3065 b,1.92600000,12.37000000,4.28897310000,6935.00
Kepler-912 b,0.24979927,0.02590000,2.53475627300,5998.00
Kepler-1017 b,0.17753591,0.01450000,7.23400469000,5473.00
Kepler-980 b,0.23820145,0.02390000,11.55102504000,5935.00
Kepler-983 b,0.21054510,0.01940000,60.08550820000,6052.00
Kepler-870 b,0.24801499,0.02560000,21.35876210000,5857.00
Kepler-869 b,0.32206263,0.03990000,40.42877550000,5664.00
Kepler-913 b,0.18378089,0.01540000,10.29672521000,4687.00
Kepler-910 b,0.07315550,0.00150000,2.36436901500,6230.00
Kepler-964 b,0.18913373,0.01620000,13.52251060000,5427.00
Kepler-963 b,0.23730931,0.02380000,9.97683705000,5461.00
Kepler-866 b,0.14541886,0.01040000,2.61703253600,4751.00
Kepler-865 b,0.22214292,0.02130000,14.16399294000,5570.00
Kepler-915 b,0.13382104,0.00899000,4.59489604000,6173.00
Kepler-914 b,0.12311535,0.00780000,4.40966548000,5877.00
Kepler-1051 b,0.30332768,0.03610000,25.96200249000,6675.00
Kepler-1058 b,0.24266215,0.02470000,110.96546000000,4644.00
Kepler-864 b,0.21411366,0.02000000,5.83376092000,5754.00
Kepler-863 b,0.25872067,0.02750000,15.59461874000,5678.00
Kepler-923 b,0.12311535,0.00780000,6.93366476000,5988.00
Kepler-916 b,0.15701668,0.01180000,32.29687980000,5248.00
Kepler-950 b,0.80114194,0.18800000,98.71804060000,5857.00
Kepler-1029 b,0.11240967,0.00669000,4.41769647900,5030.00
Kepler-958 b,0.18378089,0.01540000,9.76788050000,5421.00
Kepler-861 b,0.20340798,0.01830000,3.94963137500,5047.00
Kepler-862 b,0.19716299,0.01740000,3.14866453400,5333.00
Kepler-927 b,0.15344812,0.01130000,9.11499030000,5743.00
Kepler-962 b,0.17575163,0.01430000,12.05707239000,5478.00
TOI-1855 b,1.65000000,1.13300000,1.36414864000,5359.00
Kepler-930 b,0.19002587,0.01630000,71.45177750000,6335.00
Kepler-929 b,0.09902757,0.00444000,0.92103213500,5869.00
Kepler-952 b,0.68248729,0.14300000,130.35469190000,5730.00
Kepler-965 b,0.30154340,0.03570000,134.25272980000,5886.00
Kepler-979 b,0.24266215,0.02470000,8.08801350000,5310.00
Kepler-932 b,0.12222321,0.00771000,1.92143739600,5331.00
Kepler-931 b,0.11865465,0.00733000,8.03755877000,5241.00
Kepler-1006 b,0.13738960,0.00940000,19.76172042000,5328.00
Kepler-990 b,0.23195646,0.02290000,9.91723428000,5948.00
Kepler-892 b,0.25069141,0.02610000,13.75210720000,4747.00
Kepler-895 b,0.13738960,0.00940000,2.80624232800,4315.00
Kepler-507 b,0.11597823,0.01792452,3.56809692600,6113.00
Kepler-1027 b,0.07940048,0.00201000,1.90780519900,5436.00
Kepler-982 b,0.20073156,0.01790000,15.77382210000,6139.00
Kepler-1052 b,0.26139709,0.02800000,34.85382760000,5888.00
Kepler-897 b,0.21322152,0.01980000,8.04726420000,5839.00
Kepler-898 b,0.13292890,0.00889000,5.87061910000,4223.00
Kepler-938 b,0.19805513,0.01750000,52.62984170000,5533.00
Kepler-986 b,0.21054510,0.01940000,56.43499380000,5642.00
Kepler-978 b,0.26674993,0.02900000,49.62215090000,6002.00
Kepler-960 b,0.20430012,0.01840000,3.12686223000,4755.00
Kepler-976 b,0.35328754,0.04670000,105.95641480000,5232.00
Kepler-899 b,0.23909359,0.02410000,19.17891293000,5595.00
Kepler-1015 b,0.31670979,0.03880000,16.00494214000,6769.00
Kepler-1002 b,0.15255598,0.01120000,4.33642933100,6144.00
Kepler-889 b,0.09724329,0.00416000,3.74443900000,5961.00
Kepler-903 b,0.17932019,0.01480000,10.35077210000,5682.00
Kepler-904 b,0.15790882,0.01190000,3.02166863200,6160.00
Kepler-918 b,0.15523240,0.01160000,4.85386933000,6028.00
Kepler-920 b,0.21589794,0.02030000,6.53192704000,5403.00
Kepler-961 b,0.22749576,0.02210000,16.87727414000,5582.00
Kepler-972 b,0.41484521,0.06140000,7.03932553000,6146.00
Kepler-886 b,0.13560532,0.00920000,6.24146367000,6098.00
Kepler-885 b,0.22303506,0.02140000,18.11472949000,6187.00
Kepler-906 b,0.18824159,0.01600000,41.69799760000,6035.00
Kepler-466 c,0.11151753,0.00660000,3.70921384600,5927.00
Kepler-921 b,0.25604425,0.02710000,51.30063400000,5663.00
Kepler-943 b,0.52903916,0.09280000,49.77014380000,5612.00
Kepler-946 b,0.17218307,0.01380000,11.79162572000,5665.00
Kepler-1014 b,0.21322152,0.01980000,16.57110363000,5388.00
Kepler-852 b,0.22660362,0.02200000,44.93098040000,6100.00
Kepler-884 b,0.10973325,0.00642000,5.69919514000,5715.00
Kepler-529 c,0.17842805,0.01470000,12.83450220000,6087.00
Kepler-944 b,0.23463288,0.02330000,43.31677370000,5409.00
Kepler-942 b,0.19002587,0.01630000,44.96417488000,4861.00
Kepler-1010 b,0.20697654,0.01890000,34.26857050000,5253.00
Kepler-882 b,0.10973325,0.00642000,3.98953966600,5476.00
Kepler-255 d,0.11776251,0.00724000,1.04562265800,5431.00
Kepler-758 c,0.15077170,0.01100000,4.75793986000,6228.00
Kepler-1034 b,0.20162370,0.01800000,12.12400943000,5198.00
Kepler-1013 b,0.19181015,0.01660000,18.93054959000,4954.00
Kepler-1054 b,0.23463288,0.02330000,4.30655689000,6209.00
Kepler-760 c,0.13203676,0.00879000,2.46697439000,5322.00
Kepler-271 c,0.08475332,0.00254000,7.41086267000,5555.00
Kepler-967 b,0.20965296,0.01930000,13.22713379000,5178.00
Kepler-995 b,0.24087787,0.02440000,28.26731672000,5206.00
TOI-2368 b,0.96700000,0.65000000,5.17500730000,5360.00
Kepler-1033 b,0.22392720,0.02150000,7.56052806000,5547.00
Kepler-876 b,0.12757605,0.00829000,5.14438011000,5060.00
Kepler-875 b,0.25872067,0.02750000,27.50737990000,5958.00
Kepler-732 c,0.11330181,0.00678000,0.89304123600,3631.00
Kepler-1060 b,0.21232938,0.01970000,46.87793670000,5797.00
Kepler-1008 b,0.11419395,0.00687000,12.43931193000,5066.00
Kepler-1055 b,0.10973325,0.00642000,2.29503623300,5723.00
Kepler-1045 b,0.23998573,0.02420000,26.41045478000,5301.00
Kepler-872 b,0.17753591,0.01450000,2.57885506800,5902.00
Kepler-1071 b,0.21232938,0.01970000,6.17998440000,5215.00
Kepler-1139 b,0.10616469,0.00570000,0.81316671900,5550.00
Kepler-1180 b,0.17753591,0.01450000,16.86012860000,6077.00
Kepler-1181 b,0.14006602,0.00972000,4.89337519000,6176.00
Kepler-991 b,0.22660362,0.02200000,82.53425190000,4392.00
Kepler-1141 b,0.07315550,0.00150000,2.34451194400,5791.00
Kepler-1140 b,0.24712285,0.02550000,24.08627070000,4850.00
Kepler-1183 b,0.25158355,0.02630000,28.50571890000,5765.00
Kepler-1192 b,0.21054510,0.01940000,25.20347870000,5438.00
Kepler-1028 b,0.11865465,0.00733000,2.51462432000,5522.00
Kepler-1004 b,0.56026407,0.10200000,5.28789787000,4972.00
Kepler-1072 b,0.14095816,0.00982000,1.56906650200,6199.00
TOI-3919 b,1.09900000,3.88000000,7.43323400000,6100.00
Kepler-1065 b,0.33276831,0.04220000,3.60930890700,5635.00
Kepler-1077 b,0.24712285,0.02550000,34.35118740000,5816.00
Kepler-1194 b,0.13471318,0.00909000,16.22371307000,5590.00
Kepler-1197 b,0.11151753,0.00660000,2.03231845000,4708.00
Kepler-1146 b,0.10973325,0.00642000,2.35226579700,4692.00
Kepler-1144 b,0.17753591,0.01450000,17.14647302000,5753.00
Kepler-1079 b,0.14541886,0.01040000,13.24503188000,5758.00
Kepler-1066 b,0.21054510,0.01940000,1.93155983900,5762.00
Kepler-1198 b,0.13114462,0.00869000,7.68477160000,5517.00
Kepler-1199 b,0.10259613,0.00505000,15.04471980000,5889.00
Kepler-968 b,0.17842805,0.01470000,3.69298372800,4598.00
Kepler-1047 b,0.18645731,0.01580000,56.18868870000,5754.00
Kepler-1148 b,0.15077170,0.01100000,1.10446350900,5054.00
Kepler-1147 b,0.23284860,0.02300000,10.62784997000,5941.00
Kepler-1081 b,0.09010616,0.00317000,3.85691854700,5345.00
Kepler-1062 b,0.15701668,0.01180000,9.30412078000,4597.00
Kepler-1063 b,0.13292890,0.00889000,14.07971466000,5945.00
Kepler-1064 b,0.13828174,0.00951000,16.54080322000,5153.00
Kepler-1084 b,0.09902757,0.00444000,2.05333679000,6113.00
Kepler-1087 b,0.05442055,0.00052000,0.69384285500,5589.00
Kepler-1207 b,0.14452672,0.01020000,13.68237119000,5909.00
Kepler-1209 b,0.13471318,0.00909000,25.36911600000,6210.00
Kepler-1114 b,0.12043893,0.00752000,14.97435694000,5374.00
Kepler-1115 b,0.15166384,0.01110000,23.55407250000,8480.00
Kepler-1154 b,0.20876082,0.01910000,5.18561420000,6327.00
Kepler-1089 b,0.16326166,0.01260000,5.13248561800,3753.00
Kepler-1216 b,0.12400749,0.00790000,4.37034536000,5743.00
Kepler-1215 b,0.10884111,0.00624000,4.76703963000,5616.00
Kepler-1117 b,0.09902757,0.00444000,4.79028459000,5612.00
Kepler-1156 b,0.11776251,0.00724000,11.89520511000,5778.00
Kepler-1092 b,0.18467303,0.01550000,58.60179250000,5862.00
Kepler-1093 b,0.17396735,0.01400000,25.08246260000,6166.00
Kepler-1210 b,0.15166384,0.01110000,8.07124073000,5568.00
Kepler-1212 b,0.19091801,0.01640000,12.94130146000,6051.00
Kepler-1120 b,0.12311535,0.00780000,2.94902905200,4904.00
Kepler-1159 b,0.21143724,0.01950000,22.70816791000,6217.00
Kepler-1160 b,0.19091801,0.01640000,7.97034958000,5519.00
Kepler-1096 b,0.11062539,0.00651000,2.89221750600,4306.00
Kepler-1094 b,0.28370060,0.03220000,78.10002310000,6112.00
Kepler-1214 b,0.21054510,0.01940000,18.82634264000,5130.00
Kepler-1122 b,0.18199661,0.01520000,42.19173570000,5544.00
Kepler-1124 b,0.11419395,0.00687000,2.85234897500,3658.00
Kepler-1161 b,0.19002587,0.01630000,10.71252541000,4253.00
Kepler-1097 b,0.29083772,0.03360000,187.74702900000,5211.00
Kepler-1098 b,0.11597823,0.00705000,2.54307285500,5794.00
Kepler-1046 b,0.15255598,0.01120000,14.37508035000,5913.00
TOI-4153 b,1.43800000,1.15000000,4.61741410000,6860.00
Kepler-1125 b,0.16415380,0.01270000,17.67006420000,5683.00
Kepler-1126 b,0.15434026,0.01150000,108.59332900000,5798.00
Kepler-1166 b,0.15077170,0.01100000,33.24068820000,5446.00
Kepler-1164 b,0.09991971,0.00459000,3.97599768000,5183.00
Kepler-1102 b,0.23730931,0.02380000,51.32856230000,5724.00
Kepler-1100 b,0.15612454,0.01170000,6.42200058000,6247.00
Kepler-1000 b,0.42465876,0.06390000,120.01812720000,6453.00
Kepler-1127 b,0.17485949,0.01420000,5.12330347000,5664.00
Kepler-1128 b,0.32563119,0.04070000,61.61781670000,5543.00
Kepler-1073 b,0.20519226,0.01860000,8.67888593000,5792.00
Kepler-1169 b,0.08386118,0.00245000,6.11009134000,6191.00
Kepler-1106 b,0.14720314,0.01060000,1.25275217400,6104.00
Kepler-1037 b,0.11419395,0.00687000,1.06378867300,5105.00
Kepler-1131 b,0.14185030,0.00993000,3.53232449000,5851.00
Kepler-1132 b,0.20965296,0.01930000,62.89162280000,5298.00
Kepler-480 b,0.24801499,0.02560000,4.91958379500,6322.00
Kepler-1108 b,0.13025248,0.00859000,4.51005748000,5406.00
Kepler-1109 b,0.19537871,0.01710000,37.64673840000,5893.00
Kepler-994 b,0.14274244,0.01000000,1.15116650600,3934.00
Kepler-1133 b,0.17575163,0.01430000,11.55562343000,5569.00
Kepler-1172 b,0.28548488,0.03250000,26.02044230000,5558.00
Kepler-1173 b,0.07940048,0.00201000,0.76985360000,5252.00
Kepler-1111 b,0.17842805,0.01470000,8.79617863000,6077.00
Kepler-1049 b,0.08475332,0.00254000,3.27346073600,3864.00
Kepler-1135 b,0.16504595,0.01280000,76.95785700000,5656.00
Kepler-478 b,0.24177001,0.02450000,13.22175760000,5210.00
Kepler-1175 b,0.26674993,0.02900000,37.94563000000,5453.00
Kepler-1174 b,0.14185030,0.00993000,6.89225223000,5936.00
Kepler-508 b,0.14631100,0.01050000,25.30889748000,6025.00
Kepler-954 b,0.20697654,0.01890000,16.78176602000,4990.00
Kepler-1050 b,0.14274244,0.01000000,15.37875460000,6010.00
Kepler-1136 b,0.14631100,0.01050000,2.36172432900,4512.00
Kepler-1177 b,0.16950665,0.01340000,106.24754700000,5712.00
Kepler-1075 b,0.12668391,0.00819000,1.52372816000,3959.00
Kepler-1186 b,0.19894727,0.01760000,16.07677615000,5635.00
Kepler-1188 b,0.18556517,0.01570000,17.13695430000,5913.00
Kepler-1001 b,0.28102418,0.03170000,14.30511983000,5491.00
Kepler-1277 b,0.14274244,0.01000000,40.83650120000,5578.00
Kepler-1276 b,0.10616469,0.00570000,12.57200950000,6188.00
Kepler-1323 b,0.13560532,0.00920000,0.92990667800,6169.00
Kepler-1322 b,0.14363458,0.01010000,0.96286738200,5488.00
Kepler-1368 b,0.14720314,0.01060000,0.67564948600,5906.00
Kepler-1236 b,0.19091801,0.01640000,31.05716180000,5337.00
Kepler-1280 b,0.16683023,0.01310000,66.55790570000,6227.00
Kepler-1279 b,0.15612454,0.01170000,23.47741010000,6221.00
Kepler-1281 b,0.14631100,0.01050000,3.11602791000,5353.00
Kepler-1327 b,0.16058524,0.01230000,14.88801098000,5885.00
Kepler-1325 b,0.25515211,0.02690000,33.87868380000,5550.00
Kepler-1372 b,0.11330181,0.00678000,1.31155556800,5677.00
Kepler-1239 b,0.25872067,0.02750000,5.19104016000,6564.00
Kepler-1283 b,0.17039879,0.01360000,12.94609780000,6175.00
Kepler-1330 b,0.14720314,0.01060000,10.10769068000,5608.00
Kepler-1373 b,0.10348827,0.00521000,1.29123275000,6299.00
Kepler-1374 b,0.20430012,0.01840000,10.65276707000,5323.00
Kepler-1287 b,0.13738960,0.00940000,11.47685909000,5715.00
Kepler-1333 b,0.25069141,0.02610000,109.64718420000,5628.00
Kepler-1332 b,0.12222321,0.00771000,11.87456832000,5581.00
Kepler-528 b,0.18556517,0.01570000,19.78297415000,5807.00
Kepler-1376 b,0.09367473,0.00364000,5.30880656000,5659.00
Kepler-1289 b,0.13560532,0.00920000,7.99019627000,6080.00
Kepler-1335 b,0.12936034,0.00849000,6.26406846000,4903.00
Kepler-1334 b,0.20430012,0.01840000,15.64591713000,5614.00
Kepler-1377 b,0.11151753,0.00660000,0.74092842200,5218.00
Kepler-1378 b,0.19627085,0.01720000,11.95398936000,4407.00
Kepler-1247 b,0.20786868,0.01900000,13.71220213000,5303.00
Kepler-520 b,0.14809528,0.01070000,19.67416124000,6112.00
Kepler-1291 b,0.14809528,0.01070000,8.63043276000,5216.00
Kepler-1292 b,0.16236952,0.01250000,3.27646405000,5556.00
Kepler-1337 b,0.21500580,0.02010000,24.40025490000,4523.00
Kepler-1381 b,0.20073156,0.01790000,25.38426860000,5747.00
Kepler-1248 b,0.10527255,0.00553000,7.46725407000,6149.00
Kepler-1251 b,0.16415380,0.01270000,45.09046430000,5545.00
Kepler-1293 b,0.08653760,0.00274000,5.57654784000,6241.00
Kepler-1341 b,0.26674993,0.02900000,132.99683220000,4662.00
Kepler-1342 b,0.14809528,0.01070000,2.21571035800,5527.00
Kepler-1388 b,0.23106432,0.02270000,12.28546030000,4098.00
Kepler-1252 b,0.14898742,0.01080000,15.05403290000,5949.00
Kepler-1253 b,0.11865465,0.00733000,68.88619150000,5850.00
Kepler-1295 b,0.13828174,0.00951000,3.81371974000,5486.00
Kepler-1344 b,0.16415380,0.01270000,4.76830490000,5981.00
Kepler-1343 b,0.17218307,0.01380000,3.35183158000,5759.00
Kepler-1379 b,0.11597823,0.00705000,0.88184114600,5188.00
Kepler-1382 b,0.16772237,0.01320000,16.35830550000,6161.00
Kepler-1256 b,0.13292890,0.00889000,12.41277540000,6129.00
Kepler-1254 b,0.13828174,0.00951000,9.99113313000,4985.00
Kepler-1347 b,0.09189045,0.00340000,14.00947528000,5193.00
Kepler-1346 b,0.14095816,0.00982000,3.40165668000,6133.00
Kepler-1386 b,0.11062539,0.00651000,6.73972381000,5733.00
Kepler-1259 b,0.12757605,0.00829000,0.66308525800,5053.00
Kepler-1257 b,0.13560532,0.00920000,2.66831376200,5502.00
Kepler-616 c,0.30421982,0.03630000,90.41135560000,5753.00
Kepler-1300 b,0.12222321,0.00771000,22.24190920000,6130.00
Kepler-1350 b,0.22481934,0.02170000,4.49686040000,3827.00
Kepler-1351 b,0.05798912,0.00065300,0.91614076800,4439.00
Kepler-516 b,0.51208850,0.08780000,24.85462415000,7099.00
Kepler-1217 b,0.17753591,0.01450000,2.03232507200,5905.00
Kepler-1218 b,0.12846820,0.00839000,22.92212660000,5986.00
Kepler-1261 b,0.20162370,0.01800000,48.43089910000,5006.00
Kepler-1263 b,0.10170399,0.00489000,4.55139967000,5213.00
Kepler-1303 b,0.12668391,0.00819000,7.56127224000,5771.00
Kepler-1305 b,0.16772237,0.01320000,13.56309720000,5701.00
Kepler-521 b,0.28370060,0.03220000,22.20813214000,6406.00
Kepler-1219 b,0.18913373,0.01620000,16.10467749000,5944.00
Kepler-1220 b,0.13560532,0.00920000,7.42693741000,5842.00
Kepler-1264 b,0.10527255,0.00553000,0.96852602300,5791.00
Kepler-1265 b,0.12043893,0.00752000,6.49441289000,4630.00
Kepler-1223 b,0.10884111,0.00624000,16.30125900000,4870.00
Kepler-1224 b,0.11865465,0.00733000,13.32351601000,6155.00
Kepler-1268 b,0.18110447,0.01500000,40.99039860000,5904.00
Kepler-1266 b,0.23017218,0.02260000,28.47474800000,5044.00
Kepler-1309 b,0.21143724,0.01950000,28.84326470000,5235.00
Kepler-517 b,0.23820145,0.02390000,60.92832271000,5690.00
Kepler-1358 b,0.09991971,0.00459000,7.06317341000,5181.00
Kepler-1359 b,0.25247569,0.02640000,59.49709520000,4709.00
Kepler-1225 b,0.16236952,0.01250000,7.01075434000,6140.00
Kepler-1270 b,0.29619056,0.03460000,6.03356196000,5047.00
Kepler-1314 b,0.45588366,0.07200000,5.42474928100,4188.00
Kepler-1362 b,0.23195646,0.02290000,136.20562600000,4857.00
Kepler-1363 b,0.11151753,0.00660000,2.94194094000,4839.00
Kepler-1227 b,0.20430012,0.01840000,94.28875770000,5747.00
Kepler-1228 b,0.13738960,0.00940000,0.57736957900,5063.00
Kepler-1316 b,0.31581765,0.03860000,87.97321360000,5884.00
Kepler-1318 b,0.27745562,0.03100000,213.25766300000,4598.00
Kepler-1364 b,0.19181015,0.01660000,13.32196237000,6805.00
Kepler-1366 b,0.12757605,0.00829000,2.16457096800,4070.00
Kepler-1231 b,0.12668391,0.00819000,10.41725184000,5778.00
Kepler-523 b,0.17485949,0.01420000,5.83598311100,5515.00
Kepler-1274 b,0.12668391,0.00819000,6.98152703000,6179.00
Kepler-1367 b,0.08207690,0.00227000,1.57409027200,4106.00
Kepler-1235 b,0.07047908,0.00131000,4.16055856000,5541.00
Kepler-1424 b,0.10348827,0.00521000,29.60917440000,5838.00
Kepler-1426 b,0.13917388,0.00961000,14.25632270000,5831.00
Kepler-556 b,0.19983941,0.01780000,11.72292176000,5740.00
Kepler-1586 b,0.13560532,0.00920000,15.60492120000,6681.00
Kepler-770 d,0.12489963,0.00800000,4.15244722000,5598.00
Kepler-783 b,0.06958694,0.00126000,4.29264638000,5521.00
Kepler-1427 b,0.09813543,0.00430000,0.96897237600,5793.00
Kepler-1428 b,0.14631100,0.01050000,10.67607169000,6184.00
Kepler-541 b,0.29975912,0.03540000,5.08005848000,6166.00
Kepler-1165 b,0.13828174,0.00951000,9.47852200000,6080.00
Kepler-1553 b,0.10259613,0.00505000,4.24261881000,5288.00
Kepler-1588 b,0.06780266,0.00114000,7.84931739000,5817.00
Kepler-1589 b,0.09724329,0.00416000,0.99166527400,6166.00
Kepler-1432 b,0.19805513,0.01750000,23.91090110000,6031.00
Kepler-1556 b,0.17485949,0.01420000,8.82713457000,5608.00
Kepler-1590 b,0.10170399,0.00489000,7.61760804000,6053.00
Kepler-398 d,0.07850834,0.00193000,6.83437001000,4557.00
Kepler-1321 c,0.21411366,0.02000000,2.22649108600,4094.00
Kepler-1433 b,0.13917388,0.00961000,4.13592271000,6097.00
Kepler-1557 b,0.13649746,0.00930000,3.74032496000,6099.00
Kepler-1178 b,0.09545901,0.00390000,31.80634000000,4990.00
Kepler-1592 b,0.13738960,0.00940000,3.05710069000,6213.00
Kepler-1365 c,0.07137122,0.00137000,4.77468005000,5770.00
Kepler-1370 c,0.11330181,0.00678000,7.44142113000,6202.00
Kepler-1336 c,0.15255598,0.01120000,5.77721211000,5512.00
Kepler-1558 b,0.06066554,0.00076800,3.50470358000,5101.00
Kepler-1594 b,0.09456687,0.00377000,2.71603809000,5946.00
Kepler-1595 b,0.10973325,0.00642000,4.56380468000,5203.00
Kepler-1388 c,0.20162370,0.01800000,5.53608151000,4098.00
Kepler-1439 b,0.13025248,0.00859000,8.07392849000,3578.00
Kepler-1438 b,0.08386118,0.00245000,2.31942009000,5530.00
Kepler-1440 b,0.11240967,0.00669000,39.85948400000,5698.00
Kepler-576 b,0.29172986,0.03380000,29.91136794000,5672.00
Kepler-1596 b,0.16950665,0.01340000,66.37337900000,5706.00
Kepler-577 b,0.22749576,0.02210000,25.69578251000,4984.00
Kepler-1393 b,0.07137122,0.00137000,2.44357812000,5697.00
Kepler-1394 b,0.12400749,0.00790000,3.93766373000,6481.00
Kepler-1441 b,0.11687037,0.00714000,39.44198390000,5802.00
Kepler-511 b,0.56650906,0.10400000,296.63786500000,5770.00
Kepler-1563 b,0.06691052,0.00109000,3.43276598000,5765.00
Kepler-1564 b,0.13114462,0.00869000,18.05403810000,5528.00
Kepler-1603 b,0.11508609,0.00696000,2.27163926000,6241.00
Kepler-1395 b,0.07137122,0.00137000,3.78470649000,6138.00
Kepler-549 c,0.26139709,0.02800000,117.04049800000,5360.00
Kepler-1565 b,0.10616469,0.00570000,1.53818843700,4940.00
Kepler-1567 b,0.24355429,0.02490000,153.97957800000,5655.00
Kepler-1598 b,0.08475332,0.00254000,4.34195123000,5940.00
Kepler-1599 b,0.14452672,0.01020000,122.36355300000,5767.00
Kepler-1399 b,0.11151753,0.00660000,1.63865305800,5735.00
Kepler-684 b,0.29975912,0.03540000,6.77030200800,5493.00
Kepler-605 c,0.07672406,0.00178000,2.35895151500,5462.00
Kepler-1569 b,0.14987956,0.01090000,5.79180156000,6319.00
Kepler-687 b,0.31403337,0.03830000,20.50586978000,4841.00
Kepler-1597 b,0.09456687,0.00377000,2.94654179000,6377.00
Kepler-1402 b,0.06780266,0.00114000,2.03387914000,5416.00
Kepler-610 c,0.29440628,0.03430000,151.86392000000,5943.00
Kepler-619 c,0.15077170,0.01100000,1.20846502600,5980.00
Kepler-1571 b,0.13560532,0.00920000,3.38555488000,6297.00
Kepler-1389 b,0.15790882,0.01190000,99.25309510000,5078.00
Kepler-1405 b,0.35328754,0.04670000,28.22741840000,5925.00
Kepler-1406 b,0.09813543,0.00430000,11.62905828000,5892.00
Kepler-625 c,0.09367473,0.00364000,4.16536510000,5789.00
Kepler-217 d,0.11776251,0.00724000,3.88689525000,6341.00
Kepler-1573 b,0.10705683,0.00588000,2.61575540000,5808.00
Kepler-1574 b,0.11508609,0.00696000,6.94243340000,5892.00
Kepler-758 d,0.18913373,0.01620000,20.49661970000,6228.00
Kepler-533 b,0.30154340,0.03570000,28.51120525000,4758.00
Kepler-1407 b,0.20073156,0.01790000,20.07115040000,6010.00
Kepler-653 c,0.06958694,0.00126000,0.90037647600,5665.00
Kepler-1541 b,0.10348827,0.00521000,8.40691199000,5282.00
Kepler-1245 c,0.12846820,0.00839000,2.93658468100,5306.00
Kepler-1050 c,0.13203676,0.00879000,21.12845690000,6010.00
Kepler-534 b,0.19983941,0.01780000,15.95994513000,5884.00
Kepler-1412 b,0.07404764,0.00157000,3.61460510000,5880.00
Kepler-1413 b,0.16236952,0.01250000,13.18296420000,5196.00
Kepler-1542 b,0.06780266,0.00114000,3.95116882000,5564.00
TOI-5301 b,1.16800000,3.72000000,5.85885800000,6240.00
Kepler-536 b,0.27656348,0.03080000,1.82708229900,5524.00
Kepler-1414 b,0.10973325,0.00642000,3.51576315000,4951.00
Kepler-1415 b,0.11508609,0.00696000,0.63642408000,5267.00
Kepler-1545 b,0.24087787,0.02440000,163.69234900000,5201.00
Kepler-1254 d,0.11687037,0.00714000,5.72717226000,4985.00
Kepler-555 b,0.25247569,0.02640000,16.21775407000,5894.00
Kepler-245 e,0.15612454,5.68344415,3.21982105600,5174.00
Kepler-1417 b,0.08921402,0.00306000,20.35052130000,5839.00
Kepler-1418 b,0.14809528,0.01070000,22.47644250000,4770.00
Kepler-1548 b,0.23552502,0.02350000,124.82867900000,5706.00
Kepler-1579 b,0.07493978,0.00164000,0.84990788900,4584.00
Kepler-903 c,0.22571148,0.02180000,62.92285570000,5682.00
Kepler-1419 b,0.25515211,0.02690000,42.52158950000,5796.00
Kepler-1154 c,0.21054510,0.01940000,8.45808312000,6327.00
Kepler-1583 b,0.05352841,0.00049000,9.32807355000,5645.00
Kepler-1582 b,0.13292890,0.00889000,4.83817712000,3208.00
Kepler-1584 b,0.14363458,0.01010000,13.39970990000,6069.00
Kepler-1469 b,0.24979927,0.02590000,21.86353010000,5507.00
Kepler-633 b,0.14541886,0.01040000,8.50340718000,5899.00
Kepler-1511 b,0.14987956,0.01090000,23.23827920000,6064.00
Kepler-1525 b,0.08118476,0.00218000,2.41660118300,5748.00
Kepler-1617 b,0.10705683,0.00588000,27.47855720000,6167.00
Kepler-1470 b,0.09545901,0.00390000,16.29509030000,4961.00
Kepler-132 e,0.10527255,0.00553000,110.28693740000,6023.00
Kepler-695 b,0.82166117,0.19600000,3.04033042400,5181.00
Kepler-704 b,0.23284860,0.02300000,3.76182115000,5616.00
Kepler-1527 b,0.42555090,0.06410000,160.12991800000,6224.00
Kepler-1618 b,0.11240967,0.00669000,6.10826019000,6620.00
Kepler-630 b,0.28370060,0.03220000,161.47439370000,5829.00
Kepler-1472 b,0.16950665,0.01340000,38.13128310000,6159.00
Kepler-622 b,0.19002587,0.01630000,14.28226676000,4201.00
Kepler-967 c,0.32563119,0.04070000,198.71125020000,5178.00
Kepler-154 e,0.13382104,0.00899000,3.93276465000,5769.00
Kepler-1529 b,0.18734945,0.01590000,5.33905686000,5048.00
Kepler-1090 b,0.20073156,0.01790000,198.68017900000,5321.00
Kepler-1619 b,0.06780266,0.00114000,23.62259130000,5852.00
Kepler-1477 b,0.10527255,0.00553000,11.55530021000,5100.00
Kepler-598 b,0.13382104,0.00899000,3.70175428000,5307.00
Kepler-1530 b,0.14631100,0.01050000,2.59044340000,5477.00
Kepler-1530 c,0.14720314,0.01060000,5.32274060000,5477.00
Kepler-692 b,0.27745562,0.03100000,21.81293494000,5440.00
Kepler-1622 b,0.13114462,0.00869000,10.81187370000,6436.00
Kepler-1479 b,0.16326166,0.01260000,14.53261362000,5796.00
Kepler-1480 b,0.14898742,0.01080000,22.12679948000,5156.00
Kepler-969 c,0.08832188,0.00295000,1.68293460400,5214.00
Kepler-990 c,0.13649746,0.00930000,0.53835430800,5948.00
Kepler-1093 c,0.17485949,0.01420000,89.72229200000,6166.00
Kepler-1531 b,0.09902757,0.00444000,1.13854337600,6260.00
Kepler-631 b,0.25872067,0.02750000,17.97979059000,6185.00
Kepler-1623 b,0.11687037,0.00714000,4.36128348000,5772.00
Kepler-1481 b,0.10973325,0.00642000,5.94220998000,4908.00
Kepler-1483 b,0.13560532,0.00920000,9.50851560000,6337.00
Kepler-636 b,0.39700241,0.05700000,16.08066114700,5203.00
Kepler-489 b,0.68873227,0.14500000,17.27629611900,5014.00
Kepler-1016 c,0.32830761,0.04130000,105.65513690000,5821.00
Kepler-705 b,0.18824159,0.01600000,56.05605380000,3722.00
Kepler-1536 b,0.28013204,0.03150000,364.75803100000,4434.00
Kepler-632 b,0.19716299,0.01740000,30.99660733000,5322.00
Kepler-545 b,0.23998573,0.02420000,13.24934059000,5882.00
Kepler-1486 b,0.20697654,0.01890000,54.64957590000,5965.00
Kepler-342 e,0.07850834,0.00193000,1.64422461300,6366.00
Kepler-582 b,0.32830761,0.04130000,18.49235668000,5564.00
Kepler-1409 b,0.09278259,0.00352000,0.76486492600,5160.00
Kepler-1444 b,0.19448657,0.01700000,33.42035034000,5810.00
Kepler-581 b,0.23463288,0.02330000,40.60698210000,5772.00
Kepler-1516 b,0.15612454,0.01170000,7.25931979000,5904.00
Kepler-600 b,0.25872067,0.02750000,23.67517607000,5279.00
Kepler-1537 b,0.10527255,0.00553000,1.44445379800,5079.00
Kepler-1447 b,0.25872067,0.02750000,56.67472850000,5722.00
Kepler-1488 b,0.16593809,0.01300000,39.81899320000,5820.00
WASP-156 b,0.53778558,0.13151751,3.83616230000,4987.00
Kepler-1538 b,0.25158355,0.02630000,175.13881900000,5837.00
Kepler-1448 b,0.14363458,0.01010000,12.27065865000,5774.00
Kepler-1493 b,0.12579177,0.00809000,15.02179830000,5863.00
Kepler-1519 b,0.62985101,0.12500000,240.79893970000,5644.00
Kepler-688 b,0.87072888,0.21600000,3.89593684400,5715.00
Kepler-1450 b,0.15255598,0.01120000,54.50941660000,4524.00
Kepler-1494 b,0.27388706,0.03030000,91.08048200000,5659.00
Kepler-1495 b,0.26228923,0.02820000,85.27325600000,5831.00
Kepler-1520 b,0.51476492,0.08850000,0.65355357200,4677.00
Kepler-637 b,0.42376662,0.06360000,23.20584623000,6096.00
Kepler-1607 b,0.08207690,0.00227000,13.64736760000,6116.00
Kepler-1496 b,0.19805513,0.01750000,64.65880170000,6182.00
Kepler-937 c,0.23820145,0.02390000,153.34336400000,6095.00
Kepler-1065 c,0.14274244,0.01000000,2.37030743000,5635.00
Kepler-1067 b,0.07137122,0.00137000,0.76212926100,5592.00
Kepler-578 b,0.17842805,0.01470000,1.61688369600,5334.00
Kepler-689 b,0.25782853,0.02740000,22.36656079000,5518.00
Kepler-1460 b,0.17485949,0.01420000,29.96332470000,4422.00
Kepler-1498 b,0.11865465,0.00733000,48.05140500000,5256.00
Kepler-1073 c,0.14631100,0.01050000,4.02582254000,5792.00
Kepler-701 b,0.25336783,0.02660000,10.35533177000,5343.00
Kepler-1611 b,0.07226336,0.00144000,5.17624290000,5605.00
Kepler-624 b,0.20608440,0.01870000,14.58649607000,6117.00
Kepler-1462 b,0.34079757,0.04400000,65.64883410000,5756.00
Kepler-1500 b,0.10705683,0.00588000,15.03301050000,5845.00
Kepler-1522 b,0.15434026,0.01150000,1.84788917100,5706.00
Kepler-625 b,0.17753591,0.01450000,7.75192492000,5789.00
Kepler-1612 b,0.09189045,0.00340000,3.91795101000,5643.00
Kepler-1464 b,0.14809528,0.01070000,31.77859010000,5828.00
Kepler-1464 c,0.08921402,0.00306000,5.32786292000,5828.00
Kepler-1504 b,0.19002587,0.01630000,82.30400300000,5393.00
Kepler-1505 b,0.08296904,0.00236000,30.86093660000,5686.00
Kepler-1523 b,0.14095816,0.00982000,0.93875077000,5708.00
Kepler-1085 b,0.64412526,0.13000000,219.32175280000,6000.00
Kepler-1613 b,0.18556517,0.01570000,1.51842990000,6005.00
Kepler-1614 b,0.13292890,0.00889000,3.94661410000,5121.00
Kepler-1468 b,0.15434026,0.01150000,8.23984869000,5893.00
Kepler-1507 b,0.07493978,0.00164000,16.05062130000,5410.00
Kepler-1509 b,0.16504595,0.01280000,25.43381970000,5780.00
Kepler-1086 c,0.26228923,0.02820000,161.51633450000,4350.00
Kepler-1524 b,0.31581765,0.03860000,70.96746030000,6179.00
Kepler-1616 b,0.09099830,0.00328000,6.76284377000,6266.00
Kepler-1645 b,0.15880096,0.01200000,16.17795610000,5812.00
Kepler-741 b,0.26496565,0.02870000,7.03902374000,6129.00
Kepler-564 b,0.41306093,0.06090000,3.75083228500,5626.00
Kepler-594 b,0.19448657,0.01700000,13.64618192000,5485.00
Kepler-154 d,0.34258185,0.04440000,20.54981883000,5769.00
Kepler-642 b,0.25872067,0.02750000,4.41745855000,6570.00
Kepler-643 b,0.90641449,1.01000000,16.33889626000,4908.00
Kepler-726 b,0.29083772,0.03360000,21.80451088000,5452.00
Kepler-1143 c,0.32117049,0.03980000,210.63059100000,5053.00
Kepler-148 d,0.77437773,0.17700000,51.84688575000,5172.00
Kepler-673 b,0.58345972,0.11000000,3.72873109300,5355.00
Kepler-674 b,0.15077170,0.01100000,2.24338184700,4192.00
Kepler-712 b,0.30421982,0.03630000,21.02247699000,5148.00
Kepler-1628 b,0.57364618,0.10600000,76.37803300000,3724.00
Kepler-1388 e,0.21946650,0.02080000,37.63270840000,4098.00
Kepler-655 b,0.24177001,0.02450000,46.40633580000,6170.00
Kepler-565 b,0.32473905,0.04050000,4.24374722600,5735.00
Kepler-676 b,0.27121063,0.02980000,11.59822172000,3701.00
Kepler-675 b,0.21768222,0.02050000,2.33743801000,4945.00
Kepler-1630 b,0.19537871,0.01710000,509.99740200000,4736.00
Kepler-1482 b,0.09010616,0.00317000,12.25383217000,5381.00
Kepler-587 b,0.19894727,0.01760000,10.94027841000,5549.00
Kepler-657 b,0.31403337,0.03830000,24.54350418000,5808.00
Kepler-483 b,0.28637702,0.03270000,30.22910400000,6346.00
Kepler-572 b,0.23017218,0.02260000,17.20523483000,5212.00
Kepler-714 b,0.86269962,0.21300000,8.09888798600,5995.00
Kepler-623 b,0.26853421,0.02930000,9.07097734000,5443.00
Kepler-658 b,0.14541886,0.01040000,1.28707676200,4103.00
Kepler-680 b,0.21589794,0.02030000,3.68992629100,5890.00
Kepler-1633 b,0.14095816,0.00982000,186.40427100000,6256.00
Kepler-605 b,0.12846820,0.00839000,3.38353806600,5462.00
Kepler-727 b,0.22571148,0.02180000,5.15448441700,5441.00
Kepler-1518 b,0.27210277,0.03000000,5.11177904000,6846.00
Kepler-588 b,0.23463288,0.02330000,4.22162535700,5835.00
Kepler-589 b,0.20251584,0.01820000,16.54964934000,5296.00
Kepler-573 b,0.24890713,0.02580000,22.18329658000,5746.00
Kepler-596 b,0.30868052,0.03720000,21.30022655000,6267.00
Kepler-715 b,0.33455259,0.04260000,10.00652995000,5871.00
Kepler-716 b,0.25872067,0.02750000,10.37168453000,5099.00
Kepler-1185 b,0.11865465,0.00733000,104.35189760000,5622.00
Kepler-660 b,0.22928004,0.02240000,9.27358194000,4779.00
Kepler-496 b,0.20697654,0.01890000,8.30864937000,5293.00
HD 63935 c,0.27339800,0.03492451,21.40270000000,5513.00
Kepler-1636 b,0.28816130,0.03310000,425.47785000000,5797.00
Kepler-561 b,0.62092961,0.12200000,58.36204950000,5646.00
Kepler-728 b,0.29797484,0.03500000,5.74347726500,5660.00
Kepler-566 b,0.19181015,0.01660000,18.42794624000,5132.00
Kepler-550 b,0.39432599,0.05630000,8.60010410900,5322.00
Kepler-574 b,0.21322152,0.01980000,7.65880414000,5612.00
Kepler-585 b,0.25247569,0.02640000,2.75235975300,5593.00
Kepler-611 b,0.14720314,0.01060000,2.43703330200,5761.00
Kepler-729 b,0.31938621,0.03940000,3.16635371400,5633.00
Kepler-662 b,0.19448657,0.01700000,21.67697486000,4897.00
Kepler-551 b,0.24355429,0.02490000,12.37646610000,4286.00
TOI-1710 b,0.46419489,0.07047828,24.28337700000,5684.00
OGLE-2012-BLG-0724L b,1.27000000,0.47000000,,
Kepler-1638 b,0.16683023,0.01310000,259.33683000000,5710.00
Kepler-586 b,0.24890713,0.02580000,2.10472218400,5575.00
HIP 97166 c,0.24500000,0.02517081,16.43200000000,5216.00
TOI-1601 b,1.26675420,1.21763817,5.33175000000,5982.00
TOI-1444 b,0.12649879,0.01126394,0.47027430000,5460.00
Kepler-618 b,0.23195646,0.02290000,3.59576964500,5860.00
Kepler-601 b,0.16950665,0.01340000,5.37886844100,5160.00
Kepler-645 b,0.18734945,0.01590000,3.27582262100,6170.00
Kepler-719 b,0.76010349,0.17200000,5.00731777900,5777.00
Kepler-612 b,0.25336783,0.02660000,3.72215641300,5693.00
Kepler-590 b,0.35864038,0.04790000,5.85296257000,6000.00
Kepler-552 b,0.35239540,0.04650000,5.26341576500,5863.00
Kepler-1454 b,0.16772237,0.01320000,47.03194790000,5448.00
Kepler-460 c,0.49246141,0.08210000,220.13033570000,6146.00
Kepler-646 b,0.17753591,0.01450000,15.87364565000,5634.00
Kepler-735 b,0.26318137,0.02830000,11.51516988000,5107.00
Kepler-591 b,0.30243554,0.03590000,81.16942990000,5677.00
Kepler-619 b,0.28191632,0.03190000,5.40427219700,5980.00
TOI-1842 b,1.10166148,0.28128386,9.57391810000,6039.00
HIP 97166 b,0.22126310,0.06009532,10.28891400000,5216.00
Kepler-602 b,0.18645731,0.01580000,15.28469497000,6062.00
Kepler-721 b,0.23552502,0.02350000,5.39202538800,5075.00
Kepler-722 b,0.23463288,0.02330000,4.09357325200,5863.00
Kepler-568 b,0.20162370,0.01800000,11.02347475000,3768.00
Kepler-569 b,0.28191632,0.03190000,34.18890521000,5616.00
Kepler-603 b,0.23641716,0.02360000,21.05358596000,5808.00
TOI-1296 b,1.25938830,0.29984733,3.94437360000,5567.00
TOI-1298 b,0.86163681,0.31148883,4.53714300000,5752.00
Kepler-615 b,0.15523240,0.01160000,10.35584657000,4655.00
TOI-1246 d,0.30612930,0.01699030,18.65487400000,5213.00
TOI-1246 e,0.31351535,0.04562210,37.92548000000,5213.00
Kepler-593 b,0.25604425,0.02710000,21.21708973000,5967.00
Kepler-592 b,0.21322152,0.01980000,2.82019240800,5913.00
Kepler-709 b,0.26050495,0.02790000,16.08524954000,5071.00
Kepler-1625 b,0.54063699,0.09620000,287.37894900000,5677.00
Kepler-1642 b,0.28548488,0.03250000,12.20575130000,5355.00
Kepler-1642 c,0.23730931,0.02380000,6.65138020000,5355.00
Kepler-652 b,0.22214292,0.02130000,4.18200253100,5490.00
Kepler-737 b,0.17485949,0.01420000,28.59915399000,3813.00
Kepler-669 b,0.43090374,0.06550000,4.12554686900,6038.00
Kepler-558 b,0.21143724,0.01950000,29.00790538000,5242.00
Kepler-609 b,0.29886698,0.03520000,6.52121066600,5971.00
Kepler-724 b,0.29351414,0.03410000,3.31494633800,5437.00
Kepler-1646 b,0.10973325,0.00642000,4.48558383000,3299.00
Kepler-710 b,0.16772237,0.01320000,4.34728552700,5611.00
K2-88 b,0.10973325,0.00642000,4.61220000000,3537.00
K2-89 b,0.05486663,0.00053500,1.09602600000,3691.00
K2-116 b,0.06155768,0.00080900,4.65541100000,4348.35
TOI-1386 b,0.55458981,0.14410292,25.84010000000,5735.00
K2-102 b,0.11597823,0.00705000,9.91561500000,4695.00
K2-5 b,0.17039879,0.01360000,5.73594000000,3930.00
K2-5 c,0.20162370,0.01800000,10.93241000000,3930.00
K2-91 b,0.09813543,0.00430000,1.41954900000,3622.00
K2-72 c,0.10348827,0.00521000,15.18903400000,3360.47
HD 93963 A c,0.27832688,0.05789287,3.64513890000,5908.00
K2-16 b,0.18021233,0.01490000,7.61880000000,4742.00
K2-16 c,0.22660362,0.02200000,19.07863000000,4742.00
Kepler-223 e,0.41038451,0.01510241,19.72567000000,5803.00
Kepler-223 b,0.26674993,0.02328289,7.38449000000,5803.00
Kepler-223 d,0.46748149,0.02517069,14.78869000000,5803.00
K2-81 b,0.17575163,0.01430000,6.10232500000,4674.13
TOI-1451 b,0.23297739,0.04782455,16.53794400000,5801.00
HIP 8152 b,0.22627021,0.02800253,10.75101400000,5618.00
HIP 8152 c,0.22521451,0.03366596,19.60562000000,5618.00
NGC 2682 YBP 1194 b,1.10000000,0.32000000,6.95900000000,5780.00
NGC 2682 YBP 1514 b,1.25000000,0.40000000,5.11800000000,5725.00
Kepler-80 d,0.13649746,0.02123777,3.07222000000,4540.00
GJ 1148 b,1.07000000,0.30425070,41.38000000000,3287.00
K2-90 c,0.11597823,0.00705000,2.90070600000,4421.98
GJ 1148 c,0.86600000,0.21413963,532.58000000000,3287.00
TOI-1753 b,0.22111960,0.05222944,5.38461040000,5621.00
HD 128717 b,1.08000000,19.80000000,3420.00000000000,6210.00
HD 17674 b,1.24000000,0.87000000,623.80000000000,5904.00
HD 42012 b,1.21000000,1.60000000,857.50000000000,5405.00
TOI-1776 b,0.10849581,0.00440489,2.79986800000,5785.00
OGLE-2012-BLG-0026L b,0.68800000,0.14500000,,
Kepler-80 c,0.24444643,0.02120631,9.52355000000,4540.00
HD 6061 b,0.21657951,0.03146352,5.25490000000,5934.00
OGLE-2012-BLG-0026L c,1.24000000,0.86000000,,
TOI-1194 b,0.77764833,0.37756222,2.31064460000,5394.00
TOI-1694 b,0.47660235,0.09848081,3.77010700000,5058.00
TOI-1443 b,0.20553252,0.09439056,23.54067800000,5224.00
HD 59686 A b,1.13000000,6.92000000,299.36000000000,4658.00
KIC 7917485 b,1.10000000,11.80000000,840.00000000000,7067.00
OGLE-2013-BLG-1721L b,1.26000000,0.64000000,,
HD 34445 c,0.75200000,0.16800000,214.67000000000,5836.00
TOI-329 b,0.44076962,0.12711262,5.70439000000,5614.00
TOI-1269 b,0.21424275,0.02013665,4.25299130000,5499.00
K2-46 b,0.18288875,0.01530000,19.15410000000,6256.00
K2-42 b,0.19181015,0.01660000,6.68796000000,4613.00
HD 25463 c,0.12164795,0.01352931,3.04405000000,6353.00
HD 37124 c,1.25000000,0.65200000,885.50000000000,5698.64
HD 87646 b,1.10000000,12.40000000,13.48100000000,5770.00
HD 34445 g,1.21000000,0.38000000,5700.00000000000,5836.00
Wolf 1061 c,0.14800000,0.01072901,17.87190000000,3342.00
K2-47 b,0.16861451,0.01330000,31.63720000000,5054.00
K2-48 b,0.19983941,0.01780000,20.50650000000,4899.00
MXB 1658-298 b,1.07000000,23.70000000,760.00000000000,
tau Cet h,0.10600000,0.00575780,49.41000000000,5310.00
TOI-1279 b,0.23744044,0.03335133,9.61419000000,5457.00
TOI-1288 b,0.44325757,0.13875412,2.69982790000,5388.00
NGC 2682 Sand 978 b,1.19000000,2.18000000,511.21000000000,4200.00
GJ 3293 b,0.46300000,0.07406475,30.59870000000,3466.00
K2-50 b,0.14185030,0.00993000,8.75290000000,4326.00
K2-49 b,0.17218307,0.01380000,2.77065000000,4175.00
HD 219134 d,0.14363458,0.05087625,46.85900000000,4699.00
HD 219134 g,0.29300000,0.03400000,94.20000000000,4913.00
rho CrB c,0.51500000,0.08872712,102.19000000000,5817.00
HAT-P-67 b,2.14000000,0.45000000,4.81010690000,6640.00
Kepler-1652 b,0.14274244,0.01000000,38.09722000000,3638.00
GJ 3293 c,0.43400000,0.06635623,122.61960000000,3466.00
K2-58 d,0.15255598,0.01120000,22.88270000000,5413.00
K2-59 c,0.20519226,0.01860000,11.29540000000,5055.00
OGLE-2014-BLG-1760L b,1.26000000,0.56000000,,
HD 9174 b,1.23000000,1.11000000,1179.00000000000,5577.00
TOI-1181 b,1.51900000,1.17900000,2.10318900000,6054.00
TOI-5218 b,0.87900000,2.06715317,4.29145200000,4230.00
TOI-5616 b,0.96100000,1.96332356,2.00284900000,3996.00
K2-63 c,0.34793470,0.04550000,25.45560000000,6771.00
K2-63 b,0.28726916,0.03290000,20.25700000000,6771.00
CoRoT-32 b,0.57000000,0.15000000,6.71837000000,5970.00
HD 221585 b,1.21000000,1.61000000,1173.00000000000,5620.00
Kepler-539 c,1.18000000,2.40000000,1000.00000000000,5820.00
K2-64 b,0.18467303,0.01550000,6.53044000000,5312.00
K2-68 b,0.14095816,0.00982000,8.05428000000,4746.00
K2-21 b,0.16415380,0.01270000,9.32503800000,4222.06
TOI-1836 c,0.23194578,0.02517081,1.77274710000,6237.00
Kepler-1647 b,1.05931840,1.51968033,1107.59230000000,6210.00
K2-70 b,0.25782853,0.02740000,13.97896000000,5622.00
K2-71 b,0.19181015,0.01660000,6.98541000000,4006.00
K2-118 b,0.22660362,0.02200000,50.92092000000,4726.29
TOI-1736 c,1.12000000,8.70000000,571.25000000000,5636.00
TOI-1669 b,1.26000000,0.60095321,500.00000000000,5497.00
HIP 67522 c,0.70800000,0.15200000,14.33489200000,5675.00
TOI-2379 b,1.04600000,5.76000000,5.46938270000,3707.00
TOI-2384 b,1.02500000,1.96600000,2.13570304000,3943.00
TOI-757 b,0.22303545,0.03303669,17.46819000000,5278.00
TOI-1011 b,0.12936056,0.01271126,2.47049800000,5475.00
TOI-2714 b,1.22401852,0.71736822,2.49938700000,5665.00
TOI-2981 b,1.19546999,2.00737249,3.60150100000,5940.00
K2-74 b,0.20608440,0.01870000,19.56660000000,6060.00
K2-75 b,0.23820145,0.02390000,7.81420000000,5995.00
K2-125 b,0.19448657,0.01700000,21.75026400000,3654.47
TOI-2485 b,1.08300000,2.41200000,11.23479000000,6016.40
TOI-1288 c,0.99200000,0.26964235,416.00000000000,5388.00
TOI-1408 b,2.23035445,1.86578665,4.42587000000,6117.00
TOI-1408 c,0.19805548,0.02391227,2.16640000000,6117.00
HIP 116454 b,0.22026981,0.03051961,9.10041570000,5048.00
TOI-2420 b,1.34000000,0.92700000,5.84264100000,5707.00
K2-83 b,0.11098225,0.00654000,2.74697000000,3910.00
K2-130 b,0.11151753,0.00660000,2.49412000000,4356.47
TOI-421 c,0.45410017,0.04436356,16.06754100000,5291.00
MOA-2010-BLG-353L b,0.99400000,0.27000000,,
K2-84 b,0.21500580,0.02010000,6.42150000000,5652.00
K2-84 c,0.18110447,0.01500000,27.86000000000,5652.00
K2-35 b,0.11776251,0.00724000,2.39996400000,4402.71
HD 86950 b,1.16000000,3.60000000,1270.00000000000,4805.00
HD 222076 b,1.21000000,1.56000000,871.00000000000,4806.00
K2-33 b,0.44963868,3.70000000,5.42486500000,3540.00
TOI-1338 b,0.68350000,0.03550000,95.40010000000,5723.20
K2-161 b,0.54574113,0.09780000,9.28318800000,4972.00
K2-160 b,0.28354361,0.03220000,3.70587100000,5649.00
HD 215152 d,,2.42400000,10.86499000000,4935.00
TOI-1173 b,0.81987830,0.08621004,7.06466000000,5350.00
GJ 238 b,0.05049522,0.00039800,1.74469990000,3485.00
HD 103197 b,0.52000000,0.09000000,47.84000000000,5250.00
HD 109246 b,1.24000000,0.86000000,68.27000000000,5844.00
OGLE-2016-BLG-1195L b,0.09940000,0.00450000,,
Kepler-1650 b,0.08564546,0.00264000,1.53818001000,3410.00
HD 183579 b,0.31135748,0.06418558,17.47129100000,5784.00
TOI-1437 b,0.19983976,0.03020498,18.84094200000,6008.00
TOI-6034 b,1.06300000,0.79800000,2.57618400000,3635.00
TOI-5634 A b,0.92300000,1.85005489,2.20353730000,3896.00
K2-419 A b,0.94100000,0.61700000,20.35847252000,3711.00
Kepler-1654 b,0.81900000,0.50000000,1047.83560000000,5597.00
HD 121504 b,1.21000000,1.51000000,63.33000000000,6027.00
HD 114386 b,1.22000000,1.14000000,937.70001000000,4836.00
TOI-1824 b,0.24478826,0.05034163,22.80853300000,5165.00
BD+03 2562 b,1.13000000,6.40000000,481.90000000000,4095.00
K2-186 b,0.28299383,0.03210000,41.47421900000,5784.00
K2-190 c,0.09751835,0.00421000,21.57402300000,5631.00
TOI-286 b,0.12668413,0.01425297,4.51172440000,5152.00
TOI-286 c,0.16772265,0.01170443,39.36182600000,5152.00
K2-231 b,0.22303506,0.02140000,13.84190100000,5695.00
HD 134987 b,1.21000000,1.61000000,258.17999000000,5736.00
HD 137388 b,0.83200000,0.20000000,330.00000000000,5181.00
HD 177565 b,0.35700000,0.04750967,44.50500000000,5627.00
K2-195 c,0.22979917,0.02250000,28.48278600000,5712.00
K2-201 b,0.12490562,0.00800000,1.05979000000,5507.00
TOI-2768 b,0.23463329,0.02330000,1.50801000000,4008.00
TOI-5319 b,0.25247612,0.02640000,4.07853000000,3580.00
TOI-1130 b,0.32652389,0.06229777,4.07455400000,4360.00
OGLE-2017-BLG-1522L b,1.25000000,0.75000000,,
HD 13931 b,1.18000000,2.80000000,4218.00000000000,5867.00
HD 142245 b,1.17000000,3.07000000,1299.00000000000,4922.00
HIP 65426 b,1.50000000,9.00000000,,8840.00
Ross 128 b,0.09880000,0.00440487,9.86580000000,3192.00
K2-201 c,0.29312909,0.03400000,22.77987800000,5507.00
K2-202 b,0.20534000,0.01860000,3.40516400000,5491.00
K2-321 b,0.18300000,0.01530000,2.29797490000,3750.00
GJ 486 b,0.11499708,0.00871539,1.46712127000,3317.00
HD 142415 b,1.20000000,1.67000000,386.29999000000,5940.00
L 168-9 b,0.14541911,0.01280565,1.40152604000,3842.00
HD 111591 b,1.15000000,4.40000000,1056.40000000000,4884.00
OGLE-2016-BLG-1190L b,1.10000000,13.38000000,1220.00000000000,
K2-206 b,0.24937361,0.02590000,18.29454900000,5043.00
K2-207 b,0.23247861,0.02300000,12.48749000000,5522.00
TOI-6651 b,0.45410017,0.19192746,5.05697300000,5940.00
TOI-181 b,0.63390000,0.14520000,4.53200000000,4994.00
TOI-3884 b,0.57364716,0.10253961,4.54458280000,3180.00
TOI-5005 b,0.55800000,0.10300000,6.30850440000,5749.00
HD 16141 b,0.97100000,0.26000000,75.52300000000,5757.00
HD 162020 b,1.11000000,9.84000000,8.42820000000,4723.00
OGLE-2016-BLG-0613L AB b,1.16000000,4.18000000,,
CoRoT-9 b,1.06600000,0.84000000,95.27265600000,5625.00
K2-209 b,0.07748261,0.00184000,2.08061500000,4720.00
16 Cyg B b,1.20000000,1.78000000,798.50000000000,5750.00
Kepler-80 g,0.10081185,0.00020451,14.64558000000,4540.00
K2-218 b,0.22923378,0.02240000,8.67988500000,5757.00
K2-219 b,0.12022712,0.00750000,3.90128700000,5753.00
HD 215152 b,,1.77900000,5.75999000000,4935.00
K2-219 c,0.12832521,0.00837000,6.66767000000,5753.00
K2-219 d,0.22984607,0.02250000,11.13727800000,5753.00
GJ 86 b,1.15000000,4.42000000,15.76491000000,5182.00
TOI-6002 b,0.14720339,0.01060000,10.90482100000,3229.00
GJ 3138 b,0.10600000,0.00560048,1.22003000000,3717.00
HD 7924 c,,5.54600000,15.29900000000,5075.00
BD-06 1339 c,0.74700000,0.17000000,125.94000000000,4324.00
HIP 65891 b,1.14000000,5.88800000,1079.55726000000,5000.00
K2-227 b,0.14858712,0.01070000,13.62183200000,5673.00
K2-80 d,0.22768446,0.02220000,28.86725300000,5377.00
K2-260 b,1.64300000,1.72000000,2.62669762000,6860.00
K2-261 b,0.82700000,0.21700000,11.63346810000,5490.00
TOI-1883 b,0.50406011,0.08540000,4.50638000000,3477.00
GJ 3323 b,0.10900000,0.00635560,5.36360000000,3159.00
GJ 3138 d,0.28800000,0.03303653,257.80000000000,3717.00
GJ 3323 c,0.11800000,0.00726804,40.54000000000,3159.00
HD 191939 e,1.16000000,0.35302068,101.12000000000,5348.00
TOI-469.01,0.30422035,0.02863180,13.63082050000,5289.00
TOI-1230.01,0.28902573,0.03320000,25.05713123288,5696.00
Kepler-289 c,1.00187522,0.49000000,125.87230000000,5990.00
K2-170 c,0.16074268,0.01230000,12.40004700000,5748.00
K2-164 b,0.28987868,0.03340000,17.35506600000,5791.00
GJ 273 b,0.13500000,0.00909291,18.64980000000,3382.00
TOI-3568 b,0.48300000,0.08300000,4.41796500000,4969.00
HD 238914 b,1.14000000,6.00000000,4100.00000000000,4769.00
K2-170 b,0.12652113,0.00817000,7.57654400000,5748.00
K2-171 b,0.23967990,0.02420000,5.62846600000,5250.00
TOI-1772.01,0.25916719,0.02760000,8.05424687400,5583.00
K2-77 b,0.22300000,1.90000000,8.20008440000,5160.00
K2-180 b,0.22000000,0.03590000,8.86566300000,5365.00
GJ 3293 e,0.14500000,0.01031998,13.25430000000,3466.00
TOI-1777.01,0.20037504,0.01780000,14.65011197400,5859.00
GJ 3293 d,0.23800000,0.02391215,48.13450000000,3466.00
TYC 3318-01333-1 b,1.17000000,3.42000000,562.00000000000,4776.00
K2-172 b,0.14863777,0.01070000,14.31694100000,5569.00
K2-172 c,0.28599259,0.03260000,29.62682000000,5569.00
HD 101581 c,0.08832204,0.00295000,6.20401000000,4675.00
K2-182 b,0.24200000,0.06600000,4.73696960000,5128.00
K2-97 b,1.20000000,0.54900000,8.40711500000,4673.00
TOI-1301.01,0.22098352,0.02110000,6.09640720900,4820.00
K2-148 d,0.14631100,0.01050000,9.75790000000,4079.00
K2-148 b,0.11865465,0.00733000,4.38395000000,4079.00
K2-191 b,0.14085942,0.00981000,2.85864600000,5176.00
HD 102117 b,0.75600000,0.17000000,20.81330000000,5655.00
TOI-1799 b,0.14648968,0.01258541,7.09457086500,5690.00
Kepler-150 f,0.32473905,0.04050000,637.20930000000,5528.00
K2-98 b,0.45200000,0.10700000,10.13673490000,6260.00
K2-114 b,0.94500000,2.01000000,11.39093100000,4899.00
HD 40307 g,0.22900000,0.02230000,197.80000000000,4956.00
HIP 57274 b,,10.57000000,8.13520000000,4510.00
K2-179 b,0.22416619,0.02160000,5.17219100000,5015.00
HD 102195 b,1.27000000,0.41000000,4.11377000000,5301.00
HD 102329 b,1.12000000,8.16000000,778.09998000000,4745.00
TOI-2211.01,0.13926333,0.00962000,3.09268675700,5253.00
TOI-4638.01,0.26166518,0.02810000,10.28391878700,5700.00
TOI-6038 A b,0.57186288,0.24698862,5.82673110000,6110.00
K2-277 b,0.19500000,0.02328300,6.32676800000,5680.00
IRAS 04125+2902 b,0.95800000,0.25400000,8.83497800000,4080.00
TOI-1467 b,0.17129122,0.02831717,5.97114713000,3834.00
TOI-2458 b,0.25247612,0.04187794,3.73659000000,6005.00
K2-246 b,0.31135695,0.03770000,5.76918000000,5610.00
HD 240237 b,1.09000000,15.89000000,745.70001000000,3926.00
HD 2638 b,1.28000000,0.42000000,3.44420000000,5186.00
TOI-4994 b,0.76200000,0.28000000,21.49198400000,5640.00
K2-247 b,0.18913373,0.01620000,2.25021000000,4667.00
HD 290327 b,1.18000000,2.43000000,2443.00000000000,5505.00
HD 31253 b,1.26000000,0.62000000,466.00000000000,6130.00
TOI-406.01,0.18556549,0.02067153,13.17568200000,3392.00
HD 77338 b,0.36800000,0.05000000,5.73610000000,5341.00
TOI-1174 b,0.22856672,0.10068326,8.95348768300,5030.00
TOI-1691 b,0.32652389,0.04593674,16.73688893500,5759.00
K2-249 b,0.24890713,0.02580000,12.40900000000,6504.00
K2-248 b,0.22928004,0.02240000,7.17256000000,5528.00
K2-251 b,0.20965296,0.01930000,9.30075000000,3717.00
TOI-1716.01,0.28040016,0.03160000,8.08237655400,5879.00
TOI-5688 A b,0.92000000,0.39000000,2.94815527000,3713.00
HD 73344 d,1.18000000,2.55000000,5823.00000000000,6148.00
K2-252 b,0.15523240,0.01160000,13.81513000000,5152.00
TOI-1744.01,0.23909400,0.02410000,22.34170292700,6179.00
TOI-1739 b,0.17361079,0.01400000,8.30334140600,4814.00
TOI-4504 b,0.24007535,0.02430000,2.42614000000,5315.00
TOI-4504 c,0.99000000,3.76720000,82.97213000000,5315.00
K2-254 c,0.19537871,0.01710000,12.11839000000,4629.00
HD 5891 b,1.13000000,7.63000000,177.11000000000,4673.00
HD 6434 b,1.27000000,0.49000000,21.99800000000,5769.00
K2-239 c,0.08921402,0.00306000,7.77500000000,3420.00
K2-257 b,0.07404764,0.00157000,1.60588000000,3725.00
K2-258 b,0.26764207,0.02920000,19.09210000000,6351.00
IC 4651 9122 b,1.14000000,6.30000000,734.00000000000,4740.10
TOI-4504 d,1.21000000,1.41660000,40.56340000000,5315.00
K2-167 b,0.21100000,0.02045129,9.97854100000,6310.00
K2-240 c,0.16058524,0.01230000,20.52300000000,3810.00
K2-240 b,0.17842805,0.01470000,6.03400000000,3810.00
OGLE-2017-BLG-0482L b,0.26300000,0.02800000,,
WASP-194 b,1.38100000,1.17400000,3.18338700000,6405.00
Kepler-289 e,0.26228968,0.05474652,330.07160000000,5990.00
HD 75289 b,1.27000000,0.49000000,3.50927000000,6117.00
HD 76700 b,0.85600000,0.21000000,3.97097000000,5644.00
WASP-188 b,1.32200000,1.44300000,5.74891600000,6850.00
WASP-116 b,1.22000000,0.64000000,6.61320000000,6250.00
TOI-6478 b,0.41100000,0.06030000,34.00501900000,3230.00
TOI-2285 b,0.15790910,0.06135386,13.63510900000,3491.00
HD 222155 b,1.20000000,1.83000000,3999.00000000000,5701.00
OGLE-2014-BLG-1722L c,0.97800000,0.26300000,,
TOI-771 b,0.12133128,0.00777149,2.32601550000,3370.00
TOI-5110 b,1.06900000,2.90000000,30.15857700000,6160.00
TOI-1453 c,0.19841233,0.00928174,6.58869820000,4975.00
tau Cet e,0.16100000,0.01236510,162.87000000000,5310.00
K2-244 b,0.15612454,0.01170000,21.06884000000,5677.00
HD 35843 c,0.22660401,0.03561670,46.96220000000,5666.00
K2-158 b,0.23552502,0.02350000,10.06049000000,5503.00
TOI-7041 b,1.02000000,0.36000000,9.69100000000,4700.00
HD 89307 b,1.19000000,2.02000000,2166.00000000000,5955.00
HD 96127 b,1.08000000,20.96000000,647.29999000000,3943.00
K2-159 b,0.20162370,0.01800000,12.42205000000,5425.00
HD 1690 b,1.12000000,8.79000000,533.00000000000,4374.00
TOI-1803 c,0.38272882,0.02517081,12.88577900000,4687.00
TOI-1803 b,0.26675039,0.03247035,6.29328700000,4687.00
TOI-561 c,0.25559862,0.01865787,10.77883800000,5342.00
K2-166 b,0.19537871,0.01710000,8.52695000000,5960.00
HD 171028 b,1.18000000,2.62000000,550.00000000000,5671.00
HD 17092 b,1.11000000,10.13000000,359.89999000000,4326.00
HAT-P-11 b,0.38897315,0.07870000,4.88800000000,4653.00
HAT-P-11 c,1.18000000,2.68000000,3361.00000000000,4653.00
HR 858 c,0.17655486,0.01195614,5.97386500000,6354.00
TOI-1266 b,0.22481973,0.01403273,10.89450000000,3563.00
NN Ser d,1.19000000,2.28000000,2880.00000000000,57000.00
K2-224 c,0.21500580,0.02010000,10.09489000000,5620.00
TOI-2328 b,0.89000000,0.16000000,17.10197000000,5525.00
TOI-2015 b,0.29520972,0.02894644,3.34823700000,3297.00
WASP-102 b,1.33000000,0.62200000,2.70981300000,5990.00
TOI-5573 b,0.87000000,0.35000000,8.79758977000,3790.00
HD 191939 g,0.33400000,0.04247575,284.00000000000,5348.00
HD 285507 b,1.23000000,0.98000000,6.08810000000,4503.00
K2-230 b,0.17485949,0.01420000,2.86041000000,5945.00
K2-229 c,0.18110447,0.02202446,8.32727000000,5315.00
K2-259 b,0.20697654,0.01890000,15.48043000000,6059.00
HD 192263 b,1.26000000,0.56000000,24.35560000000,4976.00
TOI-677 b,1.17000000,1.23400000,11.23659850000,6295.00
HD 95127 b,1.11000000,10.63000000,482.00000000000,4218.00
HD 216536 b,1.23000000,1.05000000,148.60001000000,4639.00
HD 210277 b,1.22000000,1.29000000,442.19000000000,5538.00
ups And b,1.25000000,0.68760000,4.61703300000,6156.77
HR 810 b,1.14000000,6.20000000,302.79999000000,6167.00
TOI-4529 b,0.15790910,0.01541712,5.87957700000,3697.00
K2-241 b,0.22749576,0.02210000,26.81990000000,5262.00
HD 141937 b,1.06000000,27.42000000,653.21997000000,5870.00
HD 212301 b,1.27000000,0.51000000,2.24571000000,6239.00
TOI-4364 b,0.17932050,0.01480000,5.42401900000,3528.00
CoRoT-5 b,1.38800000,0.46700000,4.03789620000,6100.00
K2-242 b,0.22660362,0.02200000,6.51389000000,3459.00
HD 218566 b,0.83200000,0.20000000,225.70000000000,4730.00
MOA-2016-BLG-319L b,1.26000000,0.62000000,,
HD 99706 c,1.14000000,5.69000000,1278.00000000000,4891.00
HD 15337 b,0.15790910,0.02051107,4.75598040000,5131.00
HD 15337 c,0.22535501,0.02137002,17.18054600000,5131.00
TOI-5027 b,0.96000000,2.02000000,10.24368000000,5909.00
HD 134060 b,0.28200000,0.03180000,3.26960000000,5966.00
K2-269 b,0.14006602,0.00972000,4.14496500000,6209.00
TOI-1836 b,0.71400000,0.12100000,20.38079900000,6380.00
K2-270 c,0.26318137,0.02830000,4.40002800000,4877.00
HD 116029 c,1.22000000,1.27000000,907.00000000000,4951.00
KOI-3680 b,0.99000000,1.93000000,141.24167100000,5830.00
TOI-2537 b,1.00400000,1.30700000,94.10220000000,4870.00
TOI-2295 b,1.47000000,0.87500000,30.03330200000,5730.00
HD 20003 c,0.34700000,0.04540000,33.92390000000,5494.00
HD 20781 b,0.10800000,0.00610000,5.31350000000,5256.00
TOI-3135 b,1.21800000,1.03000000,3.70655850000,5890.00
TOI-4794 b,1.28100000,0.97000000,3.56581160000,6390.00
GJ 3779 b,0.24500000,0.02517069,3.02320000000,3324.00
TOI-1117 c,0.25900000,0.02762497,4.57900000000,5635.00
TOI-1117 d,0.29100000,0.03369743,8.66500000000,5635.00
HD 21693 b,0.25000000,0.02590000,22.67860000000,5430.00
HD 21693 c,0.38700000,0.05470000,53.73570000000,5430.00
K2-123 b,0.24623071,0.02530000,30.95152400000,4035.00
70 Vir b,1.13000000,7.49000000,116.68800000000,5495.00
K2-24 b,0.48175573,0.05978039,20.88977000000,5625.00
K2-276 b,0.33633687,0.04300000,18.71826900000,5139.00
HD 108863 b,1.18000000,2.41400000,437.70000000000,4878.00
K2-286 b,0.18734945,0.01590000,27.35900000000,3926.00
HD 51608 b,0.32300000,0.04020000,14.07260000000,5358.00
HD 51608 c,0.34600000,0.04500000,95.94460000000,5358.00
K2-278 b,0.26585779,0.02880000,3.33496600000,6747.00
HD 159868 b,1.19000000,2.21800000,1184.10000000000,5534.00
HD 1502 b,1.18000000,2.75000000,428.50000000000,4947.00
TOI-5322 b,1.48200000,0.57900000,5.42332070000,5692.00
TOI-5340 b,1.34500000,0.85000000,4.93943920000,5990.00
TOI-4961 b,1.10100000,1.80000000,7.47918200000,5380.00
TOI-6695 b,0.85000000,0.21000000,80.38900000000,6400.00
HD 20781 e,0.34200000,0.04420000,85.50730000000,5256.00
HD 45184 c,0.26000000,0.02770000,13.13540000000,5869.00
PSR J2322-2650 b,1.24000000,0.79490000,0.32296399700,
WASP-62 b,1.32000000,0.52000000,4.41195000000,6230.00
HD 163607 c,1.19000000,2.20100000,1272.00000000000,5522.00
HD 175541 b,1.26000000,0.59800000,298.43000000000,5013.00
TOI-3486 b,0.94300000,0.31200000,2.21778105000,4930.00
TOI-5210 b,0.95700000,0.25800000,4.56610610000,5723.00
TOI-1468 c,0.18966934,0.01290004,15.53247700000,3376.00
TOI-1468 b,0.12498906,0.00956491,1.88052010000,3376.00
K2-195 b,0.27923990,0.03130000,15.85297500000,5713.00
HD 185269 b,1.23000000,1.01000000,6.83776000000,5923.00
HD 181342 b,1.18000000,2.54000000,564.10000000000,4945.00
HD 118203 b,1.14000000,2.14000000,6.13497790000,5742.00
TOI-5882 b,1.02300000,22.01000000,7.14897200000,5920.00
HD 20781 d,0.29000000,0.03340000,29.15800000000,5256.00
K2-279 b,0.10794897,0.00606000,7.12260500000,5558.00
TOI-6894 b,0.85500000,0.16800000,3.37077196000,3007.00
TOI-2989 b,1.12000000,3.00000000,3.12283200000,4672.00
HD 200964 b,1.21000000,1.59900000,606.30000000000,4982.00
TOI-3593 b,0.98400000,1.78000000,3.82128670000,5550.00
HD 202696 b,,1.99600000,517.80000000000,5040.00
TOI-5300 b,0.88000000,0.60000000,2.26219600000,4610.00
MASCARA-4 b,1.51500000,1.67500000,2.82409320000,7800.00
KMT-2016-BLG-1107L b,1.17000000,3.28300000,,
K2-264 b,0.19903649,0.01760000,5.84000200000,3660.00
TOI-5386 A b,1.31200000,0.48800000,3.62156552000,6094.00
Kepler-10 d,0.31200000,0.03775622,151.06000000000,5708.00
Kepler-730 b,1.10000000,,6.49168280800,5620.00
HD 202696 c,,1.86400000,946.60000000000,5040.00
Kepler-730 c,0.14000000,0.00971000,2.85188338000,5620.00
TOI-1117 b,0.21946688,0.02800253,2.22816000000,5635.00
TOI-2031 A b,1.26700000,0.80000000,5.71548654000,6490.00
TOI-3682 b,1.14200000,0.21800000,3.34624060000,5703.00
HD 73534 b,1.23000000,1.11200000,1750.00000000000,4917.00
HD 88133 b,1.23000000,1.02000000,3.41488400000,5392.00
TOI-3980 b,1.29000000,0.59000000,3.60892540000,5840.00
K2-270 b,0.12311535,0.00780000,1.54306900000,4877.00
OGLE-2011-BLG-0173L b,0.80400000,0.19000000,,
HD 96167 b,1.25000000,0.71700000,498.04000000000,5733.00
HD 95089 b,1.22000000,1.26000000,464.40000000000,4918.00
TOI-2992 b,1.22700000,3.33000000,3.00781200000,6000.00
TOI-4487 A b,1.30300000,1.25000000,3.95407090000,6206.00
HD 5319 c,1.23000000,1.05300000,872.20000000000,4871.00
K2-52 b,1.60585244,,3.53505500000,7147.00
K2-281 b,0.72977072,0.16000000,8.68772100000,4812.00
K2-283 b,0.31403337,0.03830000,1.92103600000,5060.00
WASP-104 b,1.13700000,1.27200000,1.75541370000,5475.00
47 UMa b,1.18000000,2.53000000,1078.00000000000,5872.00
HD 75784 c,1.14000000,5.64000000,7900.00000000000,4867.00
K2-53 b,0.23195646,0.02290000,12.20772000000,5263.00
HIP 41378 c,0.24328706,0.01384395,31.70603000000,6320.00
TOI-1438 c,0.24533899,0.03335133,9.42808900000,5230.00
GJ 96 b,0.41700000,0.06185697,73.94000000000,3785.00
OGLE-2015-BLG-0954L b,1.17000000,3.40000000,,
HD 14787 b,1.23000000,1.12100000,676.60000000000,4946.00
HD 18015 b,1.17000000,3.30000000,2278.00000000000,5603.00
K2-90 b,0.23195646,0.02290000,13.73331400000,4484.00
L 98-59 b,0.07467227,0.00144732,2.25311400000,3415.00
KMT-2016-BLG-1397L b,1.13000000,7.00000000,,
HD 94834 b,1.22000000,1.26000000,1576.00000000000,4798.00
HD 180053 b,1.19000000,2.19400000,213.72000000000,5131.00
L 98-59 e,0.13300000,0.00887271,12.82780000000,3415.00
L 98-59 f,0.13200000,0.00880979,23.06400000000,3415.00
K2-292 b,0.23463288,0.07708523,16.98410000000,5725.00
HIP 41378 d,0.31581819,0.01447322,278.36180000000,6320.00
K2-388 b,0.34793529,0.04550000,6.33932000000,5310.00
K2-139 b,0.81273976,0.38700000,28.38061900000,5370.00
EPIC 206317286 b,0.08564546,0.00264000,1.58252000000,4752.00
EPIC 212424622 b,0.19359443,0.01680000,18.09830000000,5782.33
Kepler-9 c,0.72084932,0.09407545,38.98530000000,5774.00
TOI-2076 e,0.12090000,0.00757000,3.02234450000,5192.00
WASP-50 b,1.16600000,1.46880000,1.95510000000,5400.00
TOI-2076 d,0.30608292,0.09124420,35.12568600000,5192.00
TOI-201 b,1.05500000,0.58000000,52.97794600000,6394.00
TOI-201 c,0.99300000,14.20000000,2800.00000000000,6394.00
HD 92788 b,1.16000000,3.76000000,325.80300000000,5744.00
KOI-1599.02,0.16950665,0.02831702,13.60880000000,5833.00
TOI-4773 b,1.35800000,5.31000000,1.74528510000,6740.00
TOI-5261 b,1.03500000,11.49000000,4.15097680000,5790.00
TOI-2719 b,0.53350078,0.09410000,3.37594000000,5762.00
HIP 41378 g,0.22700000,0.02202446,62.06000000000,6320.00
HD 50499 c,1.17000000,2.93000000,8619.90000000000,6099.00
EPIC 248847494 b,1.11000000,13.00000000,3650.00000000000,4898.00
GJ 15 A c,0.59500000,0.11326810,7600.00000000000,3607.00
K2-105 b,0.30332821,0.04845382,8.26726000000,5373.00
WASP-96 b,1.20000000,0.48000000,3.42526020000,5540.00
K2-121 b,0.63877351,0.16046394,5.18573800000,4526.00
EPIC 212737443 b,0.23070747,0.02270000,13.60300000000,4684.00
KMT-2017-BLG-0165L b,0.57500000,0.11000000,,
TOI-2322 b,0.08867889,0.00726807,11.30717000000,4664.00
TOI-5350 b,1.10800000,6.59000000,7.58136700000,6220.00
TOI-6420 b,1.06500000,8.20000000,6.96150800000,6020.00
Kepler-47 b,0.27210277,0.00651292,49.46430000000,5636.00
LSPM J2116+0234 b,0.33100000,0.04184627,14.43990000000,3475.00
TOI-6303 b,1.03400000,7.84000000,9.48523600000,3977.00
NSVS 14256825 b,1.10000000,14.15000000,3225.00000000000,40000.00
Kepler-82 f,0.43200000,0.06575842,75.73200000000,5401.00
GJ 27.1 b,0.32700000,0.04090237,15.81900000000,3542.00
GJ 160.2 b,0.28300000,0.03209263,5.23540000000,4347.00
TOI-7149 b,1.18000000,0.70500000,2.65206166000,3363.00
Kepler-47 d,0.62806673,0.05984331,187.36600000000,5636.00
TOI-6054.02,0.25158398,0.02926107,12.56363600000,6047.00
Kepler-82 b,0.36310108,0.03822798,26.44000000000,5401.00
GJ 682 b,0.17300000,0.01384388,17.47800000000,3028.00
OGLE-2015-BLG-1649L b,1.18000000,2.54000000,,
TOI-2141 c,0.21000000,0.01931860,5.46240000000,5635.00
HD 117207 b,1.19000000,2.10600000,2621.75000000000,5732.00
HD 114729 b,1.24000000,0.82500000,1121.79000000000,5844.00
HD 126525 b,0.91900000,0.23700000,960.41000000000,5638.00
NY Vir b,1.19000000,2.30000000,3160.00000000000,32780.00
NY Vir c,1.14000000,5.54000000,8799.00000000000,32780.00
TOI-1346 c,0.19894762,0.01760000,5.50255800000,5099.00
TOI-6000 b,0.08386133,0.00245000,0.44895900000,3419.00
HD 143361 b,1.15000000,4.35000000,1039.15000000000,5507.00
HD 152079 b,1.18000000,2.66100000,2918.92000000000,5907.00
HD 63433 b,0.19100000,0.06844888,7.10794750000,5553.00
HD 211970 b,0.32700000,0.04090237,25.20100000000,4127.00
HIP 35173 b,0.32200000,0.03995847,41.51600000000,4881.00
HD 190647 b,1.19000000,1.98500000,1176.45000000000,5656.00
HD 23127 b,1.21000000,1.52700000,1211.17000000000,5843.00
K2-168 b,0.16593809,0.01300000,15.85230000000,5502.70
HD 4208 b,1.24000000,0.81000000,832.97000000000,5717.00
K2-146 b,0.18288875,0.01816000,2.64460000000,3385.00
HD 8326 b,0.85500000,0.20954598,158.99100000000,4914.00
HIP 54373 b,0.25600000,0.02712142,7.76000000000,4021.00
HD 48265 b,1.21000000,1.52500000,778.51000000000,5733.00
KMT-2017-BLG-1038L b,1.19000000,2.00000000,,
HD 85426 c,0.28500000,0.03240742,35.73000000000,5746.00
55 Cnc B c,0.19300000,0.01667566,33.74700000000,3286.00
HIP 54373 c,0.31800000,0.03914042,15.14400000000,4021.00
HD 220689 b,1.22000000,1.20000000,2266.40000000000,5921.00
TOI-2093 c,0.20519261,0.04971236,53.81149000000,4426.00
TOI-756 c,1.16000000,4.05000000,149.40000000000,3657.00
HD 52265 b,1.22000000,1.21000000,119.27000000000,6136.00
TOI-6109 c,0.43113644,0.06550000,8.53887800000,5660.00
TOI-2093 b,0.29000000,0.03335133,12.83600000000,4426.00
HD 140901 b,0.36300000,0.04900000,9.02378000000,5610.00
HD 63433 c,0.24000000,0.04889116,20.54382810000,5553.00
TOI-178 d,0.24043221,0.01636103,6.55756900000,4316.00
TOI-178 e,0.20528182,0.01094930,9.96318000000,4316.00
TOI-2449 b,1.00200000,0.70000000,106.14468000000,6021.00
HR 5183 b,1.17000000,3.31000000,27000.00000000000,5794.00
HD 85390 b,0.55000000,0.09900000,799.52000000000,5186.00
eps Eri b,1.25000000,0.66000000,2671.00000000000,5020.38
55 Cnc e,0.16727630,0.02513923,0.73654740000,5172.00
HD 17156 b,1.09400000,3.26000000,21.21642940000,6046.00
TOI-1685 b,0.12677335,0.00965930,0.66913923000,3470.00
OGLE-2018-BLG-0596L b,0.34000000,0.04383000,,
WASP-110 b,1.17700000,0.48700000,3.77840220000,5392.00
HD 189567 b,0.25400000,0.02674399,14.28800000000,5726.00
GJ 3090 b,0.19448691,0.01422151,2.85310198000,3707.00
AF Lep b,1.16000000,3.61000000,8905.00000000000,6140.00
TOI-1422 b,0.34169030,0.02989034,12.99894000000,5840.00
EPIC 201497682 b,0.06173610,0.00081700,2.13174000000,4991.00
EPIC 201615463 c,0.10884111,0.00624000,3.80464000000,5960.00
OGLE-2015-BLG-1670L b,0.39400000,0.05630000,,
HD 152843 b,0.27210324,0.03089718,11.62071000000,6310.00
K2-293 b,0.21857436,0.02070000,13.12250000000,5532.00
EPIC 201833600 c,0.08921402,0.00306000,3.96151000000,4326.00
EPIC 206024342 b,0.15166384,0.01110000,4.50756000000,5724.00
TOI-178 b,0.10705701,0.00302050,1.91456010000,4316.00
TOI-178 c,0.15648167,0.01459907,3.23848600000,4316.00
TOI-270 d,0.17842836,0.01321468,11.38194000000,3506.00
TOI-756 b,0.25069184,0.03092864,1.23924950000,3657.00
OGLE-2018-BLG-1011L c,1.18000000,2.80000000,,
KMT-2016-BLG-0212L b,1.08000000,18.00000000,,
K2-294 b,0.14809528,0.01070000,2.50387000000,5612.00
KOI-1599.01,0.16950665,0.01447315,20.44150000000,5833.00
Kepler-1980 b,0.19716333,0.01740000,33.02571790000,5819.00
GJ 433 c,0.56000000,0.10201051,5094.10500000000,3461.00
KOI-142 c,1.25000000,0.67400000,22.26492000000,5466.00
Kepler-1126 c,0.12936056,0.00849000,199.66876000000,5678.00
EPIC 249893012 b,0.17396735,0.02753044,3.59510000000,5430.00
EPIC 249893012 c,0.32741547,0.04615675,15.62400000000,5430.00
OGLE-2018-BLG-0677L b,0.16200000,0.01250000,,
KOI-142 b,0.30671782,0.03000000,10.91647000000,5466.00
Kepler-1987 b,0.10973344,0.00642000,2.34586300200,4769.00
Kepler-1989 b,0.41216950,0.06070000,10.16102352800,6032.00
EPIC 249893012 d,0.35150326,0.03202970,35.74700000000,5430.00
OGLE-2018-BLG-1700L b,1.15000000,4.40000000,,
OGLE-2015-BLG-1771L b,1.28000000,0.43300000,,
Kepler-416 d,0.14363483,0.01010000,3.07644709000,5670.00
Kepler-975 c,0.95369956,0.25200000,5.05821338000,4883.00
Kepler-1996 b,0.20162404,0.01800000,32.37618300000,4580.00
Kepler-1052 c,0.20519261,0.01860000,180.92172900000,5818.00
TOI-5736 b,0.13917412,0.00961000,0.64899000000,3949.00
TOI-5489 c,0.11419415,0.00687000,4.92126000000,3547.00
OGLE-2012-BLG-0838L b,0.74800000,0.16700000,,
Kepler-1491 c,0.21768259,0.02050000,61.56976500000,5626.00
Kepler-160 b,0.15300205,0.01130000,4.30939700000,5471.00
Kepler-290 d,0.07672419,0.00178000,0.76401755300,5142.00
Kepler-549 d,0.37469955,0.05160000,24.61480613000,5312.00
GJ 1061 d,0.10300000,0.00515999,13.03100000000,2953.00
TOI-4940 b,0.58970572,0.28002532,25.86781100000,5504.00
HD 160691 b,,4.30000000,645.00000000000,5773.00
Kepler-864 c,0.14452697,0.01020000,2.42150341000,6213.00
Kepler-1976 b,1.08930511,,4.95931924400,5712.00
Kepler-2000 c,0.14006626,0.00972000,20.61803480000,3757.00
TOI-521 b,0.17664407,0.01667566,1.54285047000,3544.00
TOI-1648 b,0.22700000,0.02330000,7.33160200000,4850.00
OGLE-2016-BLG-1227L b,1.24000000,0.79000000,,
Kepler-1992 b,0.08118490,0.00218000,15.61122380000,5383.00
WASP-20 b,1.38000000,0.31100000,4.89964477000,5940.00
PDS 70 c,2.04000000,2.00000000,,3972.00
TOI-333 b,0.38005240,0.06324167,3.78525030000,6241.00
WASP-120 b,1.39000000,4.85000000,3.61126721000,6450.00
WASP-94 B b,1.26000000,0.61800000,2.00839000000,6040.00
TOI-2076 b,0.21322189,0.05065626,10.35523500000,5201.00
TOI-4507 b,0.73155626,0.06292704,104.61611000000,6260.00
Kepler-1990 c,0.08742989,0.00284000,4.06844957000,5751.00
HD 220197 b,0.83200000,0.20000000,1728.00000000000,5683.00
HD 233832 b,1.20000000,1.78000000,2058.00000000000,4981.00
Kepler-763 d,0.14898768,0.01080000,6.50327035000,4999.00
Kepler-1814 c,0.15701695,0.01180000,0.62628176600,4922.00
PSR B0329+54 b,0.10900000,0.00619828,10140.00000000000,
TOI-7166 b,0.17932050,0.01480000,12.92063621000,3099.00
TOI-5349 b,0.91000000,0.40000000,3.31792100000,3751.00
Kepler-1649 b,0.09073066,0.00325000,8.68909900000,3240.00
Kepler-1649 c,0.09456687,0.00377000,19.53527000000,3240.00
Kepler-1991 c,0.22928044,0.02240000,22.79020351000,5478.00
Kepler-1982 b,0.06869492,0.00120000,3.82315697000,6202.00
Kepler-29 c,0.20876082,0.01415851,13.28613000000,5378.00
Kepler-297 d,2.90838220,,150.01895110000,5618.00
Kepler-1859 c,0.14809554,0.01070000,3.59645081000,5887.00
USco1556 b,1.09000000,15.00000000,,3410.00
Kepler-177 b,0.31224909,0.01837460,36.86010000000,5732.00
Kepler-1996 c,0.25069184,0.02610000,92.72972480000,4580.00
Kepler-1988 b,0.13649769,0.00930000,11.49500229000,6033.00
KOI-1783.02,0.48532429,0.04719504,284.21500000000,5922.00
Kepler-2001 c,0.16236980,0.01250000,14.09258318900,5081.00
Kepler-1471 c,0.16772265,0.01320000,11.60448810000,5533.00
DMPP-3 A b,0.12600000,0.00811755,6.67320000000,5138.00
Kepler-164 e,0.37826811,0.05250000,94.88690200000,5888.00
Kepler-1921 c,0.12579199,0.00809000,3.15722086000,6120.00
GJ 180 b,0.21700000,0.02041972,17.13300000000,3371.00
HD 164922 c,0.32700000,0.04090237,75.74000000000,5390.00
Kepler-1998 b,0.05352851,0.00049000,3.03267135000,5640.00
WASP-108 b,1.35000000,0.89200000,2.67555212374,6783.00
TOI-7510 c,0.96400000,0.41200000,22.56874230000,5720.00
KELT-20 b,1.74100000,3.38200000,3.47410850000,8720.00
TOI-6448 b,0.75600000,0.17000000,14.84426100000,5910.00
WASP-8 b,1.13000000,2.54000000,8.15872000000,5600.00
OGLE-2018-BLG-1428L b,1.25000000,0.77000000,,
OGLE-2017-BLG-1049L b,1.14000000,5.53000000,,
KMT-2019-BLG-0842L b,0.28400000,0.03234000,,
Kepler-1684 b,0.25611990,0.02710000,47.70550000000,4706.54
Kepler-1679 b,0.18460198,0.01550000,9.75376000000,5501.00
KMT-2016-BLG-2397L b,1.18000000,2.63000000,,
HD 107148 c,0.42000000,0.06260000,18.32670000000,5752.92
Kepler-1687 b,0.14775973,0.01060000,5.77954000000,4132.00
Kepler-1688 b,0.11256541,0.00670000,5.62012000000,4632.11
Kepler-462 b,0.26764207,0.16958752,84.68660000000,7500.00
OGLE-2017-BLG-0604L b,1.27000000,0.51000000,,
MOA-2009-BLG-319L b,0.86000000,0.21200000,,
HD 160691 d,0.28800000,0.03300523,9.63920000000,5773.00
HD 136925 b,1.24000000,0.84000000,4540.00000000000,5773.19
HD 156668 c,0.55000000,0.09910000,811.30000000000,4903.69
Kepler-462 c,0.35685610,0.01887802,207.62000000000,7500.00
HD 164922 e,0.28800000,0.03310000,41.76300000000,5393.43
EPIC 201757695.02,0.08102328,0.00217000,2.04780000000,4520.00
KMT-2023-BLG-0548L b,1.17000000,3.42000000,,
KMT-2024-BLG-2059L b,0.22700000,0.02200000,,
Kepler-1664 b,0.27060456,0.02970000,14.38680000000,5735.81
Kepler-1001 c,0.14077909,0.00980000,9.18186000000,5376.00
HD 3765 b,0.76400000,0.17300000,1211.00000000000,5049.80
Kepler-1701 b,0.19822126,0.01750000,169.13400000000,5146.00
Kepler-1702 b,0.14291265,0.01010000,18.50120000000,5093.00
MOA-2013-BLG-220L b,1.18000000,2.74000000,,
HD 4760 b,1.10000000,13.90000000,434.00000000000,4076.00
Kepler-1665 b,0.25328824,0.02660000,11.95480000000,5049.84
Kepler-1698 b,0.09574064,0.00394000,1.21070000000,4975.03
TYC 0434-04538-1 b,1.14000000,6.10000000,193.20000000000,4679.00
Kepler-1700 b,0.25883660,0.02760000,234.23900000000,6031.00
Kepler-1697 b,0.11236931,0.00668000,33.49690000000,4681.53
Gl 686 b,0.22000000,0.02084133,15.53000000000,3656.00
HD 180617 b,0.31500000,0.03842935,105.91100000000,3534.00
HD 13808 b,0.29900000,0.03523896,14.18150000000,5035.00
HD 13808 c,0.27900000,0.03133751,53.75300000000,5035.00
HATS-37 A b,0.60600000,0.09900000,4.33153660000,5326.00
GJ 480 b,0.33000000,0.04153164,9.56700000000,3381.00
HD 216520 c,0.27100000,0.02970141,154.43000000000,5103.00
HIP 107772 b,0.32500000,0.04058774,55.19900000000,4006.00
HD 238090 b,0.22500000,0.02167826,13.67100000000,3933.00
Kepler-1667 b,0.26620150,0.02890000,83.57810000000,5941.54
2MASS J01033563-5515561 AB b,1.10000000,13.00000000,,
GJ 414 A c,0.74939781,0.16936727,749.83000000000,4120.00
GJ 414 A b,0.23463288,0.02391215,50.80000000000,4120.00
Kepler-1669 b,0.24805408,0.02560000,9.51216000000,4303.00
Kepler-1663 b,0.29475948,0.03440000,17.60460000000,3844.00
Kepler-1675 b,0.27877897,0.03130000,63.03820000000,5853.19
Kepler-1676 b,0.30127216,0.03570000,29.92210000000,5878.30
K2-340 b,0.29975964,0.03540000,29.74045100000,5532.00
EPIC 206024342 d,0.23195686,0.02290000,14.64753100000,5724.00
EPIC 206024342 c,0.12489985,0.00800000,0.91172400000,5724.00
KOI-3503 b,0.10616487,0.02894644,21.18500000000,6001.00
KOI-1831 d,0.10081202,0.00701636,34.16900000000,5233.00
K2-345 b,0.18824192,0.01600000,10.36743700000,3779.00
EPIC 206042996 c,0.10705701,0.00588000,0.35488400000,4114.00
KOI-1833 d,0.23017258,0.03467280,7.68500000000,4413.00
KOI-3503 c,0.10794916,0.03259621,31.82800000000,6001.00
HIP 75092 b,1.20000000,1.79000000,926.40000000000,4891.00
KMT-2018-BLG-1976L b,1.19000000,2.22000000,,
OGLE-2019-BLG-0954L b,1.10000000,14.20000000,,
K2-347 b,0.21500617,0.02010000,7.18725700000,4599.00
HD 39194 d,0.16300000,0.01258541,33.91000000000,5205.00
KMT-2018-BLG-1025L b,0.20800000,0.01906375,,
K2-350 c,0.24444685,0.02500000,19.99194400000,5789.00
K2-349 b,0.12311557,0.00780000,9.03217800000,4385.00
K2-351 b,0.22660401,0.02200000,7.80616400000,5769.00
HD 93385 c,0.22900000,0.02233910,13.18000000000,5977.00
HD 93385 b,0.16800000,0.01321468,7.34260000000,5977.00
K2-280 b,0.66910634,0.11672965,19.89526000000,5500.00
K2-185 b,0.10259630,0.00505000,10.61638400000,5788.00
K2-185 c,0.21322189,0.01980000,52.71349400000,5788.00
HD 203030 b,1.29000000,11.00000000,,5603.00
HD 96700 d,0.32200000,0.03995867,103.50000000000,5845.00
HD 96700 b,0.26100000,0.02800253,8.12450000000,5845.00
K2-331 c,0.24266256,0.02470000,22.99659100000,5994.00
OGLE-2018-BLG-1185L b,0.25300000,0.02642936,,
HD 27969 b,1.15000000,4.80000000,654.50000000000,5966.00
K2-342 b,0.18110478,0.01500000,11.56105200000,5920.00
HD 115954 b,1.12000000,8.45000000,3700.00000000000,5957.00
HD 211403 b,1.14000000,5.54000000,223.80000000000,6273.00
HD 109286 b,1.17000000,2.99000000,520.10000000000,5694.00
CD Cet b,0.16200000,0.01242809,2.29070000000,3130.00
GJ 9689 b,0.27400000,0.03036230,18.27000000000,3836.00
G 264-012 b,0.12400000,0.00786588,2.30538000000,3326.00
K2-352 d,0.19894762,0.01760000,14.87138700000,5791.00
K2-187 c,0.12489985,0.00800000,2.87151200000,5438.00
K2-268 f,0.19894762,0.01760000,26.27057000000,5106.00
K2-282 b,0.22303545,0.02140000,4.16978300000,5499.00
K2-156 b,0.09813560,0.00430000,0.81314300000,4460.00
CFHTWIR-Oph 98 b,1.86000000,7.80000000,8040000.00000000000,2320.00
EPIC 212297394 b,0.13203698,0.00879000,2.28936300000,5171.00
K2-187 b,0.10705701,0.00588000,0.77401000000,5438.00
K2-210 b,0.07672419,0.00178000,0.57023000000,5500.00
Kepler-129 d,1.12000000,8.30000000,2646.00000000000,5770.00
EPIC 212587672 b,0.11240986,0.00669000,15.28078000000,6004.00
K2-223 c,0.13382127,0.00899000,4.56254600000,5859.00
K2-223 b,0.07940062,0.00201000,0.50557000000,5859.00
NGTS-15 b,1.10000000,0.75100000,3.27623000000,5600.00
EPIC 212624936 c,0.20519261,0.01860000,11.81143700000,5765.00
K2-137 b,0.05709707,0.50000000,0.17971900000,3697.00
K2-354 b,0.13917412,0.00961000,3.79330600000,3669.00
EPIC 206215704 b,0.08921418,0.00306000,2.25543600000,3297.00
K2-332 b,0.19627119,0.01720000,17.70632000000,3315.00
BD+63 1405 b,1.11000000,10.40000000,1198.48000000000,5000.00
HD 155193 b,1.25000000,0.75000000,352.65000000000,6239.00
Kepler-1788 b,0.21219633,0.01970000,2.80012011500,4786.00
Kepler-1861 b,0.19687554,0.01730000,40.03060150000,5855.00
K2-273 b,0.27210324,0.03000000,11.71956630000,5161.00
K2-272 b,0.27924038,0.03130000,14.45367560000,5397.00
Kepler-1712 b,0.20374070,0.01840000,13.81499958000,3732.00
Kepler-1789 b,0.25259880,0.02640000,80.23190308000,5436.00
Kepler-1790 b,0.28054420,0.03160000,31.58889961000,5866.00
Kepler-1862 b,0.19653883,0.01730000,16.05730057000,5644.00
Kepler-1865 b,0.14067833,0.00979000,2.52400994300,5420.00
K2-122 b,0.10348845,0.00521000,2.21930230000,4009.00
K2-274 b,0.18556549,0.01570000,14.13303140000,5044.00
Kepler-1767 b,0.26880149,0.02940000,59.65829849000,5243.00
Kepler-1765 b,0.22259728,0.02130000,10.41889954000,5692.00
Kepler-1766 b,0.20332313,0.01830000,105.01499940000,5868.00
Kepler-1792 b,0.22481167,0.02170000,4.19577980000,5229.00
Kepler-1090 c,0.29375176,0.03420000,42.42720032000,5330.00
Kepler-1311 d,0.86166408,0.21200000,197.51100160000,5616.00
Kepler-1761 b,0.12410549,0.00791000,4.04354000100,3871.00
Kepler-1777 b,0.19019542,0.01630000,12.18420029000,5771.00
Kepler-1794 b,0.16007368,0.01220000,9.76298046100,5052.00
Kepler-1868 b,0.28098015,0.03170000,211.03399660000,4658.00
Kepler-1872 b,0.21270546,0.01970000,3.82591009100,5223.00
HD 22496 b,0.19800000,0.01752518,5.09071000000,4385.00
Kepler-1775 b,0.32541956,0.04060000,85.65399933000,5818.00
Kepler-1772 b,0.23963819,0.02420000,3.21509003600,5541.00
Kepler-1796 b,0.24538169,0.02520000,29.45579910000,6036.00
Kepler-1797 b,0.27279416,0.03010000,23.35939980000,6244.00
Kepler-1714 b,0.29122836,0.03370000,10.27530003000,6150.00
Kepler-1874 b,0.19726211,0.01740000,56.57320023000,4701.00
OGLE-2018-BLG-0962L b,1.22000000,1.34000000,,
Kepler-1774 b,0.28386127,0.03220000,59.77080154000,6214.00
Kepler-799 c,0.24807657,0.02560000,15.19419956000,5588.00
Kepler-1822 b,0.23619984,0.02360000,22.13339996000,5165.00
Kepler-1875 b,0.28788228,0.03300000,34.45859909000,6161.00
HD 137496 b,0.11687057,0.01271126,1.62116000000,5799.00
Kepler-1824 b,0.21244358,0.01970000,95.61100006000,6002.00
Kepler-1825 b,0.12686321,0.00821000,1.02586996600,5123.00
Kepler-1826 b,0.13160797,0.00874000,1.61536002200,3821.00
Kepler-1130 c,0.07069294,0.00133000,3.26663994800,5450.00
KMT-2016-BLG-2605L b,1.25000000,0.77100000,,
HD 137496 c,1.13000000,7.66000000,479.90000000000,5799.00
Kepler-1782 b,0.19888288,0.01760000,5.75622987700,4931.00
Kepler-1768 b,0.19925660,0.01770000,15.13589954000,6050.00
Kepler-1830 b,0.29707691,0.03480000,56.49330139000,6160.00
Kepler-1881 b,0.26595138,0.02890000,159.39399720000,5135.00
Kepler-1882 b,0.13263865,0.00886000,13.78730011000,5691.00
Kepler-1733 b,0.32436701,0.04040000,9.22957992600,6320.00
Kepler-1779 b,0.27058275,0.02970000,16.34359932000,5730.00
Kepler-1776 b,0.23298909,0.02300000,35.01190186000,5872.00
Kepler-1832 b,0.10948324,0.00637000,3.13878989200,5242.00
Kepler-1883 b,0.29004189,0.03340000,103.42700200000,6208.00
Kepler-1884 b,0.16184057,0.01240000,8.98832035100,5984.00
Kepler-1737 b,0.48131049,0.07900000,64.61750031000,5043.00
Kepler-1739 b,0.21684115,0.02040000,7.34370994600,5757.00
Kepler-1771 b,0.36179673,0.04870000,88.64399719000,5661.00
Kepler-1799 b,0.36827719,0.05010000,11.92969990000,5831.00
Kepler-1838 b,0.14813963,0.01070000,12.14680004000,5877.00
TCP J05074264+2447555 b,0.42100000,0.06292704,,5805.00
Kepler-418 c,0.46579494,0.07470000,12.21829987000,5822.00
Kepler-1750 b,0.53567283,0.09470000,205.91200260000,5644.00
Kepler-1801 b,0.24170454,0.02450000,10.44089985000,5738.00
Kepler-1804 b,0.14239986,0.00999000,12.28849983000,5109.00
Kepler-1840 b,0.24781123,0.02560000,131.19000240000,4898.00
Kepler-1715 b,0.36938441,0.05040000,35.59730148000,6212.00
HD 25723 b,1.18000000,2.50000000,457.01000000000,4766.00
17 Sco b,1.15000000,4.32000000,578.38000000000,4157.00
Kepler-1748 b,0.24201578,0.02460000,5.82352018400,5774.00
Kepler-1747 b,0.38050561,0.05300000,6.23031997700,5477.00
Kepler-1805 b,0.13783851,0.00945000,8.84794044500,3867.00
Kepler-1742 b,0.19433001,0.01690000,49.47819901000,5776.00
Kepler-1741 b,0.11356965,0.00681000,2.75759005500,3683.00
Kepler-1809 b,0.13498105,0.00912000,3.75729990000,4901.00
Kepler-1810 b,0.34955482,0.04590000,101.13300320000,5492.00
Kepler-1846 b,0.15735492,0.01180000,14.82009983000,4825.00
Kepler-1847 b,0.24490801,0.02510000,11.12969971000,6122.00
K2-101 b,0.17842836,0.01470000,14.67624290000,4927.00
K2-95 b,0.29529893,0.03450000,10.13464540000,3566.00
Kepler-1745 b,0.17206999,0.01380000,3.01619005200,5611.00
Kepler-1813 b,0.12605963,0.00812000,2.81816005700,5167.00
Kepler-1814 b,0.21140313,0.01950000,2.93535995500,4922.00
Kepler-1848 b,0.12568974,0.00808000,5.60402011900,4847.00
K2-355 b,0.20073190,0.01790000,5.73856470000,5790.00
EPIC 211822797 b,0.17129122,0.01370000,21.17019630000,4057.00
Kepler-1754 b,0.21767948,0.02050000,8.19594955400,4723.00
Kepler-1753 b,0.19866042,0.01760000,16.00460052000,5180.00
Kepler-1815 b,0.24524319,0.02510000,12.19139957000,5516.00
Kepler-1787 b,0.20688606,0.01880000,39.31370163000,6060.00
Kepler-1853 b,0.13548268,0.00918000,48.88819885000,4821.00
Kepler-1854 b,0.23083821,0.02270000,39.83110046000,5026.00
K2-357 b,0.33187674,0.04200000,16.34886370000,5794.00
K2-356 b,0.20430047,0.01840000,21.02673660000,5568.00
Kepler-1755 b,0.52786987,0.09240000,24.81209946000,6086.00
Kepler-1757 b,0.26287872,0.02830000,19.65640068000,5288.00
Kepler-1817 b,0.20282765,0.01820000,44.29919815000,5316.00
Kepler-1818 b,0.15287803,0.01130000,4.64490985900,6047.00
Kepler-1857 b,0.17491815,0.01420000,8.94340992000,6074.00
K2-184 b,0.13114484,0.00869000,16.97801020000,5245.00
K2-358 b,0.23909400,0.02410000,11.25102850000,5650.00
Kepler-1963 b,0.06640838,0.00106000,1.96226000800,5726.00
Kepler-1911 b,0.09019553,0.00318000,5.99079990400,5721.00
Kepler-1893 b,0.15216142,0.01120000,4.17936992600,5633.00
Kepler-1964 b,0.15889569,0.01200000,2.44082999200,4803.00
KOI-4777.01,0.04549923,0.31211810,0.41200000000,3515.00
HD 360 b,1.25000000,0.75000000,273.10000000000,4770.00
Kepler-1897 b,0.25105579,0.02620000,24.22030067000,5165.00
Kepler-1898 b,0.08328458,0.00239000,4.76562023200,5702.00
Kepler-1967 b,0.06514649,0.00099100,7.28169012100,4970.00
HD 79181 b,1.26000000,0.64000000,273.10000000000,4862.00
HD 10975 b,1.28000000,0.45000000,283.80000000000,4840.00
HD 99283 b,1.23000000,0.97000000,310.40000000000,4886.00
Kepler-1913 b,0.13547357,0.00918000,14.19600010000,6214.00
ups Leo b,1.27000000,0.51000000,385.20000000000,4836.00
Kepler-1906 b,0.24767261,0.02560000,7.36268997200,5868.00
Kepler-1907 b,0.07759227,0.00185000,5.65245008500,5159.00
Kepler-1916 b,0.23352457,0.02310000,31.25429916000,6246.00
gam Psc b,1.22000000,1.34000000,555.10000000000,4742.00
HIP 34222 b,1.24000000,0.83000000,159.98600000000,4050.00
Kepler-1910 b,0.10562959,0.00560000,5.68876981700,4234.00
Kepler-1717 b,0.26668773,0.02900000,30.65279961000,6200.00
Kepler-1919 b,0.23408967,0.02320000,37.88660049000,5513.00
Kepler-1918 b,0.20498119,0.01850000,47.05640030000,5889.00
Kepler-1920 b,0.26355282,0.02840000,30.25410080000,6277.00
HIP 86221 b,1.25000000,0.71000000,2.22400000000,
K2-387 b,0.65322621,0.13300000,28.73532700000,3572.00
KMT-2021-BLG-0912L b,0.13300000,0.00884125,,
Kepler-589 c,0.09967654,0.00455000,3.52466011000,5372.00
Kepler-1922 b,0.20435837,0.01840000,13.22259998000,5931.00
K2-373 b,0.18387042,0.01540000,11.02066000000,6138.00
Kepler-1936 b,0.28246600,0.03200000,126.55699920000,6501.00
Kepler-1937 b,0.26968673,0.02950000,9.68859958600,6457.00
Kepler-1927 b,0.30388764,0.03620000,73.75039673000,6056.00
K2-382 b,0.18485178,0.01560000,21.70015600000,5452.00
Kepler-1938 b,0.16310932,0.01260000,13.06260014000,4522.00
Kepler-1939 b,0.10391736,0.00528000,2.79065990400,4353.00
Kepler-1940 b,0.13804330,0.00948000,4.95061016100,5431.00
Kepler-1722 b,0.25579424,0.02700000,9.17856979400,5506.00
K2-381 b,0.09590524,0.00396000,7.93893340000,4473.00
Kepler-1942 b,0.18886898,0.01610000,4.62604999500,5834.00
Kepler-1944 b,0.24620540,0.02530000,9.84257984200,5585.00
Kepler-1930 b,0.13645803,0.00929000,13.02680016000,5083.00
Kepler-1266 c,0.14990120,0.01090000,4.86631012000,4996.00
Kepler-1945 b,0.11499708,0.00695000,6.08003997800,4991.00
Kepler-529 d,0.24935595,0.02590000,35.86619949000,6078.00
YZ Cet b,0.08140000,0.00220245,2.02087000000,3151.00
YZ Cet c,0.09330000,0.00358684,3.05989000000,3151.00
Kepler-913 c,0.34419462,0.04470000,5.93911981600,6068.00
Kepler-1719 b,0.35239656,0.04650000,6.14955997500,5687.00
Kepler-1926 b,0.20652722,0.01880000,42.87770081000,5256.00
Kepler-1718 b,0.22914846,0.02240000,135.18800350000,5731.00
Kepler-1972 c,0.07743791,0.00663880,11.32950000000,5818.00
Kepler-501 c,0.14998664,0.01090000,3.62276005700,5794.00
Kepler-1312 c,0.09165216,0.00337000,1.11611998100,5721.00
Kepler-1950 b,0.13622679,0.00927000,10.77690029000,5455.00
Kepler-1951 b,0.20707252,0.01890000,20.65780067000,5468.00
Kepler-607 c,0.24623220,0.02530000,39.67679977000,5244.00
Kepler-1721 b,0.27822044,0.03120000,4.59238004700,5351.00
Kepler-1869 b,0.09988005,0.00458000,8.16736030600,5808.00
Kepler-1315 c,0.16450995,0.01280000,6.56606006600,4818.00
Kepler-1728 b,0.26362957,0.02840000,4.78299999200,5170.00
Kepler-1705 c,0.18288907,0.01705323,11.28000000000,6312.00
Kepler-1322 c,0.19224989,0.01660000,6.45998001100,5704.00
Kepler-1693 c,0.08716073,0.00281000,5.36370992700,5553.00
Kepler-1956 b,0.09719014,0.00416000,5.94371986400,4391.00
Kepler-1957 b,0.08419576,0.00248000,2.18661999700,4904.00
Kepler-1711 b,0.17155886,0.01370000,21.06080055000,5706.00
Kepler-1888 b,0.11827901,0.00729000,11.39169979000,5557.00
Kepler-1959 b,0.10198584,0.00494000,6.38669014000,5071.00
OGLE-2018-BLG-0532L b,0.21200000,0.01959548,,
b Cen AB b,1.11000000,10.90000000,1790000.00000000000,
Kepler-1890 b,0.07749801,0.00185000,4.82059001900,6046.00
Kepler-1892 b,0.16389353,0.01270000,6.33123016400,5383.00
K2-317 b,0.26139709,0.02800000,6.22000000000,3387.00
K2-396 b,0.14086919,0.00981000,0.67386200000,5236.00
K2-397 b,0.21563067,0.02020000,3.57232600000,5387.00
K2-319 b,0.24890713,0.02580000,26.68000000000,5440.00
HD 174205 b,1.16000000,4.20000000,582.00000000000,4308.00
K2-400 b,0.10375609,0.00525000,3.86505300000,3578.00
K2-322 b,0.17129093,0.01370000,8.20500000000,4141.00
HD 106252 b,1.11000000,10.00000000,1535.00000000000,5874.00
KELT-14 b,1.74300000,1.28400000,1.71005660000,5720.00
K2-402 b,0.23891557,0.02410000,17.27474000000,5716.00
K2-324 b,0.21679008,0.02040000,3.26200000000,3752.00
HD 171238 b,1.12000000,8.80000000,1515.00000000000,5467.00
HD 81040 b,1.13000000,7.24000000,1002.70000000000,5755.00
Kepler-167 e,0.90641605,1.01000000,1071.23205000000,4884.00
HD 140901 c,1.20000000,1.80000000,14386.00000000000,5610.00
K2-404 b,0.22571187,0.02180000,13.11536500000,3748.00
K2-326 b,0.20340798,0.01830000,1.25600000000,3924.00
HD 181433 d,1.18000000,2.70000000,2172.00000000000,4962.00
K2-407 b,0.11446179,0.00690000,4.94190700000,5563.00
K2-407 c,0.12133128,0.00761000,9.22453000000,5563.00
HD 29021 b,1.15000000,4.47000000,1365.00000000000,5560.00
K2-408 b,0.14961218,0.01090000,20.97895900000,5335.00
Ross 508 b,0.16300000,0.01258541,10.77000000000,3071.00
HD 83443 b,1.25000000,0.40200000,2.98562800000,5442.00
K2-374 c,0.19743098,0.01740000,16.43445000000,5789.00
K2-374 b,0.14211819,0.00996000,4.52195300000,5789.00
HD 83443 c,1.21000000,1.50000000,8241.00000000000,5442.00
KMT-2021-BLG-0171L b,0.29900000,0.03523914,,5200.00
K2-384 b,0.09599446,0.00398000,2.23152700000,3623.00
iot Dra c,1.09000000,15.60000000,25000.00000000000,4504.00
iot Dra b,1.10000000,11.82000000,510.85440000000,4504.00
KMT-2021-BLG-1689L b,0.68800000,0.14473219,,4570.00
K2-365 b,0.25925640,0.02760000,23.44817200000,5561.00
K2-379 b,0.19457612,0.01700000,8.77724700000,4603.00
EPIC 206317286 c,0.18681449,0.01580000,17.51547200000,4752.00
AB Aur b,1.12000000,9.00000000,,9770.00
K2-384 c,0.10625409,0.00572000,4.19476600000,3623.00
K2-372 b,0.26273575,0.02830000,9.84407700000,5479.00
GJ 9066 c,0.85600000,0.21000000,771.36000000000,3154.00
HD 39091 b,1.10000000,14.10000000,2088.80000000000,5998.00
TOI-1518 b,1.87800000,1.83000000,1.90261131000,7299.00
pi Men d,0.33200000,0.04209819,124.64000000000,5998.00
K2-384 e,0.11999307,0.00747000,9.71504300000,3623.00
K2-378 b,0.25693683,0.02720000,2.06043800000,4823.00
2MASS J19383260+4603591 b,1.20000000,1.90000000,406.00000000000,29564.00
Kepler-451 d,1.20000000,1.76000000,43.00000000000,29564.00
OGLE-2014-BLG-0676L b,1.16000000,3.68000000,,
K2-393 b,0.20983175,0.01930000,10.41318100000,5678.00
TOI-5799 c,0.15701695,0.01180000,14.01044900000,3452.00
HD 103891 b,1.18000000,2.89000000,1919.00000000000,6072.00
KOI-984 c,1.25000000,0.66010462,21.51200000000,5295.00
K2-389 c,0.18199692,0.01520000,20.85133700000,5782.00
HD 7924 d,,4.93400000,24.45100000000,5075.00
K2-392 b,0.16504623,0.01280000,15.39872300000,5726.00
GJ 3090 c,0.28000000,0.03146352,15.94070000000,3707.00
GJ 4274 b,0.13700000,0.00934467,1.63390000000,3228.00
HD 33142 b,1.22000000,1.26000000,330.00000000000,5025.40
HD 33142 c,1.24000000,0.89000000,810.20000000000,5025.40
K2-395 b,0.23168922,0.02280000,4.80335200000,5007.00
K2-395 c,0.30288213,0.03600000,8.49128200000,5007.00
HIP 8541 b,1.13000000,7.71400000,1852.14387000000,4672.00
HD 142 A d,0.97100000,0.26000000,108.45299000000,6245.00
HD 144899 b,0.42500000,0.06400000,40.43914000000,6126.00
GJ 2030 c,1.10000000,12.80300000,25533.11353000000,5485.00
HD 125612 c,0.36300000,0.04900000,4.15466000000,5900.00
HD 219828 c,1.09000000,16.05400000,4789.87297000000,5891.00
HD 214823 b,1.08000000,18.61000000,1854.84424000000,6215.00
GJ 676 A c,1.10000000,13.49200000,13921.42302000000,3734.00
HD 149806 b,1.10000000,12.59700000,16521.52778000000,5352.05
GJ 9714 b,1.12000000,9.40300000,19240.75467000000,4263.00
HD 142 b,1.13000000,7.10000000,351.43394000000,6245.00
HD 139357 b,1.08000000,19.87100000,1124.79139000000,4700.00
HD 224538 b,1.13000000,6.53100000,1202.05199000000,6097.00
HD 153557 d,1.06000000,27.45400000,40654.64809000000,4837.00
HD 115404 A b,0.54300000,0.09700000,10.49488000000,5019.17
HIP 67537 b,1.10000000,13.55800000,2523.64713000000,4985.00
HD 30177 c,1.14000000,6.15000000,12085.45186000000,5580.00
HD 156098 b,0.36800000,0.05000000,21.85849000000,6419.19
HD 12235 c,1.11000000,9.86600000,36336.70679000000,5986.00
HD 203387 b,1.17000000,3.48000000,512.53520000000,5174.32
HD 169830 c,1.13000000,7.66900000,1818.82339000000,6300.00
HD 169830 b,1.18000000,2.53100000,225.67372000000,6300.00
HD 156098 c,1.14000000,5.22800000,7841.58390000000,6419.19
HIP 35965 b,1.12000000,8.14900000,26125.56497000000,4836.00
HD 203387 c,1.13000000,7.48500000,2481.07227000000,5174.32
bet Pic c,1.11000000,10.13900000,1192.77951000000,8038.68
HD 25015 b,1.12000000,9.07700000,6134.42700000000,5160.00
GJ 229 b,0.35400000,0.04700000,579.47495000000,3564.00
HD 18143 c,1.11000000,9.99800000,28982.41764000000,5078.00
HD 217786 b,1.10000000,13.85200000,1301.36009000000,5966.00
HD 204313 c,0.38500000,0.05400000,34.95875000000,5767.00
HD 125390 b,1.06000000,27.20400000,1757.39151000000,4882.00
HD 81817 b,1.07000000,24.12800000,1021.20159000000,4140.00
HD 190228 b,1.15000000,5.03000000,1143.59858000000,5360.00
HD 23596 b,1.10000000,11.91400000,1535.11912000000,6040.00
HIP 90988 b,1.19000000,2.10200000,455.73816000000,4883.00
HD 145675 c,1.15000000,5.02500000,15732.45889000000,5338.00
HD 204313 e,1.09000000,15.31700000,7325.64666000000,5767.00
HD 30177 b,1.12000000,8.40300000,2514.53422000000,5580.00
HD 217958 b,1.27000000,0.52400000,2560.19774000000,5930.64
HD 213519 b,0.26700000,0.02900000,11.12214000000,5840.00
HD 43197 b,1.26000000,0.55300000,308.92072000000,5508.00
HD 4113 b,1.20000000,1.70300000,526.52390000000,5688.00
HD 95544 b,1.14000000,6.02100000,2041.54152000000,5722.00
HD 25912 c,1.09000000,16.52700000,26308.65619000000,5920.58
HD 105618 c,1.07000000,26.49100000,77114.07158000000,5671.00
HD 28192 b,1.08000000,0.31400000,14.23283000000,5919.87
HD 43197 c,1.12000000,7.86800000,9295.97350000000,5508.00
HD 74156 c,1.12000000,8.66500000,2448.48726000000,6068.00
HD 74156 b,1.20000000,1.67500000,51.63564000000,6068.00
HD 7449 b,1.12000000,8.17400000,1270.55195000000,6024.00
HD 110537 b,1.06000000,27.09900000,24469.67342000000,5718.00
HD 56957 b,1.14000000,5.91800000,5859.08992000000,5743.00
HD 86264 b,1.11000000,9.80800000,1488.79123000000,6210.00
HD 111232 c,1.08000000,18.06300000,26472.44623000000,5512.00
HD 62549 b,1.12000000,8.51900000,14306.88519000000,5930.46
HD 142 c,1.11000000,10.90100000,10159.64279000000,6245.00
HD 11343 c,1.24000000,0.80400000,228.53731000000,4672.00
HD 73267 c,1.15000000,5.13100000,17071.78045000000,5387.00
14 Her b,1.12000000,8.05300000,1765.03890000000,5338.00
HD 219077 b,1.11000000,9.62000000,5478.68861000000,5362.00
HD 113337 b,1.17000000,3.25900000,317.58639000000,6774.00
HD 125271 b,1.11000000,10.90400000,14901.99295000000,4703.93
HD 127506 b,0.50600000,0.08600000,65.78395000000,4595.32
HD 81817 c,1.07000000,22.60900000,622.97802000000,4140.00
bet Pic b,1.65000000,11.72900000,8617.50952000000,8038.68
HD 145934 b,1.19000000,2.07200000,2751.53433000000,4823.75
HIP 97233 b,1.08000000,19.18700000,1062.26506000000,5020.00
HD 215497 b,,4.99900000,3.93404000000,5110.00
HD 93351 b,0.15100000,0.01100000,2.45946000000,5408.00
HD 88072 b,1.12000000,7.90300000,18538.79293000000,5785.33
HD 93351 c,1.10000000,13.07000000,14010.29410000000,5408.00
HD 10697 b,1.14000000,5.74300000,1075.37990000000,5641.00
KMT-2021-BLG-2294L b,0.44800000,0.07000000,,
MOA-2007-BLG-400L b,1.20000000,1.70000000,,
KMT-2021-BLG-1077L b,0.88000000,0.22000000,,
HD 10180 e,0.48100000,0.07900000,49.74800000000,5911.00
Wolf 1069 b,0.09590000,0.00396440,15.56400000000,3158.00
OGLE-2017-BLG-1691L b,0.35000000,0.04600000,,
KMT-2021-BLG-0320L b,0.55300000,0.10000000,,
Kepler-138 b,0.05709707,0.00022024,10.31340000000,3841.00
MOA-2020-BLG-135L b,0.30100000,0.03555378,,
TrES-2 b,1.36000000,1.49000000,2.47063000000,5850.00
TOI-6223 b,0.45231588,0.07110000,3.85521900000,3895.00
WASP-47 d,0.32563175,0.04876845,9.03050100000,5565.00
Kepler-138 d,0.13471341,0.00660734,23.09230000000,3841.00
Kepler-138 c,0.13471341,0.00723661,13.78150000000,3841.00
OGLE-2006-BLG-284L A b,1.27000000,0.45307467,,
KMT-2018-BLG-2602L b,1.22000000,1.15000000,,
K2-413 c,0.10997432,0.00644000,5.33010000000,4116.00
K2-414 c,0.17206739,0.01380000,6.66900000000,4343.00
OGLE-2018-BLG-1119L b,1.24000000,0.91000000,,
WASP-65 b,1.11200000,1.55000000,2.31142430000,5600.00
HAT-P-21 b,1.11000000,4.87000000,4.12448000000,5588.00
MOA-2019-BLG-008L b,1.08000000,18.00000000,,
K2-3 b,0.18538706,0.01607786,10.05465350000,3844.00
HIP 21152 b,1.07000000,24.00000000,22000.00000000000,6655.00
K2-38 c,0.20430047,0.02611472,10.56103000000,5731.00
K2-38 b,0.13738983,0.02296837,4.01593000000,5731.00
KMT-2021-BLG-0909L b,1.22000000,1.26000000,,
KMT-2021-BLG-2478L b,1.24000000,0.90000000,,
HD 95735 c,0.33500000,0.04279039,2946.00000000000,3719.00
KMT-2019-BLG-0414L b,1.15000000,4.57000000,,
KMT-2017-BLG-1194L b,0.15200000,0.01113809,,
WASP-88 b,1.46000000,0.42000000,4.95400000000,6430.00
TOI-1238 b,0.10794916,0.01183028,0.76459700000,4089.00
HATS-8 b,0.87300000,0.13800000,3.58389300000,5679.00
GJ 1002 c,0.09800000,0.00427904,21.20200000000,3024.00
KMT-2017-BLG-1003L b,0.19000000,0.01632957,,
KMT-2019-BLG-1552L b,1.16000000,4.05000000,,
HD 45364 b,0.80500000,0.18930000,225.79000000000,5466.00
L 363-38 b,0.17900000,0.01469346,8.78100000000,3129.00
WASP-56 b,0.94000000,0.45000000,4.61710000000,5600.00
KMT-2019-BLG-2974L b,1.01000000,0.28000000,,
TIC 279401253 b,1.00000000,6.14000000,76.80000000000,5951.00
HD 45364 c,1.26000000,0.54900000,345.43000000000,5466.00
HD 167768 b,1.24000000,0.85000000,20.65320000000,4851.00
KMT-2019-BLG-0253L b,0.26600000,0.02894644,,
OGLE-2018-BLG-0506L b,0.37300000,0.05128554,,
TIC 279401253 c,1.12000000,8.02000000,155.30000000000,5951.00
HD 184010 d,1.28000000,0.45000000,836.40000000000,4971.00
HD 184010 b,1.08000000,0.31000000,286.60000000000,4971.00
NGTS-23 b,1.26700000,0.61300000,4.07643260000,6057.00
OGLE-2018-BLG-0977L b,0.21500000,0.02013665,,
HAT-P-26 b,0.63000000,0.07000000,4.23452000000,5079.00
Kepler-1643 b,0.20700000,0.01890000,5.34265700000,4916.00
KOI-7913 b,0.20900000,0.01910000,24.27855300000,4324.00
WASP-77 A b,1.21000000,1.66540000,1.36002939500,5617.00
KMT-2021-BLG-1391L b,0.17600000,0.01431590,,
KMT-2021-BLG-1253L b,0.40900000,0.05993800,,
KIC 3526061 b,1.08000000,18.15000000,3552.00000000000,4829.00
WISE J033605.05-014350.4 b,1.12000000,8.25000000,2560.00000000000,415.00
Kepler-107 e,0.25898876,0.04436356,14.74914300000,5854.00
OGLE-2018-BLG-1367L b,1.23000000,0.95000000,,
HAT-P-28 b,1.21200000,0.62600000,3.25721500000,5680.00
MOA-2022-BLG-249L b,0.18200000,0.01519688,,
DMPP-4 b,0.31500000,0.03838549,3.49820000000,6400.00
OGLE-2018-BLG-1212L b,0.83200000,0.20000000,,
K2-2016-BLG-0005L b,1.23000000,1.10000000,4700.00000000000,
HN Lib b,0.19600000,0.01717908,36.11600000000,3347.00
Kepler-454 d,1.19000000,2.31000000,4073.00000000000,5687.00
WASP-64 b,1.27100000,1.27100000,1.57329180000,5400.00
Kepler-323 c,0.14006626,0.02139519,3.55382290000,6004.00
TrES-4 b,1.61000000,0.78000000,3.55395000000,6200.00
HAT-P-20 b,0.86700000,7.24600000,2.87531700000,4595.00
WASP-35 b,1.30000000,0.71000000,3.16158000000,5990.00
KMT-2021-BLG-2010L b,1.23000000,1.07000000,,
Kepler-409 b,0.10696780,0.01887811,68.95832160000,5421.00
Kepler-20 f,0.08493190,0.00440489,19.57832800000,5495.00
KMT-2019-BLG-1216L b,0.53300000,0.09400000,,
HD 74698 b,0.45700000,0.07000000,15.01700000000,5783.00
HD 112300 b,1.09000000,15.83000000,466.63000000000,3657.00
HD 36384 b,1.13000000,6.60000000,490.00000000000,3940.00
OGLE-2019-BLG-0249L b,1.13000000,7.12000000,,
HD 74698 c,1.24000000,0.40000000,3449.00000000000,5783.00
HD 6860 b,1.06000000,28.26000000,663.87000000000,3802.00
Kepler-1655 b,0.19743098,0.01699030,11.87287870000,6148.00
HAT-P-3 b,0.94000000,0.65000000,2.89970000000,5185.00
HD 108236 b,0.14408065,0.01020000,3.79596300000,5660.00
VHS J125601.92-125723.9 b,1.22000000,16.00000000,5800000.00000000000,2620.00
Kepler-323 b,0.12320478,0.01227077,1.67832800000,6004.00
Kepler-22 b,0.18734977,0.02863180,289.86387600000,5596.00
Kepler-454 b,0.21143760,0.01699030,10.57375340000,5687.00
Kepler-109 b,0.22214330,0.01541712,6.48163070000,5950.00
Kepler-20 c,0.25818583,0.03492451,10.85407740000,5495.00
K2-36 c,0.28548537,0.02485618,5.34088800000,4916.00
K2-36 b,0.12757627,0.01352931,1.42261400000,4916.00
Kepler-21 b,0.14622204,0.02359764,2.78582120000,6305.00
HATS-3 b,1.38100000,1.07100000,3.54785100000,6351.00
K2-417 b,0.29529893,2.20000000,6.53500000000,3861.00
K2-18 c,0.23600000,0.02362898,8.96200000000,3457.00
K2-253 b,1.13034169,,4.00167000000,6027.00
Kepler-491 b,0.79578910,0.18600000,4.22538451200,5582.00
HATS-36 b,1.15264520,3.21600000,4.17518600000,5950.00
K2-216 b,0.15612454,0.02517069,2.17480000000,4503.00
HIP 81208 C b,1.09000000,14.80000000,104100.00000000000,
Kepler-471 b,1.33464181,,5.01423457500,6733.00
gam Lib c,1.14000000,5.23100000,966.49000000000,4879.00
Kepler-93 c,,3.00000000,1460.00000000000,5669.00
Kepler-289 d,0.27031896,0.01677006,66.02820000000,5990.00
KELT-8 b,1.62000000,0.66000000,3.24406000000,5754.00
WASP-174 b,1.43700000,0.33000000,4.23370050000,6399.00
Kepler-139 e,1.22000000,1.18932100,2047.63537300000,5622.00
HD 134606 b,0.26500000,0.02860034,12.08900000000,5576.00
HIP 66074 b,1.15000000,5.00000000,310.90000000000,4300.00
HD 134606 c,0.30100000,0.03558524,58.88300000000,5576.00
HD 134606 d,0.67700000,0.14095656,966.50000000000,5576.00
KMT-2021-BLG-1150L b,1.24000000,0.88000000,,
Luhman 16 b,1.06000000,29.40000000,9697.00000000000,
HD 99492 c,0.39400000,0.05631970,95.23300000000,4929.00
Kepler-1513 c,0.98400000,0.26600000,841.40000000000,5491.00
HD 134606 e,0.11900000,0.00736246,4.32030000000,5576.00
Kepler-849 b,0.72100000,0.94000000,394.62508000000,5950.00
18 Del b,1.12000000,9.20700000,982.85000000000,4980.00
6 Lyn b,1.20000000,1.88100000,919.86000000000,4941.00
GJ 724 b,0.29200000,0.03382328,5.10128400000,3799.00
KMT-2018-BLG-0885L b,1.06000000,29.00000000,,
81 Cet b,1.17000000,3.30700000,1005.57000000000,4734.00
HD 104985 b,1.14000000,5.55900000,199.68000000000,4738.00
GJ 3988 b,0.15600000,0.01161004,6.94420000000,3273.00
KMT-2019-BLG-0335L b,1.08000000,21.00000000,,
M62H b,,2.47000000,0.13293502800,
HD 145457 b,1.18000000,2.79400000,176.13000000000,4757.00
HD 167042 b,1.21000000,1.39700000,417.67000000000,4919.00
WASP-74 b,1.36000000,0.72000000,2.13775000000,5990.00
CI Tau c,1.16000000,3.60000000,25.20000000000,3807.00
Kepler-257 b,0.23300000,0.02300000,2.38266700000,5180.00
HD 81688 b,1.20000000,1.65400000,183.93000000000,4797.00
WASP-82 b,1.62000000,1.17000000,2.70579000000,6480.00
KMT-2022-BLG-0371L b,0.97100000,0.26000000,,
kap CrB b,1.20000000,1.86000000,1253.68000000000,4840.00
GJ 9404 b,0.31000000,0.03744159,13.45860000000,3811.00
HD 100777 b,1.22000000,1.23000000,383.00000000000,5533.00
HD 180314 b,1.07000000,22.70700000,394.73000000000,4917.00
nu Oph b,1.07000000,22.20600000,529.93000000000,4887.00
TOI-1249 b,0.29182226,0.03744159,13.07915100000,5497.00
NGC 2682 Sand 1429 b,1.20000000,1.80000000,77.48000000000,6000.00
nu Oph c,1.07000000,24.66200000,3180.60000000000,4887.00
HD 5608 b,1.22000000,1.16800000,768.70000000000,4807.00
75 Cet b,1.18000000,2.47900000,696.62000000000,4809.00
HD 28254 b,1.16000000,3.80000000,1333.00000000000,5664.00
omi UMa b,1.16000000,3.65100000,1569.81000000000,5075.00
TOI-6330 b,0.97200000,10.00000000,6.85002460000,3539.00
Teegarden's Star b,0.09370000,0.00364977,4.90634000000,3034.00
Teegarden's Star c,0.09120000,0.00330367,11.41600000000,3034.00
ome Ser b,1.25000000,0.73600000,278.59000000000,4724.00
HD 112570 b,1.17000000,3.42000000,2615.00000000000,4750.00
Teegarden's Star d,0.08510000,0.00258001,26.13000000000,3034.00
HD 73256 c,1.09000000,16.00000000,2690.00000000000,5570.00
HD 14067 b,1.09000000,15.30000000,2744.00000000000,4815.00
HD 120084 b,1.13000000,6.40000000,2142.00000000000,4879.00
gam Lib b,1.22000000,1.12600000,414.88000000000,4879.00
HD 154391 b,1.12000000,9.10000000,5163.00000000000,4909.00
TOI-969 c,1.11000000,11.30000000,1700.00000000000,4435.00
Kepler-23 c,0.26808861,0.02457301,10.74000000000,5828.00
WASP-163 b,1.20200000,1.87000000,1.60968840000,5500.00
WASP-150 b,1.07000000,8.46000000,5.64420700000,6218.00
TOI-907.01,0.85694229,0.21100000,4.58491290000,6272.00
Kepler-57 c,0.19591434,0.02158397,11.60000000000,5187.90
Kepler-305 d,0.24623113,0.01950738,16.74000000000,5090.00
TOI-2084 b,0.22035902,0.02100000,6.07842470000,3551.00
Kepler-28 b,0.17477057,0.00512855,5.91000000000,4499.30
TOI-2525 c,0.90400000,0.65700000,49.25190000000,5096.00
TOI-3321 b,1.38800000,0.55400000,3.65251450000,5850.00
TIC 46432937 b,1.18800000,3.20000000,1.44044527000,3572.00
TOI-1136 b,0.16950694,0.01101223,4.17270000000,5770.00
Kepler-28 c,0.16567073,0.00648148,8.99000000000,4499.30
HD 332231 b,0.80944319,0.23314467,18.71202400000,6128.00
TOI-1807 b,0.13353719,0.00767710,0.54937097000,4914.00
NGTS-26 b,1.32800000,0.29200000,4.51992790000,5550.00
TOI-1630.01,0.21563067,0.02020000,12.05573473300,5504.00
TOI-1659.01,0.20117797,0.01800000,5.87755632800,5977.00
TOI-2095 c,0.11865486,0.02328300,28.17232000000,3759.00
TOI-5789 c,0.25515255,0.01573176,12.92774800000,5185.00
TOI-5789 b,0.11200000,0.00667027,2.76369000000,5185.00
2MASS J11550485-7919108 b,1.08000000,20.00000000,,3021.00
TOI-6016 b,1.22000000,1.17000000,4.02368700000,6110.00
HAT-P-52 b,1.00900000,0.81800000,2.75359530000,5131.00
G 196-3 b,1.07000000,26.00000000,,3517.00
TIC 365102760 b,0.55402005,0.06040996,4.21285367000,4900.00
OGLE-2023-BLG-0836L b,1.15000000,4.36000000,,
HAT-P-60 b,1.63100000,0.57400000,4.79478130000,6212.00
TOI-1294 b,0.90317747,0.20105188,3.91529200000,5718.00
TOI-1669 c,0.20487123,0.04090257,2.68005350000,5497.00
TOI-1811 b,0.99400000,0.97200000,3.71307650000,4766.00
TOI-1823 b,0.67273058,0.21206412,38.80000000000,4927.00
TIC 139270665 c,1.15000000,4.89000000,1010.00000000000,5844.00
TIC 139270665 b,0.64500000,0.46300000,23.62400000000,5844.00
Kepler-43 b,1.21900000,3.23000000,3.02409490000,6041.00
TOI-3364 b,1.09100000,1.67000000,5.87689180000,5706.00
TOI-6029 b,1.28400000,1.63500000,5.79870000000,6223.00
HAT-P-69 b,1.67600000,3.58000000,4.78694910000,7394.00
TOI-1266 c,0.17664407,0.00997394,18.80270000000,3563.00
HD 48948 c,0.23200000,0.02287398,38.06000000000,4593.00
TOI-1346 b,0.21322189,0.01980000,1.76225380000,5099.00
KMT-2023-BLG-0416L b,0.32700000,0.04100000,,
GJ 900 b,1.11000000,11.00000000,,3976.00
TOI-2580 b,1.55000000,0.63000000,3.39775000000,6120.00
TOI-3464 b,1.22800000,1.25000000,3.65155680000,6370.00
HD 76920 b,1.17000000,3.13000000,415.89100000000,4664.00
KMT-2023-BLG-1454L b,1.26000000,0.63000000,,
Kepler-448 c,1.07000000,22.00000000,2500.00000000000,6635.00
TOI-849 b,0.32473961,0.13151751,0.76554800000,5257.00
HIP 39017 b,1.07000000,23.60000000,31000.00000000000,7201.00
HIP 54515 b,1.08000000,17.70000000,33000.00000000000,8100.00
HD 72659 c,1.08000000,19.40000000,35500.00000000000,5929.00
TOI-1410.01,0.27663801,0.03932940,1.21687000000,4635.00
Kepler-24 c,0.22428444,0.03143206,12.33000000000,6028.00
TOI-1846 b,0.15987181,0.01220000,3.93067370000,3568.00
TOI-2345 c,0.21866395,0.02287398,21.06430200000,4687.00
TOI-3523 A b,1.42500000,1.37000000,2.30458952000,6450.00
Kepler-24 b,0.20947489,0.03505036,8.14000000000,6028.00
TOI-6041 b,0.40592451,0.09092957,26.04945000000,5445.00
MOA-2022-BLG-563L b,1.25000000,0.40000000,,
2MASS J0249-0557 c,1.11000000,11.60000000,,2859.00
KMT-2016-BLG-2321L b,1.23000000,0.95000000,,
K2-203 b,0.11290000,0.00674000,9.69520000000,5026.00
TOI-1742 b,0.21099831,0.03051961,21.26908400000,5815.00
Gaia22dkvL b,1.26000000,0.59100000,,
TOI-2120 b,0.18931249,0.02139519,5.79981640000,3131.00
K2-208 b,0.14940000,0.01080000,4.19097000000,5500.00
K2-225 b,0.32200000,0.03990000,15.87230000000,5520.00
TOI-6054.01,0.23552543,0.03932940,7.50142800000,6047.00
WASP-168 b,1.50000000,0.42000000,4.15365800000,6000.00
WASP-126 c,0.83700000,0.20199478,7.63000000000,5800.00
NGTS-12 b,1.04800000,0.20800000,7.53280600000,5690.00
K2-7 b,0.36000000,0.04820000,28.67810000000,5700.00
K2-226 b,0.13730000,0.00939000,3.27109000000,5288.00
eps Ind A b,1.14000000,6.31000000,16510.00000000000,4760.00
TOI-2382 b,1.09300000,0.74000000,4.66120610000,6033.00
NGTS-31 b,1.61000000,1.12000000,4.16273400000,5710.00
WASP-173 A b,1.20000000,3.69000000,1.38665318000,5800.00
LP 890-9 c,0.12195578,0.07960270,8.45746300000,2850.00
TOI-1203.01,0.26032697,0.02325154,25.50267200000,5737.00
TOI-837 b,0.81800000,0.37900000,8.32491130000,5995.00
WASP-47 b,1.14729433,1.17673560,4.15915100000,5565.00
OGLE-2017-BLG-0448L b,0.36400000,0.04908309,,
BD-17 63 b,1.15000000,5.16000000,655.57000000000,4714.00
TOI-1859 b,0.87000000,0.21600000,63.48347000000,6341.00
TIC 4672985 b,1.02600000,12.74000000,69.04800000000,5757.00
TOI-2803 A b,1.61600000,0.97500000,1.96229325000,6280.00
K2-57 b,0.20600000,0.01870000,9.00730000000,4413.00
CoRoT-12 b,1.44000000,0.91700000,2.82804200000,5675.00
WASP-160 B b,1.09000000,0.27800000,3.76849520000,5298.00
TOI-132 b,0.30511196,0.07047793,2.10970190000,5397.00
TOI-700 d,0.09572681,0.00394000,37.42396000000,3459.00
TOI-892 b,1.07000000,0.95000000,10.62656000000,6261.00
TOI-1272 c,0.44200000,0.06827584,8.68110000000,5065.00
TOI-1135 b,0.83243188,0.16200000,8.02772830000,5962.70
TOI-2169 A b,1.11600000,1.03700000,8.21482820000,6270.00
TOI-2407 b,0.38005240,0.05290000,2.70296900000,3530.00
TOI-2876 b,0.86000000,0.17000000,6.29964310000,5271.00
TOI-2886 b,1.66300000,1.40000000,1.60200105000,6240.00
WASP-155 b,1.20000000,0.87100000,3.11041300000,5660.00
LHS 1815 b,0.09706503,0.00497124,3.81433400000,3643.00
HD 75898 c,1.12000000,8.49000000,6717.00000000000,6122.00
Kepler-963 c,0.05352851,0.00049000,0.91978300000,5169.47
TOI-654.01,0.21215132,0.02740472,1.52756100000,3521.00
TOI-669 b,0.23071365,0.03146352,3.94515200000,5597.00
TOI-1782.01,0.21125917,0.01950000,4.98764102800,4336.00
TOI-1937 A b,1.24700000,2.01000000,0.94667944000,5814.00
Kepler-1489 c,0.04549923,0.00027400,0.68074100000,5565.53
HD 86728 b,0.27000000,0.02967010,31.15150000000,5610.00
KMT-2022-BLG-0303L b,1.27000000,0.51300000,,
TOI-5076 b,0.31130000,0.05080000,23.44316200000,4780.00
TOI-5398 c,0.31403391,0.03712695,4.77271000000,6000.00
XO-2 N b,0.99300000,0.56600000,2.61586178000,5340.00
KELT-6 b,1.30000000,0.52000000,7.84570000000,6102.00
Gliese 12 b,0.08546718,0.01217638,12.76140800000,3296.00
Kepler-485 b,1.28557409,,3.24325979600,5958.00
CoRoT-19 b,1.29000000,1.11000000,3.89713000000,6090.00
Kepler-222 d,0.32900000,0.04150000,28.08191200000,5433.00
TOI-1899 b,0.99000000,0.67000000,29.09031200000,3926.00
HIP 67522 b,0.89100000,0.22500000,6.95947310000,5675.00
TOI-122 b,0.24266215,0.02470000,5.07803000000,3403.00
TOI-1782.02,0.16406487,0.01270000,1.82902422700,4336.00
TOI-2005 b,1.07000000,6.40000000,17.30590400000,7130.00
TOI-2236 b,1.28200000,1.58000000,3.53159020000,6248.00
TOI-2447 b,0.85700000,0.39300000,69.33684000000,5730.00
TOI-2969 b,1.10000000,1.16000000,1.82371460000,4738.00
OGLE-2016-BLG-1598L b,1.21000000,0.38000000,,
OGLE-2016-BLG-1800L b,1.18000000,2.59000000,,
HAT-P-40 b,1.52000000,0.48000000,4.45724000000,6080.00
Gaia-5 b,1.08000000,20.87000000,358.62000000000,3447.00
GJ 1289 b,0.21300000,0.01972763,111.74000000000,3296.00
TOI-1199 b,0.93800000,0.23900000,3.67146300000,5710.00
HD 87816 c,1.10000000,12.20000000,7596.00000000000,4989.00
HD 94890 b,1.19000000,2.13000000,824.61000000000,4867.00
TOI-2010 b,1.05400000,1.28600000,141.83402500000,5929.00
HD 94890 c,1.12000000,8.91000000,2492.19000000000,4867.00
TIC 434398831 b,0.31314176,0.03810000,3.68550400000,5638.00
TIC 434398831 c,0.50227582,0.08490000,6.21029100000,5638.00
TOI-712 b,0.18279985,0.01530000,9.53136100000,4622.00
K2-360 c,0.35900000,0.04791894,9.79692000000,5679.00
EPIC 201595106 b,0.13962019,0.02413252,0.87724000000,5679.00
TOI-2322 c,0.16718737,0.05694897,20.22552800000,4664.00
KMT-2017-BLG-2197L b,1.12000000,8.84000000,,
GJ 581 e,0.12300000,0.00780295,3.14810000000,3500.00
Kepler-279 e,0.36845456,0.17619570,98.35310000000,6689.45
KMT-2022-BLG-2076L b,1.24000000,0.88000000,,
nu Oct A b,1.19000000,2.19000000,402.40000000000,4910.00
LHS 1478 b,0.11080401,0.00733100,1.94953780000,3381.00
TOI-782 b,0.24391156,0.06009532,8.02400150000,3370.00
HIP 9618 c,0.30587610,0.02202446,52.56363000000,5649.00
KOBE-1 b,0.26000000,0.02768790,8.53990000000,4135.00
Gl 725 A b,0.13200000,0.00874686,11.22010000000,3433.00
KOBE-1 c,0.31800000,0.03901476,29.67100000000,4135.00
G 261-6 b,0.09820000,0.00431050,5.45360000000,2907.00
G 192-15 b,0.09070000,0.00324074,2.27476000000,2999.00
TOI-5817 b,0.27477967,0.03240742,15.61031000000,5770.00
TOI-6324 b,0.09447781,0.00368123,0.27922100000,3247.00
WASP-22 b,1.23000000,0.67000000,3.53269000000,6000.00
OGLE-2016-BLG-0007L b,0.09720000,0.00415318,14200.00000000000,
K2-371 b,1.16192546,,3.11490500000,4925.00
KMT-2023-BLG-0949L b,1.14000000,5.98000000,,
GJ 3998 c,0.22300000,0.02145812,13.72700000000,3726.00
Kepler-105 b,0.22571187,0.03398060,5.41220340000,5933.00
Kepler-105 c,0.12846842,0.01761957,7.12592000000,5933.00
NGTS-35 b,0.97243454,0.47824548,25.24119200000,4717.00
TOI-1294 c,1.27000000,0.46251372,159.90000000000,5718.00
KMT-2023-BLG-0830L b,0.39300000,0.05600000,,
Kepler-1656 b,0.40806565,0.15000000,31.56200000000,5569.00
KMT-2024-BLG-1281L b,0.40900000,0.06000000,,
KMT-2017-BLG-0849L b,0.21500000,0.02010519,,
ZTF J1828+2308 b,0.99300000,20.00000000,0.11200670000,15900.00
KMT-2017-BLG-2331L b,1.27000000,0.53802617,,
KMT-2023-BLG-1743L b,1.08000000,20.00000000,,
TOI-406 c,0.11776272,0.00654441,3.30744100000,3392.00
KMT-2019-BLG-0578L b,1.22000000,1.20000000,,
Barnard d,0.06200000,0.00082749,2.34020000000,3195.00
K2-271 b,0.64947810,0.13100000,8.56242100000,5644.00
MOA-2022-BLG-091L b,1.16000000,3.59000000,,
KMT-2024-BLG-1209L b,1.18000000,2.64000000,,
K2-214 b,0.22392759,0.02150000,8.59656000000,5875.00
Kepler-391 c,0.25693683,1.41585834,20.50100000000,5038.00
TOI-238 b,0.13908490,0.01060321,1.27309900000,5059.00
K2-220 b,0.21143760,0.01950000,13.68186000000,5612.00
TOI-4562 c,1.14000000,5.77000000,3990.00000000000,6096.00
Kepler-450 b,0.54777411,0.06103892,28.45485100000,6197.21
Kepler-407 b,0.10616487,0.00607246,0.66931240000,5487.00
BEBOP-3 b,1.26000000,0.55800000,547.00000000000,6033.00
K2-37 c,0.21500617,0.02010000,6.42966000000,5352.00
Kepler-134 b,0.17800000,0.01470000,5.31742900000,5983.00
K2-37 d,0.20608475,0.03932940,14.09229000000,5352.00
WASP-85 A b,1.24000000,1.26500000,2.65567770000,6112.00
TOI-1227 b,0.85400000,0.20900000,27.36397000000,3072.00
HD 207496 b,0.20073190,0.01919275,6.44100800000,4819.00
GJ 806 b,0.11874407,0.00597807,0.92632370000,3600.00
HD 73344 c,1.20000000,0.37300000,65.94000000000,6148.00
GJ 317 b,1.18000000,2.50000000,695.69000000000,3496.00
GJ 463 b,1.17000000,3.40000000,3459.00000000000,3563.00
GJ 9773 b,1.26000000,0.54300000,2965.00000000000,3528.00
Kepler-228 c,0.24100000,0.02440000,4.13444400000,6043.00
HD 15906 c,0.26139754,0.02800000,21.58329800000,4757.00
HD 28471 b,0.15600000,0.01170443,3.16490000000,5766.00
Kepler-725 b,0.96351312,0.25700000,39.64372000000,5395.00
MOA-2022-BLG-033L b,0.31400000,0.03822818,,
KMT-2023-BLG-0119L b,0.97800000,0.26334965,,
K2-233 c,0.11348043,0.01447322,7.06024000000,4796.00
WISPIT 2 b,1.60000000,4.85000000,,4400.00
WISPIT 1 c,1.14000000,5.30000000,,4670.00
KOI-134 c,0.88000000,0.22000000,33.95000000000,6160.00
TOI-4600 c,0.84100000,9.27000000,482.81910000000,5170.00
Kepler-103 c,0.48656521,0.18396719,179.60978000000,6047.00
TOI-1472 c,0.29800000,0.06700000,15.53817470000,5100.00
Kepler-495 c,0.10878457,0.00622000,5.89660978300,5392.00
Kepler-103 b,0.31097386,0.03671793,15.96532870000,6047.00
Kepler-278 b,0.35284207,0.17619570,30.15560000000,4965.00
HD 224018 b,0.08118490,0.01290004,10.64130000000,5784.00
Kepler-391 b,0.22303545,3.46098705,7.41750000000,5038.00
HD 93963 A b,0.13110413,0.00880979,1.03761090000,5908.00
KOI-351 h,1.00383793,0.63870943,331.60296000000,6031.13
K2-406 b,0.41056365,0.06030000,22.54940600000,5784.00
TOI-6695 c,1.21000000,1.45000000,242.40000000000,6400.00
Kepler-93 b,0.13185856,0.01466200,4.72673978000,5669.00
Kepler-166 d,0.15434026,0.01150000,1.55400392800,5350.00
Kepler-1732 b,0.36569184,0.04960000,32.31240082000,5821.00
Kepler-1026 b,0.19716299,0.01740000,36.51560530000,4948.00
K2-175 b,0.18182147,0.01510000,9.52598800000,5909.00
HD 190360 b,1.20000000,1.80000000,2854.00000000000,5552.00
ups And d,1.11000000,10.25000000,1276.46000000000,6156.77
K2-176 b,0.13300928,0.00890000,5.32943900000,5428.00
K2-177 b,0.18879515,0.01610000,14.15518500000,6063.00
Kepler-9 d,0.14600000,0.02647300,1.59285100000,5777.00
SWEEPS-4 b,0.81000000,3.80000000,4.20000000000,
K2-183 b,0.09813560,0.00430000,0.46928500000,5482.00
K2-341 b,0.28637751,0.03270000,36.55255100000,5817.00
K2-263 b,0.21500617,0.04688064,50.81894700000,5368.00
K2-187 e,0.16950694,0.01340000,13.60662900000,5438.00
K2-189 b,0.12516749,0.00803000,2.58812000000,5442.00
Kepler-257 d,0.44200000,0.06830000,24.66455100000,5180.00
Kepler-42 b,0.07000000,0.00222115,1.21376720000,3068.00
K2-381 c,0.17842836,0.01470000,16.03465600000,4473.00
K2-199 b,0.15434053,0.02170983,3.22539930000,4491.00
K2-151 b,0.13292890,0.00889000,3.83547600000,3695.00
Kepler-197 b,0.09100000,0.00328000,5.59930800000,6004.00
K2-157 b,0.08340000,0.00360000,0.36525750000,5334.00
eps Tau b,1.13000000,7.19000000,585.82000000000,4877.00
HD 109749 b,0.99300000,0.27000000,5.23989100000,5824.00
gam Cep b,1.13000000,6.60000000,913.00000000000,4775.00
TOI-128.01,0.19774964,0.01750000,4.94046810000,6086.00
HD 111232 b,1.12000000,7.96500000,1169.13202000000,5512.00
51 Peg b,1.27000000,0.46000000,4.23078500000,5758.00
4 UMa b,1.12000000,7.90200000,270.27000000000,4415.00
GJ 433 b,0.20800000,0.01901331,7.37050000000,3461.00
Kepler-65 c,0.23000000,0.01700000,5.85994400000,6211.00
Kepler-7 b,1.62200000,0.44100000,4.88548920000,5933.00
KOI-12 b,1.23000000,1.10000000,17.85518200000,6635.00
HD 116029 b,1.21000000,1.40000000,670.00000000000,4819.00
GJ 676 A b,1.14000000,5.79200000,1051.44521000000,3734.00
HD 117618 b,0.76600000,0.17400000,25.80000000000,5990.00
7 CMa b,1.20000000,1.85000000,735.10000000000,4826.00
HD 125612 d,1.13000000,7.17800000,2822.72698000000,5900.00
AB Pic b,1.10000000,13.50000000,,5285.00
GJ 581 b,0.42700000,0.06450021,5.36860000000,3500.00
HD 11977 b,1.13000000,6.54000000,711.00000000000,4970.00
BD-10 3166 b,1.26000000,0.59000000,3.48777000000,5393.00
GJ 581 c,0.22300000,0.02142666,12.92110000000,3500.00
BD+14 4559 b,1.23000000,1.04000000,268.94000000000,4864.00
GJ 876 c,1.25000000,0.71420000,30.08810000000,3293.74
HD 101930 b,0.94900000,0.25000000,70.46000000000,5108.00
BD+20 2457 c,1.10000000,12.47000000,621.99000000000,4137.00
Kepler-40 b,1.17000000,2.20000000,6.87349000000,6510.00
GSC 06214-00210 b,1.80000000,16.00000000,,4200.00
Kepler-123 b,0.26200000,0.17400000,17.23236600000,6089.00
CoRoT-7 c,0.25300000,0.02642922,3.69800000000,5256.00
HD 108147 b,0.97300000,0.26100000,10.89850000000,6255.73
HD 108874 b,1.21000000,1.42000000,394.48123000000,5600.00
K2-383 b,0.13953097,0.00965000,1.86596200000,5129.00
CT Cha b,2.20000000,17.00000000,,4403.00
Kepler-6 b,1.30400000,0.66800000,3.23469960000,5647.00
HD 136418 b,1.19000000,2.14000000,464.29999000000,4989.00
HD 69830 b,0.28300000,0.03210000,8.66700000000,5385.00
HD 164509 b,1.28000000,0.44300000,280.17000000000,5859.00
Kepler-267 b,0.17700000,0.11900000,3.35372800000,4258.00
HD 192699 b,1.19000000,2.09600000,340.94000000000,5041.00
HD 145377 b,1.14000000,6.02000000,103.95000000000,6014.00
HD 196050 b,1.15000000,4.70000000,1392.00000000000,5879.00
HD 147018 b,1.19000000,2.12000000,44.23600000000,5441.00
HD 20003 b,0.30600000,0.03670000,11.84820000000,5494.00
Kepler-1713 b,0.15315713,0.01130000,18.01160049000,6477.00
HD 196885 A b,1.18000000,2.58000000,1333.00000000000,6254.00
HD 149143 b,1.22000000,1.33000000,4.07182000000,5856.00
HD 126614 b,1.14000000,0.33900000,1257.25303000000,5568.00
HD 152581 b,1.20000000,1.86900000,686.50000000000,5027.00
HD 177830 b,1.20000000,1.69000000,410.10001000000,4901.00
HD 128311 c,1.16000000,3.78900000,921.53800000000,4965.00
HD 154672 b,1.14000000,5.37000000,163.94000000000,5743.00
HD 178911 B b,1.12000000,8.03000000,71.48400000000,5588.00
HD 155358 b,1.23000000,0.99000000,194.30000000000,5905.00
HD 13189 b,1.11000000,10.95000000,471.60001000000,4175.00
HD 131496 b,1.20000000,1.80000000,896.00000000000,4846.00
HD 156668 b,0.16700000,0.01300000,4.64550000000,4850.00
HD 134060 c,0.52700000,0.09220000,1291.56460000000,5966.00
HD 158038 b,1.21000000,1.53000000,521.00000000000,4860.00
HD 187085 b,1.24000000,0.83600000,1019.74000000000,6117.00
24 Sex b,1.19000000,1.99000000,452.80000000000,5098.00
HD 206610 b,1.19000000,2.03600000,673.20000000000,4842.00
HD 63454 b,1.09800000,0.25000000,2.81805000000,4812.00
HD 62509 b,1.19000000,2.30000000,589.64000000000,4892.63
K2-27 b,0.42287520,0.09501983,6.77134700000,5246.00
HD 20781 c,0.19300000,0.01680000,13.89050000000,5256.00
HD 285968 b,0.25300000,0.02600000,8.78360000000,3703.49
HD 69830 d,0.39700000,0.05700000,197.00000000000,5385.00
HD 63765 b,1.27000000,0.53000000,358.00000000000,5449.00
rho CrB e,0.15800000,0.01192467,12.94900000000,5817.00
HD 28678 b,1.21000000,1.54200000,380.20000000000,4972.00
HD 70642 b,1.16000000,3.90000000,2124.54000000000,5732.00
HD 30562 b,1.21000000,1.47000000,1157.00000000000,5882.00
HD 73267 b,1.16000000,4.15800000,1257.99159000000,5387.00
HD 210702 b,1.21000000,1.51500000,355.50000000000,4912.00
HD 212771 b,1.18000000,2.39000000,380.70000000000,5003.00
HD 31527 c,0.34300000,0.04450000,51.20530000000,5898.00
HD 31527 d,0.30900000,0.03720000,271.67370000000,5898.00
HD 31527 b,0.28800000,0.03290000,16.55350000000,5898.00
HIP 111909 b,1.22000000,1.21000000,487.08000000000,4891.00
HD 32518 b,1.18000000,2.84900000,157.35000000000,4580.00
HD 216435 b,1.22000000,1.26000000,1311.00000000000,5999.00
HD 216437 b,1.16000000,4.20000000,1359.00000000000,5909.00
HD 82886 b,1.19000000,2.33000000,705.00000000000,4953.00
HD 8574 b,1.19000000,2.03000000,227.00000000000,6064.00
HD 86081 b,1.21000000,1.48000000,2.13784310000,5939.00
HD 37124 d,1.25000000,0.69600000,1862.00000000000,5698.64
HD 9446 c,1.20000000,1.82000000,192.90000000000,5793.00
HD 96063 b,1.22000000,1.27000000,362.50000000000,5020.00
HD 8673 b,1.10000000,13.24800000,1644.69097000000,6389.05
Kepler-263 b,0.23800000,0.02390000,16.56808700000,5265.00
HD 219828 b,0.40900000,0.06000000,3.83483000000,5891.00
HD 38529 b,1.25000000,0.65000000,14.30990000000,5697.00
HD 99492 b,0.48600000,0.08023197,17.05030000000,4929.00
HD 99706 b,1.22000000,1.23000000,841.00000000000,4862.00
HIP 14810 d,1.26000000,0.59000000,981.80000000000,5544.00
Kepler-746 b,0.09902757,0.00444000,3.48159251000,5418.00
55 Cnc f,0.67700000,0.14100000,260.58000000000,5198.00
K2-384 d,0.12418614,0.00792000,6.67958200000,3623.00
HD 40307 b,,3.74100000,4.31230000000,4956.00
HATS-1 b,1.30200000,1.85500000,3.44645900000,5870.00
HD 40979 b,1.15000000,4.67000000,264.14999000000,6165.00
xi Aql b,1.20000000,1.94100000,136.97000000000,4841.00
OGLE-TR-132 b,1.20000000,1.18000000,1.68986800000,6210.00
K2-385 b,0.13730062,0.00939000,2.38086700000,4844.00
HD 23079 b,1.18000000,2.66000000,735.74000000000,5994.00
HD 4203 b,1.19000000,2.23000000,431.88000000000,5596.00
HD 43691 b,1.18000000,2.55000000,36.99870000000,6093.00
HD 41004 B b,1.08000000,18.37000000,1.32830000000,5036.00
tau Boo b,1.14000000,5.95000000,3.31245680000,6466.27
K2-386 b,0.20697689,0.01890000,7.47322300000,5749.00
HD 231701 b,1.22000000,1.13000000,141.63000000000,6101.00
HD 204313 b,1.15000000,4.61500000,2041.11539000000,5767.00
Kepler-1738 b,0.25200586,0.02630000,7.67463016500,6063.00
HD 5319 b,1.21000000,1.55600000,637.10000000000,4871.00
Pr0201 b,1.27000000,0.54000000,4.42640000000,6174.00
K2-368 d,0.17378922,0.01400000,20.20108500000,4663.00
Pr0211 b,1.20000000,1.88000000,2.14610000000,5300.00
bet Cnc b,1.12000000,7.80000000,605.20000000000,4092.10
bet UMi b,1.14000000,6.10000000,522.30000000000,4126.00
Kapteyn c,0.22700000,0.02200000,121.54000000000,3550.00
Kepler-754 b,0.17932019,0.01480000,14.55962370000,5935.00
HD 207832 c,1.25000000,0.73000000,1155.70000000000,5710.00
CoRoT-24 b,0.33000000,0.01800000,5.11340000000,4950.00
CoRoT-24 c,0.44000000,0.08800000,11.75900000000,4950.00
HIP 105854 b,1.12000000,8.20000000,184.20000000000,4780.00
K2-138 c,0.20510304,0.01985338,3.56004000000,5356.30
HATS-63 b,1.20700000,0.96000000,3.05665270000,5627.00
CoRoT-22 b,0.43500000,0.03800000,9.75598000000,5939.00
TYC 1422-614-1 b,1.18000000,2.50000000,198.40000000000,4806.00
TYC 1422-614-1 c,1.11000000,10.00000000,559.30000000000,4806.00
BD-11 4672 b,1.25000000,0.65000000,1634.00000000000,4550.00
BD+49 828 b,1.21000000,1.60000000,2590.00000000000,4943.00
HD 1666 b,1.13000000,6.43000000,270.00000000000,6317.00
HD 67087 c,1.15000000,4.85000000,2374.00000000000,6330.00
Kepler-268 b,0.22700000,0.02210000,25.93413800000,6081.00
HATS-11 b,1.60852886,0.83000000,3.61918800000,6563.00
Kepler-47 c,0.41484521,0.00997389,303.22700000000,5636.00
K2-4 b,0.18734945,0.01590000,10.00341700000,4014.73
HD 175607 b,,7.72800000,29.01000000000,5392.00
Kepler-772 b,0.16236952,0.01250000,12.99207337000,5714.00
K2-384 f,0.19823390,0.01750000,13.62749000000,3623.00
HD 27631 b,1.21000000,1.56000000,2198.14000000000,5737.00
TOI-178 f,0.21563067,0.01771396,15.23335000000,4316.00
HD 24064 b,1.10000000,12.89000000,535.59998000000,4052.00
K2-21 c,0.22214292,0.02130000,15.50192000000,4222.06
K2-268 d,0.13292913,0.00889000,4.52859800000,5106.00
HD 98649 b,1.11000000,9.70000000,5384.00000000000,5759.00
K2-9 b,0.20073156,0.01790000,18.44980000000,3390.00
CoRoT-29 b,0.90000000,0.85000000,2.85057000000,5260.00
K2-268 e,0.11865486,0.00733000,6.13124300000,5106.00
HATS-39 b,1.57000000,0.63000000,4.57763480000,6572.00
LkCa 15 b,,,,4194.00
HU Aqr AB c,1.15000000,4.50000000,4368.00000000000,5952.00
HD 164595 b,0.37100000,0.05078186,40.00000000000,5790.00
K2-8 b,0.31938621,0.03940000,10.35239000000,4870.00
kap And b,1.10000000,13.61600000,,10900.00
PH1 b,0.55100000,0.53100000,138.31700000000,6407.00
GJ 676 A e,0.22100000,0.02100000,35.47358000000,3734.00
BD+15 2940 b,1.23000000,1.11000000,137.48000000000,4796.00
HD 2952 b,1.24000000,0.89600000,312.08000000000,4853.00
SR 12 AB c,1.10000000,13.00000000,,3828.93
GJ 667 C e,0.12900000,0.00800000,62.24000000000,3350.00
tau Gem b,1.08000000,20.60000000,305.50000000000,4388.00
GJ 667 C g,0.17700000,0.01400000,256.20000000000,3350.00
GJ 504 b,1.08000000,4.00000000,,6234.00
HD 159243 c,1.20000000,1.90000000,248.40000000000,6123.00
ROXs 12 b,1.09000000,16.00000000,,3850.00
NGTS-14 A b,0.44400000,0.09200000,3.53571730000,5187.00
Kepler-36 b,0.13364261,0.01205047,13.86825000000,5979.00
Kepler-48 e,1.19000000,2.06700000,982.00000000000,5194.00
LHS 1678 b,0.06111171,0.00110122,0.86023250000,3490.00
HD 4203 c,1.19000000,2.17000000,6700.00000000000,5582.00
KOI-984 b,0.38362097,0.05370000,4.28817850000,5295.00
NGC 2682 YBP 401 b,1.27000000,0.46000000,4.08700000000,6165.00
GJ 3998 b,0.12400000,0.00786588,2.65033000000,3726.00
HD 47366 b,1.19000000,2.08200000,360.08000000000,4866.00
K2-239 b,0.09813543,0.00430000,5.24000000000,3420.00
K2-233 d,0.21081310,0.03240742,24.36810000000,4796.00
HD 110082 b,0.28548488,0.03250000,10.18271000000,6200.00
TOI-558 b,1.08600000,3.61000000,14.57407100000,6466.00
K2-243 b,0.19359443,0.01680000,11.54182000000,6570.00
K2-255 b,0.25872067,0.02750000,1.96417000000,4676.00
K2-264 c,0.23802302,0.02390000,19.66030200000,3660.00
HD 211810 b,1.25000000,0.67000000,1558.00000000000,5652.00
Kepler-262 c,0.14600000,0.01050000,21.85372200000,5841.00
47 UMa d,1.20000000,1.64000000,14002.00000000000,5872.00
HD 111998 b,1.15000000,4.80000000,810.00000000000,6557.00
GJ 9827 b,0.12846842,0.01346639,1.20897400000,4236.00
HD 95089 c,1.17000000,3.45000000,1785.00000000000,4918.00
K2-368 c,0.12142050,0.00762000,9.66018600000,4663.00
HD 72892 b,1.14000000,5.46800000,39.44603000000,5688.00
HD 128356 b,1.24000000,0.89000000,298.20000000000,4875.00
HD 165155 b,1.18000000,2.89000000,434.50000000000,5426.00
Kepler-761 b,0.18110447,0.01500000,10.12804789000,5706.00
2MASS J22362452+4751425 b,1.10000000,12.50000000,,4045.00
CoRoT-21 b,1.30000000,2.26000000,2.72474000000,6200.00
HD 13167 b,1.17000000,3.31000000,2613.00000000000,5671.00
WASP-177 b,1.58000000,0.50800000,3.07172200000,5017.00
K2-339 b,0.17129122,0.01370000,19.50742800000,4857.00
EPIC 220674823 c,0.25336827,0.02303130,13.33989000000,5578.00
K2-288 B b,0.16950665,0.01340000,31.39346300000,3341.00
TOI-640 b,1.72000000,0.57000000,5.00377700000,6460.00
Gl 378 b,0.32700000,0.04096530,3.82200000000,3879.00
Kepler-766 b,0.30243554,0.03590000,6.10027804000,5992.00
K2-107 b,1.42564011,0.84000000,3.31395900000,6061.00
Kepler-780 b,0.07940048,0.00201000,0.67737516400,5769.00
HD 39855 b,0.25400000,0.02674386,3.24980000000,5576.00
HD 92788 c,1.16000000,3.67000000,11611.29750000000,5744.00
K2-224 b,0.13917388,0.00961000,4.47904000000,5620.00
EPIC 205950854 c,0.11687037,0.00714000,8.05072200000,5502.70
EPIC 206032309 b,0.09010616,0.00317000,2.87814000000,3489.00
K2-228 b,0.10794897,0.00606000,2.69828000000,4715.00
K2-229 b,0.08921418,0.00802320,0.58421600000,5315.00
TYC 4282-00605-1 b,1.11000000,10.78000000,101.54000000000,4300.00
HD 206255 b,0.57700000,0.10760469,96.04500000000,5635.00
Kepler-411 e,0.29300000,0.03398043,31.50972800000,4974.00
Kepler-454 c,1.15000000,4.51000000,524.19000000000,5687.00
psi1 Dra B b,1.21000000,1.53000000,3117.00000000000,6212.00
Kepler-758 b,0.22125078,0.02110000,12.10971040000,6228.00
HD 208897 b,1.22000000,1.19400000,358.27000000000,4860.00
K2-128 b,0.12668391,0.00819000,5.67581900000,4469.51
K2-129 b,0.09278259,0.00352000,8.23949300000,3459.09
GJ 625 b,0.13300000,0.00887267,14.62800000000,3499.00
HATS-76 b,1.07900000,2.62900000,1.94164230000,4016.00
HATS-77 b,1.16500000,1.37400000,3.08762620000,4071.00
Wolf 1061 d,0.24000000,0.02422679,217.21000000000,3342.00
Wolf 1061 b,0.10800000,0.00600950,4.88690000000,3342.00
HD 34445 d,0.54200000,0.09700000,117.87000000000,5836.00
NGTS-6 b,1.32600000,1.33900000,0.88205900000,4730.00
K2-343 c,0.18021264,0.01490000,7.67697200000,3804.00
HD 33844 b,1.19000000,2.01000000,551.40002000000,4861.00
KELT-17 b,1.52500000,1.31000000,3.08017160000,7454.00
HD 113996 b,1.14000000,6.30000000,610.20000000000,4181.00
HD 147379 b,0.44000000,0.06796120,86.58000000000,4090.00
HD 143105 b,1.22000000,1.21000000,2.19740000000,6380.00
HD 35759 b,1.16000000,3.76000000,82.46700000000,6060.00
Pr0211 c,1.12000000,7.79000000,4850.00000000000,5300.00
Kepler-65 e,1.24000000,0.82000000,258.80000000000,6220.00
K2-352 c,0.17129122,0.01370000,8.23488500000,5791.00
TOI-2109 b,1.34700000,5.02000000,0.67247414000,6540.00
HD 191806 b,1.12000000,9.33400000,1603.38923000000,6010.00
BD+48 740 b,1.20000000,1.70000000,733.00000000000,4534.00
K2-148 c,0.15434026,0.01150000,6.92260000000,4079.00
K2-149 b,0.14631100,0.01050000,11.33200000000,3745.00
KPS-1 b,1.03000000,1.09000000,1.70629100000,5165.00
V830 Tau b,1.25000000,0.70000000,4.92700000000,4250.00
K2-233 b,0.11731664,0.00755124,2.46758300000,4796.00
K2-211 b,0.11880000,0.00735000,0.66956100000,5117.00
K2-221 b,0.14978167,0.01090000,2.39909400000,5716.00
K2-215 b,0.18947385,0.01620000,8.26964800000,5704.00
K2-217 b,0.31925602,0.03930000,14.07452400000,5967.00
K2-183 d,0.20519261,0.01860000,22.62034400000,5482.00
K2-163 b,0.22001134,0.02090000,6.67311700000,4937.00
K2-162 b,0.12846820,0.00839000,9.45889000000,4842.00
HD 206893 b,1.25000000,28.00000000,9350.00000000000,6500.00
K2-205 b,0.17802906,0.01460000,26.67226300000,5890.00
K2-204 b,0.28300000,0.03210000,7.05590800000,5783.00
K2-381 d,0.15068275,0.01100000,26.80302300000,4473.00
CoRoT-7 d,0.38400000,0.05393476,8.96600000000,5250.00
Kepler-281 c,0.47400000,0.50695280,36.33737300000,5723.00
TYC 2187-512-1 b,1.12000000,0.33000000,691.90000000000,3734.00
Kepler-451 c,1.21000000,1.61000000,1460.00000000000,29564.00
CoRoT-36 b,1.41000000,0.68000000,5.61653100000,6730.00
Gl 49 b,0.20000000,0.01771387,13.85080000000,3805.00
Kepler-805 b,0.25782853,0.02740000,30.86389310000,6112.00
TOI-561 d,0.23329508,0.04194087,25.71268000000,5342.00
HD 110113 b,0.18288875,0.01431583,2.54100000000,5732.00
Kepler-504 b,0.14185030,0.00993000,9.54927542200,3519.00
Kepler-277 b,0.26100000,0.27500000,17.32400000000,5946.00
TOI-544 b,0.18003421,0.00909296,1.54835200000,4169.00
HD 105779 b,1.26000000,0.64000000,2412.00000000000,5792.00
Kepler-814 b,0.18913373,0.01620000,6.14698510000,6162.00
Kepler-798 b,0.21322152,0.01980000,13.71933369000,6224.00
HD 69123 b,1.17000000,3.09000000,1193.30000000000,4842.00
TOI-1203 c,0.19600000,0.01717908,13.07660000000,5737.00
TOI-1478 b,1.07000000,0.88000000,10.18021170000,5597.00
Kepler-280 b,0.12900000,0.00849000,2.13954200000,5744.00
WASP-93 b,1.59700000,1.47000000,2.73253210000,6700.00
TOI-5678 b,0.43804161,0.06292704,47.73022000000,5485.00
HD 23472 e,0.07297720,0.00226537,7.90754000000,4684.00
LP 261-75 b,1.08000000,21.00000000,,3138.00
TOI-771 c,0.13400000,0.00903003,7.61000000000,3370.00
TOI-1203 b,0.13560555,0.01104370,4.15728880000,5737.00
HIP 29442 d,0.13721141,0.01617225,6.42957500000,5289.00
HD 93385 d,0.25800000,0.02737326,45.85000000000,5977.00
Kepler-279 c,0.38400000,0.15500000,35.73600000000,6689.45
HD 154088 b,0.21900000,0.02076592,18.56000000000,5374.00
Kepler-286 b,0.11100000,0.00651000,1.79630200000,5580.00
TOI-4214 b,0.95300000,0.52000000,3.49138850000,6370.00
WASP-12 b,1.96500000,1.47000000,1.09141890100,6265.00
HD 19615 b,1.12000000,8.50000000,402.00000000000,4263.00
Kepler-809 b,0.26853421,0.02930000,55.63934000000,5734.00
HD 29399 b,1.21000000,1.57000000,892.70000000000,4845.00
2M0437 b,1.16000000,4.00000000,,3100.00
Kepler-788 b,0.22749576,0.02210000,8.39846269000,6159.00
TOI-4551 b,1.05800000,1.49000000,9.95581000000,4896.00
TOI-4559 b,0.12623806,0.00814000,3.96599100000,3558.00
TOI-4734 b,0.97400000,0.19400000,6.23563300000,6070.00
TOI-5713 b,0.15790910,0.01190000,10.44198900000,3225.00
K2-389 b,0.20786903,0.01900000,8.58289000000,5773.00
Kepler-818 b,0.45588366,0.07200000,10.03538581400,5638.00
Kepler-463 b,0.27210277,0.03000000,8.98101683300,5661.00
Kepler-799 b,0.61379249,0.11900000,133.46052350000,5681.00
HD 224018 c,0.21589831,0.03272206,36.57669000000,5784.00
TOI-3877 b,1.04200000,0.31400000,4.12359600000,5731.00
Barnard b,0.06420000,0.00094076,3.15420000000,3195.00
Kepler-65 b,0.12700000,0.00760000,2.15491000000,6211.00
Kepler-158 d,0.03836210,0.00014800,0.64508800000,4895.97
Kepler-80 e,0.14274244,0.01299437,4.64489000000,4540.00
Kepler-1672 b,0.26498596,0.02870000,150.87800000000,6131.95
Kepler-82 d,0.15800000,2.78482974,2.38296100000,5428.00
Kepler-20 b,0.15817674,0.03051961,3.69610490000,5495.00
TIC 88785435 b,0.44874732,0.07010000,10.50884300000,3998.00
Kepler-1229 b,0.12489963,0.00800000,86.82898900000,3784.00
Kepler-1837 b,0.18438237,0.01550000,5.90608978300,5966.00
Kepler-406 b,0.12760000,0.02000000,2.42629000000,5538.00
Kepler-1855 b,0.10850273,0.00617000,0.72733098300,3460.00
Kepler-446 b,0.13000000,0.00899000,1.56540900000,3359.00
Kepler-231 b,0.15400000,0.11100000,10.06527500000,3767.00
Kepler-1232 b,0.17218307,0.01380000,26.78391830000,5471.00
Kepler-1168 b,0.22303506,0.02140000,55.82265390000,5157.00
Kepler-1680 b,0.12129069,0.00761000,8.77424000000,5021.00
Kepler-1831 b,0.17576961,0.01430000,5.78387022000,6063.00
Kepler-201 c,0.25400000,0.02670000,151.88405800000,6065.00
HD 224018 d,0.21411403,0.01321468,138.07310000000,5784.00
Kepler-1785 b,0.24125516,0.02450000,19.58550072000,5618.00
Kepler-1152 b,0.07761620,0.00186000,1.64680190800,3964.00
Kepler-175 c,0.27700000,0.03080000,34.03525700000,6064.00
Kepler-1296 b,0.08118476,0.00218000,8.38398650000,5359.00
Kepler-1345 b,0.21054510,0.01940000,44.61695570000,6449.00
Kepler-1798 b,0.20600557,0.01870000,16.85589981000,3967.00
Kepler-1187 b,0.23284860,0.02300000,18.87064068000,5975.00
Kepler-430 b,0.29000000,0.03340000,35.96800000000,5884.00
Kepler-385 c,0.27100000,0.04200000,15.16316100000,6326.00
Kepler-1716 b,0.21632373,0.02030000,35.58100128000,4894.00
Kepler-1113 b,0.25069141,0.02610000,42.30049540000,5931.00
Kepler-60 b,0.15255598,0.01318315,7.13340000000,5905.00
Kepler-104 d,0.31900000,0.01743092,51.75539400000,5711.00
Kepler-100 b,0.11954700,0.01261687,6.88734000000,5837.00
Kepler-1190 b,0.11865465,0.00733000,10.45843441000,4730.00
Kepler-1823 b,0.18611209,0.01570000,21.10339928000,6000.00
Kepler-1833 b,0.11600284,0.00705000,6.89212989800,6164.00
Kepler-1211 b,0.22749576,0.02210000,11.01816836000,5705.00
Kepler-1685 b,0.22988133,0.02250000,20.49050000000,5484.00
Kepler-182 b,0.23000000,0.02260000,9.82579200000,6250.00
Kepler-514 b,0.15344812,0.01130000,5.65179605000,6106.00
Kepler-515 b,0.13025248,0.00859000,19.96371318000,5293.00
Kepler-1143 b,0.14898742,0.01080000,2.88890484900,5053.00
Kepler-110 c,0.19700000,0.01740000,31.71977500000,5960.00
Kepler-1088 b,0.12668391,0.00819000,23.12748644000,5975.00
Kepler-1859 b,0.14123815,0.00985000,2.72959995300,5887.00
Kepler-362 c,0.12900000,0.00849000,37.86628100000,5788.00
Kepler-1145 b,0.12489963,0.00800000,3.97076766000,5064.00
Kepler-1242 b,0.20162370,0.01800000,13.62798432000,4895.00
KOI-2513.01,0.25000000,23.00000000,19.00547000000,5900.00
Kepler-1302 b,0.12757605,0.00829000,8.83922659000,5236.00
Kepler-401 b,0.15300000,0.01120000,14.38303500000,6117.00
Kepler-1876 b,0.07609969,0.00755124,6.99205000000,6104.00
Kepler-1691 b,0.16368185,0.01270000,3.84820000000,6000.00
Kepler-1193 b,0.11776251,0.00724000,2.83265213400,5908.00
Kepler-144 c,0.12000000,0.00752000,10.10466500000,6075.00
Kepler-519 b,0.18734945,0.01590000,24.30789460000,5260.00
Kepler-167 d,0.11044715,0.00649000,21.80379000000,4884.00
Kepler-395 c,0.11800000,0.00724000,34.98926200000,4262.00
Kepler-206 b,0.10700000,0.00588000,7.78198700000,5764.00
Kepler-1091 b,0.13025248,0.00859000,1.43474156400,5851.00
Kepler-380 b,0.10600000,0.00570000,3.93082100000,6045.00
Kepler-1267 b,0.26853421,0.02930000,13.03139450000,6096.00
Kepler-1282 b,0.13828174,0.00951000,2.13194651300,5504.00
Kepler-1353 b,0.16058524,0.01230000,24.75439660000,4776.00
Kepler-116 c,0.20500000,0.01860000,13.07163000000,6142.00
Kepler-145 b,0.23600000,0.11700000,22.95100000000,6022.00
Kepler-619 d,0.37202312,0.05100000,11.67894236000,6122.00
Kepler-403 b,0.11200000,0.00660000,7.03146200000,6090.00
Kepler-957 b,0.49067713,0.08160000,5.90741353700,4963.00
Kepler-85 b,0.15862281,0.00578929,8.30000000000,5505.20
Kepler-36 c,0.32821840,0.02243338,16.21865000000,5979.00
Kepler-510 b,0.22035864,0.02100000,19.55659418000,5746.00
Kepler-1250 b,0.17129093,0.01370000,2.60754383400,5717.00
Kepler-51 d,0.86500000,0.02400000,130.19400000000,6018.00
Kepler-285 c,0.10000000,0.00459000,6.18667600000,5411.00
Kepler-161 c,0.18300000,0.01135833,7.06424000000,5078.00
KOI-134 b,1.07400000,1.09000000,67.12770000000,6160.00
Kepler-187 b,0.12600000,0.00809000,4.93886400000,6105.00
Kepler-1880 b,0.18885412,0.01610000,6.30921983700,4380.00
Kepler-367 b,0.11600000,0.00705000,37.81572400000,4710.00
Kepler-384 b,0.10000000,0.00459000,22.59705300000,5577.00
Kepler-1842 b,0.21000008,0.01930000,14.02639961000,5970.00
Kepler-172 d,0.20100000,0.01790000,14.62711900000,5526.00
Kepler-1272 b,0.21143724,0.01950000,51.13097040000,5926.00
Kepler-1994 b,0.04549923,0.00027400,4.61225043000,5495.00
Kepler-1312 b,0.18734945,0.01590000,5.44832528600,5719.00
Kepler-1336 b,0.17664377,0.01440000,23.19868100000,5512.00
Kepler-1829 b,0.22115035,0.02110000,5.18671989400,5230.00
Kepler-1313 b,0.15701668,0.01180000,3.83309117800,5453.00
Kepler-114 d,0.22600000,0.01200000,11.77600000000,4660.00
Kepler-293 c,0.34200000,0.04420000,54.15574300000,5804.00
Kepler-370 c,0.17000000,0.01360000,19.02293000000,5852.00
Kepler-1142 b,0.13114462,0.00869000,18.30272480000,5685.00
Kepler-1808 b,0.26988297,0.02960000,23.34040070000,5530.00
Kepler-1682 b,0.25777575,0.02740000,14.83340000000,5619.12
Kepler-1811 b,0.34332281,0.04450000,76.42230225000,5561.00
Kepler-1885 b,0.13481204,0.00910000,2.52255988100,5591.00
Kepler-349 c,0.17500000,0.01420000,12.24762900000,5956.00
Kepler-1155 b,0.18110447,0.01500000,33.46974300000,5842.00
Kepler-481 b,0.22303506,0.02140000,10.06082567000,5802.00
Kepler-1162 b,0.19716299,0.01740000,32.56370690000,5390.00
Kepler-1163 b,0.09189045,0.00340000,6.11786898000,6302.00
Kepler-530 b,0.26853421,0.02930000,39.30941904000,5697.00
Kepler-292 b,0.11800000,0.00724000,2.58082700000,5299.00
Kepler-1816 b,0.17556812,0.01430000,91.50099945000,5051.00
Kepler-1819 b,0.34824866,0.04560000,16.48690033000,6090.00
Kepler-85 d,0.10700000,0.02736316,17.91323000000,5436.00
TOI-3984 A b,0.71000000,0.14000000,4.35332600000,3476.00
TOI-4562 b,1.11800000,2.30000000,225.10640000000,6096.00
Kepler-100 e,0.47000000,0.07596149,60.88858800000,5884.00
Kepler-357 d,0.30600000,0.03660000,49.49987500000,5036.00
Kepler-1692 b,0.09918564,0.00447000,5.95966000000,5146.00
Kepler-1678 b,0.29478299,0.03440000,147.97400000000,5754.00
Kepler-1390 b,0.10527255,0.00553000,6.48021673000,5753.00
Kepler-355 b,0.13000000,0.00859000,11.03189000000,6184.00
Kepler-331 b,0.16200000,0.01250000,8.45749600000,4347.00
HS Psc b,1.21000000,1.46000000,3.98600000000,4203.00
Kepler-350 c,0.27700000,0.01900000,17.84900000000,6492.30
Kepler-55 c,0.19700000,0.22000000,42.15164180000,4362.00
HIP 111909 c,1.24000000,0.81000000,893.63000000000,4891.00
2MASS J11011926-7732383 b,1.06000000,28.00000000,,
HIP 77900 b,1.08000000,21.00000000,,13646.00
Kepler-1370 b,0.16415380,0.01270000,20.26416840000,6202.00
Kepler-417 b,0.20600000,0.03500000,12.33100000000,5177.00
UCAC4 328-061594 b,1.08000000,21.00000000,,
NGTS-30 b,0.92800000,0.96000000,98.29838000000,5455.00
UCAC3 113-933 b,1.08000000,21.00000000,,3864.00
Kepler-363 c,0.15100000,0.20900000,7.54242700000,5593.00
Kepler-1032 b,0.16683023,0.01310000,3.29011795300,4647.00
HD 48948 b,0.18300000,0.01535420,7.34013000000,4593.00
HD 48948 d,0.28900000,0.03331987,151.92000000000,4593.00
Kepler-272 b,0.12800000,0.24500000,2.97135300000,5297.00
TIC 241249530 b,1.18600000,4.98000000,165.77190000000,6166.00
Kepler-970 b,0.23275979,0.02300000,16.73652500000,4290.00
Gaia-4 b,1.10000000,11.80000000,571.30000000000,4034.00
Kepler-1375 b,0.15523240,0.01160000,3.30041920000,6704.00
Kepler-125 c,0.06600000,0.00104000,5.77446400000,3810.00
Kepler-1130 d,0.05751841,0.00063400,4.27225017500,5450.00
TOI-4443.01,0.15322184,0.01130000,1.84985670000,5834.00
Barnard c,0.06630000,0.00105403,4.12440000000,3195.00
Kepler-1059 b,0.15434026,0.01150000,3.76419104800,4906.00
Kepler-237 b,0.12600000,0.00809000,4.71510600000,4861.00
K2-79 b,0.36488599,0.02894644,10.99470000000,5897.00
NGTS-32 b,1.42000000,0.57000000,3.31211000000,5680.00
Kepler-107 c,0.14247504,0.03146352,4.90145200000,5854.00
Kepler-266 c,0.34700000,0.04530000,107.72360100000,5885.00
HD 23079 c,0.25000000,0.02598887,5.74891300000,5994.00
HD 196067 c,0.28600000,0.03272206,4.60108800000,6072.00
Kepler-107 b,0.13703298,0.01195614,3.18002180000,5854.00
Kepler-985 b,0.26585779,0.02880000,116.33190100000,5434.00
Kepler-127 d,0.23600000,0.02350000,48.63040800000,6106.00
Kepler-275 d,0.29700000,0.03480000,35.67606200000,6165.00
Kepler-335 b,0.30200000,0.03590000,6.56233100000,5877.00
Kepler-344 b,0.23300000,0.02300000,21.96394500000,5774.00
Kepler-969 b,0.18467303,0.01550000,34.17317140000,5214.00
Kepler-329 c,0.17200000,0.01380000,18.68473700000,4257.00
Kepler-325 b,0.26000000,0.02770000,4.54443900000,5752.00
Kepler-1979 b,2.61665184,,18.50845260000,5942.00
Kepler-1800 b,0.08892846,0.00302000,4.56202983900,5343.00
Kepler-365 b,0.18200000,0.01520000,10.66490300000,6012.00
Kepler-1069 b,0.14274244,0.01000000,23.89902960000,5722.00
Kepler-345 b,0.06600000,0.00151025,7.41556300000,4504.00
Kepler-382 c,0.14200000,0.00993000,12.16270100000,5600.00
Kepler-544 b,0.18913373,0.01620000,21.41616926000,6206.00
Kepler-1912 b,0.12103733,0.00758000,6.05921983700,5734.00
Kepler-240 c,0.19600000,0.32200000,7.95352800000,4985.00
Kepler-332 c,0.09700000,0.00416000,15.99562200000,4955.00
HD 190007 b,0.36200000,0.04876845,11.72412800000,4610.00
Kepler-424 b,0.89000000,1.03000000,3.31186440000,5460.00
Kepler-207 b,0.14000000,0.00972000,1.61186500000,5920.00
Kepler-219 c,0.31900000,0.03940000,22.71461300000,5786.00
Kepler-223 c,0.30689624,0.01604631,9.84564000000,5803.00
Kepler-402 e,0.13000000,0.00859000,11.24286100000,6090.00
Kepler-1895 b,0.18907583,0.01620000,6.07029008900,5076.00
Kepler-1909 b,0.09743742,0.00419000,2.39160990700,4935.00
Kepler-656 c,0.12579199,0.00809000,5.25449393000,5550.00
Kepler-1953 b,0.11470683,0.00692000,6.24565982800,4858.00
Kepler-168 c,0.24000000,0.02420000,13.19324200000,6282.00
Kepler-634 b,0.16861451,0.01330000,5.16950177000,6075.00
TOI-663 c,0.20162404,0.01148418,4.69555070000,3681.00
K2-111 c,0.29700000,0.03486158,15.68050000000,5775.00
Kepler-238 d,0.27400000,0.07268073,13.23354900000,5751.00
Kepler-224 d,0.20500000,0.01860000,11.34939300000,5018.00
Kepler-30 b,0.34800000,0.03600000,29.33434000000,5498.00
Kepler-1977 b,0.14809554,0.01070000,4.53702121000,4805.00
Kepler-1499 b,0.10616469,0.00570000,44.20080000000,5097.00
Kepler-850 b,0.15880096,0.01200000,7.19303878000,5932.00
HIP 79098 AB b,1.08000000,20.50000000,,9193.75
Kepler-851 b,0.14987956,0.01090000,8.50699658000,5455.00
KMT-2024-BLG-2242L b,0.34100000,0.04400000,,
TOI-3785 b,0.45856088,0.04703796,4.67473730000,3576.00
Kepler-241 c,0.22900000,0.02240000,36.06597800000,4699.00
Kepler-249 b,0.09700000,0.00416000,3.30653900000,3568.00
Kepler-325 d,0.24900000,0.02580000,38.71518500000,5752.00
Kepler-149 b,0.37600000,0.05190000,29.19894300000,5381.00
Kepler-1473 b,0.10616469,0.00570000,14.42735510000,6046.00
Kepler-1501 b,0.13917388,0.00961000,14.55645330000,6229.00
EPIC 212737443 c,0.23998573,0.02420000,65.55000000000,4684.00
Kepler-476 b,0.27477920,0.03050000,14.00640607000,5837.00
DE CVn b,1.10000000,12.02930278,4098.10000000000,3579.00
GJ 740 b,0.13700000,0.00931315,2.37756000000,3913.00
Kepler-838 b,0.24355429,0.02490000,15.74957994000,5770.00
TRAPPIST-1 b,0.09956302,0.00432309,1.51082600000,2566.00
HATS-30 b,1.17500000,0.70600000,3.17435160000,5943.00
Kepler-1949 b,0.19802384,0.01750000,2.20828008700,6028.00
Kepler-1993 b,0.37023884,0.05060000,26.65657370000,5159.00
Kepler-1954 b,0.16079601,0.01230000,5.88343000400,5840.00
Kepler-238 e,0.50000000,0.53400000,23.65400000000,5800.00
Kepler-1917 b,0.16858918,0.01330000,12.90240002000,5530.00
Kepler-1710 b,0.28525707,0.01099626,14.91110039000,5650.00
Kepler-342 c,0.17500000,0.01420000,26.23413800000,6175.00
K2-334 b,0.50406011,0.08540000,5.11398100000,6502.00
Kepler-106 c,0.22300000,0.03300000,13.57080000000,5858.00
Kepler-837 b,0.22838790,0.02230000,16.56059504000,5403.00
Kepler-273 c,0.17700000,0.01440000,8.01492700000,5626.00
Kepler-1391 b,0.14987956,0.01090000,54.40923330000,5840.00
Kepler-1543 b,0.24177001,0.02450000,6.96710269000,6561.00
Kepler-1580 b,0.18824159,0.01600000,56.64492790000,6228.00
Kepler-621 b,0.20519226,0.01860000,2.62811374600,4521.00
Kepler-150 c,0.32900000,0.04150000,7.38199800000,5560.00
Kepler-1476 b,0.14898742,0.01080000,10.35863224000,5663.00
Kepler-1513 b,0.76670665,0.15200000,160.88420000000,5491.00
GJ 682 c,0.25800000,0.02737312,57.32000000000,3028.00
7 CMa c,1.24000000,0.87000000,996.00000000000,4826.00
K2-348 c,0.23820186,0.02390000,12.55017100000,5077.00
Kepler-301 b,0.12000000,0.00752000,2.50855300000,5815.00
Kepler-1749 b,0.14390406,0.01020000,14.53409958000,3957.00
BD+55 362 b,1.25000000,0.72000000,265.59000000000,5012.00
HD 124330 b,1.25000000,0.75000000,270.66000000000,5873.00
Kepler-327 c,0.09200000,0.06400000,5.21233300000,3799.00
Kepler-329 b,0.12500000,0.00800000,7.41639700000,4257.00
Kepler-336 c,0.18700000,0.01590000,9.60000100000,5867.00
Kepler-1392 b,0.17485949,0.01420000,15.14103970000,5479.00
Kepler-1934 b,0.08145944,0.00221000,1.41975998900,5925.00
Kepler-1965 b,0.12080950,0.00756000,41.86869812000,5852.00
Kepler-1696 b,0.25067537,0.02610000,65.94090000000,5712.00
Kepler-1660 AB b,1.15000000,4.99200000,239.50440000000,6305.24
WASP-167 b,1.58000000,8.00000000,2.02195960000,7000.00
Kepler-299 c,0.23600000,0.02360000,6.88587500000,5617.00
HD 213472 b,1.17000000,3.50000000,17000.00000000000,5729.54
HD 26161 b,1.06000000,28.46000000,10942.29013000000,6057.62
Kepler-304 e,0.10705683,0.00588000,1.49914695300,4817.00
Kepler-341 e,0.17800000,0.01450000,42.47326900000,6012.00
Kepler-27 d,0.24143093,0.02450000,6.54628992100,5251.00
Kepler-341 b,0.10500000,0.00553000,5.19552800000,6012.00
Kepler-1935 b,0.22327784,0.02140000,3.95140004200,5570.00
Kepler-80 b,0.23820145,0.02180411,7.05246000000,4540.00
Kepler-1997 b,0.20340833,0.01830000,26.75758660000,6215.00
GJ 229 A c,0.25600000,0.02700000,121.93268000000,3564.00
GJ 720 A b,0.33600000,0.04291624,19.46600000000,3837.00
HD 152843 c,0.52993222,0.03042522,19.50210400000,6310.00
Kepler-94 b,0.31300000,0.03400000,2.50806000000,4781.00
Kepler-305 c,0.29400000,0.01900000,8.29100000000,5080.00
Kepler-784 c,0.13828198,0.00951000,17.15723600000,5676.00
Kepler-279 d,0.27700000,0.11800000,54.41400000000,6689.45
Kepler-58 e,0.14363483,1.88087656,4.45814897000,6100.00
Kepler-770 c,0.10705683,0.00588000,1.47532231400,5598.00
Kepler-1397 b,0.15344812,0.01130000,47.44995500000,6026.00
Kepler-169 d,0.11200000,0.00660000,8.34812500000,4997.00
Kepler-438 b,0.10000000,0.00459000,35.23319000000,3748.00
Kepler-201 b,0.21900000,0.02080000,25.67208300000,6065.00
TOI-519 b,1.03000000,0.46300000,1.26523280000,3322.00
GJ 1061 c,0.10500000,0.00547462,6.68900000000,2953.00
Kepler-298 b,0.17500000,0.01420000,10.47546400000,4465.00
KIC 8121913 b,1.19000000,2.10000000,3.29460100000,5975.30
HD 80869 b,1.15000000,5.06500000,1752.92067000000,5837.00
Kepler-305 e,0.16003348,0.01220000,3.20538000000,4974.00
Kepler-101 b,0.51000000,0.16000000,3.48768120000,5667.00
Kepler-295 d,0.12100000,0.00761000,33.88405400000,5603.00
Kepler-1669 d,0.10884130,0.00624000,4.72941177000,4224.00
Kepler-295 c,0.10400000,0.00537000,21.52625800000,5603.00
Kepler-1889 b,0.26261147,0.02820000,37.30369949000,5646.00
Kepler-1547 b,0.08029262,0.00210000,0.69297967600,6078.00
Kepler-1620 b,0.14363458,0.01010000,101.95182900000,6157.00
TYC 8998-760-1 b,1.10000000,14.00000000,,4573.00
CoRoT-30 b,1.00900000,2.90000000,9.06005000000,5650.00
CoRoT-31 b,1.46000000,0.84000000,4.62941000000,5700.00
K2-350 b,0.13738983,0.00940000,4.16387300000,5789.00
K2-352 b,0.12222342,0.00771000,3.66591200000,5791.00
Kepler-865 c,0.07940062,0.00201000,6.20920207000,5440.00
Kepler-69 c,0.15300000,0.01120000,242.46130000000,5638.00
Kepler-431 b,0.06800000,0.00117000,6.80300000000,6004.00
Kepler-196 d,0.23736830,0.02380000,122.08000180000,5132.00
Kepler-1609 b,0.19805513,0.01750000,114.34219000000,6132.00
Kepler-1610 c,0.18645763,0.01580000,44.98518850000,5295.00
Kepler-1968 b,0.13382487,0.00899000,7.28109979600,5008.00
Kepler-1047 c,0.08832188,0.00295000,3.18897601000,5754.00
HD 164922 d,0.16300000,0.01258534,12.45800000000,5390.00
Kepler-88 d,1.17000000,3.05046460,1403.00000000000,5466.00
GJ 338 B b,0.29000000,0.03335133,24.42200000000,4014.00
EPIC 201427007 b,0.13382127,0.00899000,0.72091000000,5633.00
EPIC 212624936 b,0.10705701,0.00588000,0.57865700000,5765.00
K2-133 b,0.11954679,0.00742000,3.07133000000,3655.00
Kepler-84 f,0.19600000,0.01720000,44.55216900000,6031.00
Kepler-117 c,1.10100000,1.84000000,50.79039100000,6150.00
Kepler-1550 b,0.26942635,0.02950000,225.58280900000,5991.00
Kepler-443 b,0.21000000,0.01900000,177.66930000000,4723.00
HATS-4 b,1.02000000,1.32300000,2.51672900000,5403.00
Kepler-160 d,,0.31463361,30.00000000000,5471.00
HD 39194 c,0.21300000,0.01982202,14.03000000000,5205.00
Kepler-294 c,0.24200000,0.02450000,6.62640000000,5913.00
TOI-2567 b,0.97500000,0.20100000,5.98394400000,5611.00
Kepler-92 d,0.18440539,0.03733640,49.35680000000,5904.34
Kepler-1429 b,0.11508609,0.00696000,4.48487493000,5902.00
Kepler-616 d,0.23668521,0.02370000,51.06740189000,6004.00
Kepler-1705 b,0.18110478,0.01406419,9.03502000000,6312.00
Kepler-274 c,0.16400000,0.01270000,33.19786100000,6023.00
Kepler-1488 c,0.14734324,0.01060000,6.15826988200,5710.00
Kepler-1489 b,0.15790882,0.01190000,82.29475100000,5655.00
TYC 8998-760-1 c,1.10000000,6.00000000,,4573.00
BD-11 4672 c,0.36000000,0.04835919,74.20000000000,4550.00
K2-315 b,0.08475332,0.00254000,3.14431890000,3300.00
KELT-4 A b,1.69900000,0.90200000,2.98959320000,6206.00
TOI-561 b,0.12463221,0.00635563,0.44656970000,5342.00
Kepler-1492 b,0.13292890,0.00889000,16.75255007000,4712.00
Kepler-352 d,0.07193164,0.00141000,6.88727998700,5208.00
HIP 4845 b,0.34700000,0.04530724,34.15000000000,4010.00
K2-316 b,0.11865465,0.00733000,1.13300000000,3436.00
Kepler-292 f,0.21000000,0.01930000,20.83423700000,5299.00
Kepler-1410 b,0.15880096,0.01200000,60.86616800000,4092.00
Kepler-575 b,0.21322152,0.01980000,9.37891944000,5710.00
Kepler-1434 b,0.09902757,0.00444000,8.05333618000,6291.00
Kepler-1653 b,0.19359443,0.01680000,140.25240000000,4807.00
Kepler-627 b,0.33276831,0.04220000,40.69944430000,6424.00
Kepler-1962 b,0.10836305,0.00614000,7.99145984600,5700.00
K2-320 b,0.23374074,0.02320000,1.99500000000,3157.00
K2-323 b,0.18734945,0.01590000,24.93000000000,3710.00
K2-318 b,0.14809528,0.01070000,7.01000000000,3851.00
TOI-784 b,0.17218336,0.03042522,2.79703650000,5558.00
Kepler-290 c,0.24100000,0.02440000,36.77031000000,5147.00
Kepler-317 c,0.15300000,0.01130000,8.77501000000,5497.00
Kepler-1411 b,0.25158355,0.02630000,86.11508880000,5664.00
Kepler-1435 b,0.07672406,0.00178000,4.45343281000,6356.00
Kepler-215 e,0.15600000,0.01170000,68.16101000000,5739.00
Kepler-1576 b,0.09278259,0.00352000,6.98471973000,5876.00
Kepler-1593 b,0.28280846,0.03200000,174.50983500000,4995.00
Kepler-1915 b,0.28708981,0.03290000,13.83539963000,6020.00
Kepler-638 b,0.16326166,0.01260000,6.07972888000,5382.00
WASP-141 b,1.21000000,2.69000000,3.31065100000,5900.00
TOI-1450 A b,0.10081202,0.00395811,2.04392740000,3437.00
EPIC 201170410.02,0.09340708,0.00360000,6.79870000000,3648.00
Wolf 503 b,0.18226457,0.01969616,6.00127000000,4716.00
G 9-40 b,0.16950694,0.01258541,5.74599820000,3395.00
Kepler-401 c,0.19200000,0.01660000,47.31821800000,6117.00
Kepler-1437 b,0.12222321,0.00771000,10.92954610000,5557.00
Kepler-220 b,0.07200000,0.00144000,4.15980700000,4632.00
Kepler-703 b,0.73155500,0.16100000,4.58352175600,6185.00
Kepler-1425 b,0.08386118,0.00245000,14.45413020000,5718.00
Kepler-1350 c,0.15434026,0.01150000,1.76678906200,3827.00
Kepler-354 c,0.11700000,0.00714000,16.93440200000,4648.00
Kepler-1699 b,0.13977262,0.00968000,3.49082000000,5575.53
Kepler-206 c,0.15800000,0.01190000,13.13747100000,5764.00
Kepler-702 b,0.81809260,0.19400000,10.52629406300,5419.00
Kepler-2001 b,0.09278275,0.00352000,1.09001100300,5081.00
Kepler-1928 b,0.17771464,0.01460000,19.57783000000,5720.00
Kepler-439 b,0.20000000,0.01780000,178.13960000000,5431.00
Kepler-1801 c,0.25961326,0.02770000,116.58318300000,5738.00
Kepler-639 b,0.21232938,0.01970000,10.21420496000,5896.00
HIP 18606 b,1.25000000,0.77000000,674.94000000000,4860.00
Kepler-171 b,0.20900000,0.01910000,4.16697200000,5642.00
Kepler-1526 b,0.21679008,0.02040000,3.90863200500,4601.00
HD 86065 b,1.12000000,9.05300000,25775.78859000000,4927.56
HD 115404 A c,1.11000000,10.31900000,15319.22517000000,5019.17
Kepler-408 b,0.07300000,0.01573168,2.46502000000,6104.00
K2-411 b,0.08830419,0.00295000,3.21410000000,5711.00
K2-412 b,0.18877720,0.01610000,5.93820000000,5590.00
GJ 143 b,0.23284860,0.07142183,35.61253000000,4640.00
GJ 1002 b,0.09190000,0.00339806,10.34650000000,3024.00
HD 5278 c,0.40100000,0.05789287,40.87000000000,6203.00
PZ Tel b,1.07000000,27.00000000,44000.00000000000,5169.00
GJ 1151 c,0.29000000,0.03341426,389.70000000000,3280.00
HIP 99770 b,1.09000000,16.10000000,18600.00000000000,8000.00
CoRoT-4 b,1.19000000,0.72000000,9.20205000000,6190.00
Kepler-935 b,0.12043893,0.00752000,4.88083852000,4830.00
Kepler-917 b,0.17039879,0.01360000,2.97041437500,5418.00
HD 167677 b,1.18000000,2.85000000,1820.00000000000,5474.00
HD 94771 b,1.27000000,0.53000000,2164.00000000000,5631.00
Kepler-1760 b,0.20429649,0.01840000,38.32609940000,5229.00
MWC 758 c,,,,7314.00
HD 135625 b,1.19000000,2.30000000,4055.00000000000,6040.64
HD 185283 b,1.22000000,1.30000000,4060.00000000000,4848.00
Kepler-1978 b,0.23820186,0.02390000,10.84969477000,5251.00
Kepler-1773 b,0.31266848,0.03800000,40.80970001000,6183.00
TOI-5789 d,0.17000000,0.01349785,29.65000000000,5185.00
Kepler-975 b,0.13203676,0.00879000,1.97034245700,4897.00
Kepler-1009 b,0.19359443,0.01680000,11.35011917000,4027.00
Kepler-1035 b,0.10438041,0.00537000,2.71407755500,5763.00
Kepler-322 c,0.14900000,0.01080000,4.33723400000,5388.00
Kepler-949 b,0.25961281,0.02770000,8.68930729600,5403.00
Kepler-66 b,0.25000000,0.02590000,17.81581500000,5962.00
Kepler-479 b,0.18913373,0.01620000,12.49341307000,5247.00
KOI-351 d,0.25600000,0.02710000,59.73667000000,6080.00
Kepler-908 b,0.10884111,0.00624000,1.34059746800,5973.00
Kepler-1677 b,0.24107073,0.02440000,22.06400000000,6013.72
Kepler-473 b,0.36399322,0.04920000,14.55731705000,5816.00
KOI-1783.01,0.79043626,0.22338986,134.46280000000,5922.00
HD 109988 b,1.08000000,21.82100000,17132.15854000000,5185.97
Kepler-909 b,0.13114462,0.00869000,13.93290318000,6154.00
HD 11112 b,1.12000000,8.17600000,17244.90764000000,5905.64
HATS-27 b,1.50000000,0.53000000,4.63703800000,6438.00
HD 11505 b,1.12000000,7.89900000,32669.22247000000,5757.15
HD 122562 c,0.90300000,0.23000000,84.96276000000,4956.00
HD 135872 b,1.14000000,5.48900000,2422.32597000000,4992.00
HD 113337 c,1.08000000,19.82100000,5429.93477000000,6774.00
HD 151450 c,1.15000000,5.14800000,18144.76236000000,6091.98
HD 188641 b,1.06000000,29.36500000,14583.81038000000,5897.32
HD 13724 c,0.72900000,0.16000000,142.22895000000,5835.31
Kepler-50 b,0.15300000,0.02800253,7.81254000000,6225.00
HD 205158 b,1.24000000,0.39200000,25.33798000000,6133.55
Kepler-162 b,0.11200000,0.00669000,6.91979800000,5816.00
Kepler-176 b,0.12800000,0.91413163,5.43307400000,5232.00
K2-189 c,0.20608475,0.01870000,6.67932000000,5442.00
K2-126 b,0.17575163,0.01430000,7.38565500000,4339.00
K2-110 b,0.23124315,0.05002699,13.86375000000,5010.00
KMT-2018-BLG-0247L b,1.19000000,2.11000000,,
KMT-2021-BLG-1372L b,0.81400000,0.19277698,,
Kepler-193 c,0.24500000,0.02520000,50.69749400000,6335.00
Kepler-464 b,0.29440628,0.03430000,7.25696522400,5933.00
Kepler-244 b,0.24600000,0.02530000,4.31179200000,5554.00
Kepler-183 b,0.18400000,0.01540000,5.68794500000,5888.00
K2-193 b,0.35239540,0.04650000,14.78688900000,5817.00
EPIC 212587672 c,0.20697689,0.01890000,23.22855500000,6004.00
K2-197 b,0.22838790,0.02230000,8.35788100000,5667.00
Kepler-180 c,0.26900000,0.02930000,41.88577500000,5731.00
KMT-2021-BLG-1105L b,1.22000000,1.30000000,,
KMT-2021-BLG-0712L b,0.61600000,0.12015918,,
Kepler-209 b,0.20200000,0.01800000,16.08784500000,5513.00
Kepler-1729 b,0.34740374,0.04540000,4.22097015400,3837.00
Kepler-81 b,0.21600000,0.05400000,5.95500000000,4385.00
K2-198 d,0.21750379,0.02050000,7.45001770000,5212.90
Kepler-501 b,0.38362031,0.05370000,5.64067757200,5904.00
K2-198 c,0.12695156,0.00822000,3.35960550000,5212.90
OGLE-2013-BLG-0132L b,1.03000000,0.29000000,,
KMT-2018-BLG-1996L b,1.23000000,1.09000000,,
OGLE-2018-BLG-1647L b,1.23000000,0.97000000,,
Kepler-853 b,0.15077170,0.01100000,7.16892463000,6350.00
Kepler-883 b,0.15880096,0.01200000,12.98495573000,6116.00
Kepler-54 b,0.18700000,0.00308342,8.01094340000,3705.00
Kepler-1631 b,0.12043893,0.00752000,4.09513932000,5679.00
Kepler-155 b,0.18600000,0.01580000,5.93119400000,4508.00
Kepler-100 c,0.19600000,0.02218167,12.81590000000,5825.00
K2-377 b,0.15103960,0.01100000,12.83223500000,4200.00
KMT-2018-BLG-1743L b,0.93700000,0.24500000,,
OGLE-2017-BLG-1434L b,0.17300000,0.01393834,,
KMT-2019-BLG-2783L b,1.22000000,1.16000000,,
HAT-P-53 b,1.31800000,1.48400000,1.96162410000,5956.00
Kepler-877 b,0.18913373,0.01620000,18.45847097000,5261.00
TOI-2196 b,0.31314176,0.08180515,1.19472680000,5634.00
Kepler-1730 b,0.40014746,0.05770000,13.81019974000,5942.00
Kepler-1639 b,0.23017218,0.02260000,9.87848200000,6150.00
Kepler-559 b,0.32206263,0.03990000,17.58752333000,5630.00
Kepler-121 b,0.20900000,0.01910000,3.17742200000,5311.00
Kepler-55 d,0.14200000,0.00993000,2.21109900000,4503.00
Kepler-82 c,0.47640289,0.04373407,51.54000000000,5401.00
Kepler-561 c,0.23909359,0.02410000,5.35016198300,5646.00
Kepler-172 c,0.25500000,0.02690000,6.38899600000,5526.00
OGLE-2017-BLG-0173L b,0.14500000,0.01029000,,
OGLE-2019-BLG-0304L b,1.27000000,0.51000000,,
OGLE-2019-BLG-0679L b,1.17000000,3.34000000,,
Kepler-867 b,0.41395307,0.06120000,150.24212700000,5541.00
Kepler-187 c,0.23800000,0.02390000,10.64026300000,6105.00
Kepler-250 c,0.20300000,0.01830000,7.15680400000,5160.00
Kepler-540 b,0.24177001,0.02450000,172.70497840000,5946.00
Kepler-1388 d,0.25515211,0.02690000,20.95681580000,4098.00
Kepler-1534 b,0.16861451,0.01330000,5.71668872000,5442.00
PSR B1257+12 c,0.17000000,0.01352925,66.54190000000,
Kepler-215 b,0.14500000,0.01020000,9.36067200000,5739.00
OGLE-2017-BLG-0373L b,1.25000000,0.40100000,,
OGLE-2017-BLG-1140L b,1.21000000,1.59000000,,
KMT-2021-BLG-1547L b,1.21000000,1.47000000,,
MOA-2020-BLG-208L b,0.68800000,0.14473219,,
Kepler-1669 c,0.16961486,0.01340000,1.60932004500,4224.00
Kepler-1668 b,0.38787082,0.05480000,15.43400000000,5542.00
Kepler-210 c,0.32300000,0.04010000,7.97251300000,4559.00
Kepler-347 d,0.27121110,0.02980000,85.51734400000,5592.00
Kepler-650 b,0.26407351,0.02850000,3.03214558800,5849.00
Kepler-191 d,0.20340798,0.01830000,5.94504101700,5215.00
Kepler-1518 c,0.25872112,0.02750000,9.63102580000,6432.00
KMT-2019-BLG-0297L b,1.08000000,19.00000000,,
OGLE-2019-BLG-1180L b,1.20000000,1.74700000,,
Kepler-304 b,0.25500000,0.02690000,3.29570900000,4731.00
Kepler-49 b,0.23008337,0.03073986,7.20000000000,4095.60
Kepler-1726 b,0.22380443,0.02150000,18.39629936000,5316.00
Kepler-614 b,0.21322152,0.01980000,14.03491514000,5268.00
Kepler-258 b,0.36200000,0.04880000,13.19722000000,4942.00
Kepler-259 b,0.25000000,0.02590000,8.11531700000,5938.00
PSR J1719-1438 b,,1.20000000,0.09070629300,4500.00
MOA-2015-BLG-337L b,0.57200000,0.10600000,,
KMT-2023-BLG-0735L b,0.62200000,0.12200000,,
KMT-2023-BLG-1431L b,0.33500000,0.04279039,,
Kepler-84 b,0.19900000,0.12600000,8.72600000000,6039.00
Kepler-310 c,0.30200000,0.03570000,56.47542000000,5797.00
Kepler-616 b,0.21679008,0.02040000,9.99761851000,5753.00
Kepler-222 b,0.28200000,0.03190000,3.93698100000,5433.00
MOA-2011-BLG-293L b,1.15000000,4.80000000,3000.00000000000,
OGLE-2019-BLG-1470L AB c,1.19000000,2.20000000,,
Kepler-1758 b,0.22933382,0.02240000,9.97721004500,5557.00
Kepler-905 b,0.12579177,0.00809000,5.08274651700,5461.00
Kepler-276 b,0.25600000,2.30064080,14.12841000000,6105.00
Kepler-164 c,0.24400000,0.02490000,10.94572300000,5888.00
Kepler-165 b,0.20700000,0.01890000,8.18084800000,5211.00
KOI-7368 b,0.19800000,0.01750000,6.84303440000,5241.00
OGLE-2016-BLG-1067L b,1.28000000,0.43000000,,
KMT-2023-BLG-1866L b,0.12700000,0.00827491,,
Kepler-284 c,0.23300000,0.02300000,37.51445600000,5615.00
Kepler-277 c,0.30000000,0.20200000,33.00600000000,5946.00
Kepler-1629 b,0.06869480,0.00120000,3.87595807000,5776.00
Kepler-663 b,0.23195646,0.02290000,4.99678284000,5264.00
Kepler-227 b,0.27700000,0.03100000,9.48801500000,5854.00
WISEP J121756.91+162640.2 A b,0.93400000,22.00000000,,575.00
KMT-2021-BLG-0119L b,1.14000000,5.52000000,,
KMT-2017-BLG-0673L b,1.16000000,3.67000000,,
KMT-2022-BLG-2286L b,1.08000000,19.00000000,,
Kepler-290 b,0.20100000,0.01790000,14.58934700000,5147.00
K2-35 c,0.17218307,0.01380000,5.60835200000,4402.71
Kepler-229 c,0.43900000,0.06760000,16.06863800000,5120.00
K2-37 b,0.12400771,0.00790000,4.44340000000,5352.00
K2-44 b,0.21705772,0.02040000,5.65700000000,5912.00
MOA-2011-BLG-322L b,1.11000000,11.60000000,,
OGLE-2013-BLG-0911L b,1.12000000,9.51000000,,
KMT-2023-BLG-2209L b,1.24000000,0.80000000,,
Kepler-302 b,0.36200000,0.04880000,30.18410400000,5740.00
Kepler-665 b,0.23195646,0.02290000,16.01310205000,4913.00
K2-289 b,0.81184762,0.19200000,13.15696900000,5529.00
K2-367 b,0.21527381,0.02020000,20.64509900000,4348.00
K2-62 b,0.18021264,0.01490000,6.67199000000,4455.00
OGLE-2006-BLG-109L c,0.99400000,0.27000000,4927.50000000000,
KMT-2018-BLG-0029L b,0.23800000,0.02390000,,
KMT-2019-BLG-1806L b,0.17900000,0.01469346,,
Kepler-84 c,0.21100000,0.06400000,12.88300000000,6039.00
K2-66 b,0.22214292,0.06701696,5.06963000000,5887.00
K2-72 b,0.09635115,0.00403000,5.57721200000,3360.47
K2-72 d,0.09010616,0.00317000,7.76017800000,3360.47
K2-65 b,0.14095816,0.00982000,12.64750000000,5213.00
OGLE-2015-BLG-0966L b,0.43300000,0.06600000,,
KMT-2018-BLG-1292L b,1.15000000,4.42000000,,
Kepler-119 c,0.08200000,0.00227000,4.12510300000,5595.00
Kepler-133 b,0.15700000,0.01180000,8.12997600000,5736.00
K2-183 c,0.20519261,0.01860000,10.78799200000,5482.00
K2-119 b,0.22571148,0.02180000,7.72728300000,4740.00
K2-86 b,0.17485949,0.01420000,8.77683000000,5482.00
KMT-2019-BLG-1953L b,1.26000000,0.64000000,,
OGLE-2018-BLG-0516L b,0.42200000,0.06324167,,
KMT-2016-BLG-1105L b,0.11800000,0.00729954,,
Kepler-153 c,0.22600000,0.02180000,46.90232000000,5404.00
Kepler-553 c,1.03300000,6.70000000,328.24017000000,5191.00
Kepler-672 b,0.22303506,0.02140000,38.37746230000,5627.00
K2-187 d,0.21411403,0.02000000,7.14958400000,5438.00
BD+42 2315 b,1.26000000,0.55000000,123.05000000000,4500.00
OGLE-2016-BLG-1093L b,1.25000000,0.71000000,,
KMT-2019-BLG-0953L b,0.36200000,0.04876845,,
Kepler-786 b,0.21679008,0.02040000,53.52934870000,4838.00
Kepler-275 c,0.30200000,0.03570000,16.08813400000,6165.00
Kepler-762 b,1.13123383,,3.77055209800,5944.00
NGTS-18 b,1.21000000,0.40900000,3.05125000000,5610.00
Kepler-32 e,0.13382104,0.01284281,2.89600000000,3900.00
Kepler-219 d,0.25100000,0.06000000,47.90364500000,5786.00
Kepler-235 e,0.19800000,0.01750000,46.18366900000,4255.00
Kepler-176 d,0.22400000,0.00541173,25.75197400000,5232.00
Kepler-82 e,0.22000000,0.79923630,5.90220600000,5428.00
Kepler-251 b,0.11900000,0.00733000,4.79093600000,5526.00
Kepler-53 c,0.28300000,0.11326867,38.55830380000,5858.00
Kepler-42 d,0.05100000,0.00112572,1.86516900000,3068.00
Kepler-253 b,0.14500000,0.01040000,3.78398600000,5208.00
Kepler-603 c,0.57989116,0.10800000,127.90757740000,5808.00
KOI-351 g,0.68855503,0.04719528,210.73514000000,6031.13
CD-35 2722 b,1.55000000,29.50000000,,3689.00
HD 86226 b,1.28000000,0.45000000,1628.00000000000,5863.00
HD 143811 AB b,1.40000000,6.10000000,117000.00000000000,6791.00
KMT-2024-BLG-1005L b,1.08000000,21.00000000,,
NGTS-34 b,0.32563175,0.06009532,43.12655000000,6134.00
OGLE-TR-113 b,1.09300000,1.26000000,1.43247520000,4790.00
Kepler-76 b,1.36000000,2.01000000,1.54492980000,6409.00
WASP-47 c,,1.40641928,589.57000000000,5565.00
WASP-55 b,1.31400000,0.58600000,4.46563100000,6096.00
TOI-4495 c,0.35953314,0.07299536,5.18553000000,6210.00
GJ 411 b,0.12900000,0.00846369,12.93940000000,3719.00
TOI-1774.01,0.24801541,0.02674399,16.70988000000,5746.00
TOI-2145 b,1.09200000,5.68000000,10.26112800000,6206.00
HD 136352 c,0.26014854,0.03536499,27.59221000000,5664.00
HD 192310 b,0.38100000,0.05320000,74.72000000000,5166.00
HD 176986 b,,4.68100000,6.49164000000,4931.00
